{
  "version": "4.5.9",
  "flags": {},
  "shapes": [
    {
      "label": "door",
      "points": [
        [
          355.0748752079867,
          143.7603993344426
        ],
        [
          355.0748752079867,
          127.45424292845259
        ],
        [
          359.7337770382696,
          127.95341098169717
        ],
        [
          365.2,
          129.2
        ],
        [
          371.5,
          131.1
        ],
        [
          375.0,
          132.6
        ],
        [
          378.5,
          135.3
        ],
        [
          381.2,
          139.0
        ],
        [
          381.5,
          139.8
        ],
        [
          384.4,
          135.9
        ],
        [
          387.2,
          133.6
        ],
        [
          391.5,
          131.3
        ],
        [
          397.1,
          129.6
        ],
        [
          403.6,
          128.3
        ],
        [
          408.7,
          127.8
        ],
        [
          408.9,
          143.7
        ],
        [
          406.5,
          143.8
        ],
        [
          406.3,
          131.2
        ],
        [
          401.3,
          131.7
        ],
        [
          396.3,
          133.0
        ],
        [
          391.1,
          134.5
        ],
        [
          387.3,
          137.9
        ],
        [
          385.2,
          141.0
        ],
        [
          384.4,
          144.0
        ],
        [
          384.2,
          145.8
        ],
        [
          380.4,
          145.8
        ],
        [
          379.4,
          142.0
        ],
        [
          378.1,
          139.6
        ],
        [
          375.1,
          137.4
        ],
        [
          372.6,
          135.6
        ],
        [
          369.2,
          134.0
        ],
        [
          365.6,
          132.9
        ],
        [
          363.2,
          132.0
        ],
        [
          359.8,
          131.8
        ],
        [
          357.8,
          131.7
        ],
        [
          358.1,
          144.3
        ]
      ],
      "group_id": null,
      "shape_type": "polygon",
      "flags": {}
    },
    {
      "label": "door",
      "points": [
        [
          341.5973377703827,
          179.53410981697172
        ],
        [
          363.3943427620632,
          179.8668885191348
        ],
        [
          363.8935108153078,
          177.70382695507487
        ],
        [
          362.39600665557407,
          173.37770382695507
        ],
        [
          359.7337770382696,
          169.05158069883527
        ],
        [
          355.7404326123128,
          165.72379367720467
        ],
        [
          351.08153078203,
          163.2279534109817
        ],
        [
          347.25457570715474,
          161.73044925124793
        ],
        [
          343.42762063227957,
          161.0648918469218
        ],
        [
          341.5973377703827,
          161.0648918469218
        ],
        [
          342.26289517470883,
          163.89351081530782
        ],
        [
          347.25457570715474,
          165.05823627287853
        ],
        [
          351.2479201331115,
          166.72212978369384
        ],
        [
          354.24292845257906,
          169.38435940099833
        ],
        [
          357.73710482529117,
          172.3793677204659
        ],
        [
          359.4009983361065,
          174.5424292845258
        ],
        [
          360.06655574043265,
          177.03826955074877
        ],
        [
          341.5973377703827,
          176.37271214642263
        ]
      ],
      "group_id": null,
      "shape_type": "polygon",
      "flags": {}
    },
    {
      "label": "door",
      "points": [
        [
          382.8618968386023,
          198.50249584026622
        ],
        [
          383.02828618968385,
          184.8585690515807
        ],
        [
          387.8535773710483,
          185.3577371048253
        ],
        [
          395.6738768718802,
          187.02163061564062
        ],
        [
          399.00166389351085,
          188.5191347753744
        ],
        [
          402.6622296173045,
          191.1813643926789
        ],
        [
          404.6589018302829,
          194.17637271214642
        ],
        [
          407.6539101497504,
          191.68053244592346
        ],
        [
          411.8136439267887,
          188.5191347753744
        ],
        [
          417.8036605657238,
          186.68885191347755
        ],
        [
          423.46089850249587,
          185.02495840266224
        ],
        [
          426.7886855241265,
          184.1930116472546
        ],
        [
          426.955074875208,
          198.00332778702165
        ],
        [
          424.62562396006655,
          198.00332778702165
        ],
        [
          424.459234608985,
          188.0199667221298
        ],
        [
          419.9667221297837,
          189.01830282861897
        ],
        [
          414.9750415973378,
          190.34941763727122
        ],
        [
          410.4825291181364,
          193.0116472545757
        ],
        [
          408.31946755407654,
          195.0083194675541
        ],
        [
          407.6539101497504,
          196.83860232945094
        ],
        [
          407.4875207986689,
          199.83361064891847
        ],
        [
          403.82695507487523,
          199.83361064891847
        ],
        [
          403.49417637271216,
          196.33943427620633
        ],
        [
          400.83194675540767,
          193.34442595673877
        ],
        [
          397.3377703826955,
          191.1813643926789
        ],
        [
          392.67886855241267,
          189.6838602329451
        ],
        [
          389.6838602329451,
          189.1846921797005
        ],
        [
          386.522462562396,
          188.85191347753744
        ],
        [
          385.8569051580699,
          188.6855241264559
        ],
        [
          385.8569051580699,
          198.66888519134775
        ]
      ],
      "group_id": null,
      "shape_type": "polygon",
      "flags": {}
    },
    {
      "label": "door",
      "points": [
        [
          453.7254901960784,
          260.3921568627451
        ],
        [
          427.6470588235294,
          260.3921568627451
        ],
        [
          428.235294117647,
          265.09803921568624
        ],
        [
          429.8039215686274,
          269.2156862745098
        ],
        [
          433.1372549019607,
          272.5490196078431
        ],
        [
          436.86274509803917,
          274.3137254901961
        ],
        [
          441.17647058823525,
          276.27450980392155
        ],
        [
          445.09803921568624,
          277.0588235294117
        ],
        [
          449.8039215686274,
          278.0392156862745
        ],
        [
          451.76470588235287,
          278.43137254901956
        ],
        [
          453.7254901960784,
          278.62745098039215
        ],
        [
          453.3333333333333,
          275.4901960784313
        ],
        [
          447.84313725490193,
          274.70588235294116
        ],
        [
          442.5490196078431,
          273.52941176470586
        ],
        [
          438.82352941176464,
          271.5686274509804
        ],
        [
          435.68627450980387,
          269.60784313725486
        ],
        [
          432.5490196078431,
          265.68627450980387
        ],
        [
          431.96078431372547,
          263.52941176470586
        ],
        [
          453.92156862745094,
          263.52941176470586
        ]
      ],
      "group_id": null,
      "shape_type": "polygon",
      "flags": {}
    },
    {
      "label": "door",
      "points": [
        [
          371.7647058823529,
          384.313725490196
        ],
        [
          371.96078431372547,
          368.0392156862745
        ],
        [
          367.84313725490193,
          368.0392156862745
        ],
        [
          359.01960784313724,
          369.2156862745098
        ],
        [
          351.3725490196078,
          372.156862745098
        ],
        [
          347.0588235294117,
          375.8823529411764
        ],
        [
          344.313725490196,
          379.8039215686274
        ],
        [
          342.5490196078431,
          384.50980392156856
        ],
        [
          342.9411764705882,
          387.6470588235294
        ],
        [
          346.078431372549,
          387.6470588235294
        ],
        [
          345.8823529411764,
          383.92156862745094
        ],
        [
          347.25490196078425,
          380.5882352941176
        ],
        [
          350.78431372549016,
          377.0588235294117
        ],
        [
          356.4705882352941,
          374.1176470588235
        ],
        [
          360.78431372549016,
          372.156862745098
        ],
        [
          365.8823529411764,
          371.96078431372547
        ],
        [
          368.0392156862745,
          372.156862745098
        ],
        [
          368.0392156862745,
          383.7254901960784
        ]
      ],
      "group_id": null,
      "shape_type": "polygon",
      "flags": {}
    },
    {
      "label": "door",
      "points": [
        [
          454.50980392156856,
          380.5882352941176
        ],
        [
          429.01960784313724,
          380.3921568627451
        ],
        [
          428.6274509803921,
          377.0588235294117
        ],
        [
          429.60784313725486,
          372.156862745098
        ],
        [
          433.92156862745094,
          368.6274509803921
        ],
        [
          438.0392156862745,
          366.27450980392155
        ],
        [
          443.3333333333333,
          363.7254901960784
        ],
        [
          448.6274509803921,
          362.5490196078431
        ],
        [
          454.1176470588235,
          362.35294117647055
        ],
        [
          454.7058823529411,
          364.70588235294116
        ],
        [
          449.99999999999994,
          364.9019607843137
        ],
        [
          443.7254901960784,
          366.4705882352941
        ],
        [
          438.82352941176464,
          368.82352941176464
        ],
        [
          435.09803921568624,
          371.7647058823529
        ],
        [
          432.156862745098,
          375.2941176470588
        ],
        [
          431.56862745098033,
          377.45098039215685
        ],
        [
          454.9019607843137,
          377.6470588235294
        ]
      ],
      "group_id": null,
      "shape_type": "polygon",
      "flags": {}
    },
    {
      "label": "door",
      "points": [
        [
          493.31941544885177,
          389.77035490605425
        ],
        [
          493.1106471816284,
          405.01043841336116
        ],
        [
          489.9791231732777,
          405.6367432150313
        ],
        [
          484.7599164926931,
          405.01043841336116
        ],
        [
          479.54070981210856,
          404.384133611691
        ],
        [
          474.5302713987474,
          402.5052192066806
        ],
        [
          470.35490605427975,
          399.58246346555325
        ],
        [
          466.59707724425886,
          396.2421711899791
        ],
        [
          464.7181628392484,
          390.6054279749478
        ],
        [
          464.50939457202503,
          388.72651356993737
        ],
        [
          469.3110647181628,
          389.1440501043841
        ],
        [
          469.937369519833,
          394.1544885177453
        ],
        [
          473.69519832985384,
          397.7035490605428
        ],
        [
          479.1231732776618,
          400.2087682672234
        ],
        [
          486.43006263048017,
          401.87891440501045
        ],
        [
          490.03880983182404,
          402.0698576972833
        ],
        [
          490.16817593790427,
          389.6507115135834
        ]
      ],
      "group_id": null,
      "shape_type": "polygon",
      "flags": {}
    }
  ],
  "imagePath": "30691830.jpg",
  "imageData": null,
  "imageHeight": 513,
  "imageWidth": 513
}