{
  "version": "4.5.9",
  "flags": {},
  "shapes": [
    {
      "label": "door",
      "points": [
        [
          224.11587461436406,
          263.1722214229767
        ],
        [
          224.11587461436406,
          229.30978756054284
        ],
        [
          232.58148307997251,
          229.83888808964338
        ],
        [
          245.9214501510574,
          232.47734138972808
        ],
        [
          256.6465256797583,
          237.16012084592145
        ],
        [
          267.2205438066465,
          245.7703927492447
        ],
        [
          271.7349222334117,
          254.1775124282677
        ],
        [
          272.96072507552867,
          259.214501510574
        ],
        [
          273.1117824773414,
          263.7462235649547
        ],
        [
          269.4864048338369,
          263.7462235649547
        ],
        [
          269.33534743202415,
          259.9697885196374
        ],
        [
          268.58006042296074,
          255.89123867069492
        ],
        [
          265.70996978851963,
          251.05740181268882
        ],
        [
          260.42296072507554,
          246.0725075528701
        ],
        [
          256.797583081571,
          243.202416918429
        ],
        [
          250.90634441087616,
          239.2749244712991
        ],
        [
          245.31722054380666,
          236.85800604229607
        ],
        [
          238.06646525679758,
          234.89425981873111
        ],
        [
          230.96676737160124,
          233.98791540785498
        ],
        [
          229.9093655589124,
          233.98791540785498
        ],
        [
          229.9093655589124,
          264.1993957703927
        ],
        [
          223.86706948640486,
          264.9546827794562
        ]
      ],
      "group_id": null,
      "shape_type": "polygon",
      "flags": {}
    },
    {
      "label": "door",
      "points": [
        [
          227.3224043715847,
          462.2950819672131
        ],
        [
          227.59562841530052,
          426.775956284153
        ],
        [
          234.9726775956284,
          426.22950819672127
        ],
        [
          247.8142076502732,
          428.1420765027322
        ],
        [
          259.56284153005464,
          432.7868852459016
        ],
        [
          270.21857923497265,
          439.34426229508193
        ],
        [
          275.6,
          445.6
        ],
        [
          279.6,
          452.2
        ],
        [
          281.2,
          456.8
        ],
        [
          281.2,
          462.7
        ],
        [
          277.2,
          463.0
        ],
        [
          277.7,
          457.9
        ],
        [
          275.4,
          452.1
        ],
        [
          271.5,
          447.4
        ],
        [
          266.4,
          442.2
        ],
        [
          262.1,
          438.8
        ],
        [
          257.9,
          436.4
        ],
        [
          251.6,
          433.6
        ],
        [
          245.9,
          431.4
        ],
        [
          239.1,
          430.0
        ],
        [
          234.4,
          429.7
        ],
        [
          233.0,
          429.8
        ],
        [
          233.7,
          462.8
        ],
        [
          233.9,
          464.2
        ],
        [
          227.3,
          464.2
        ]
      ],
      "group_id": null,
      "shape_type": "polygon",
      "flags": {}
    },
    {
      "label": "door",
      "points": [
        [
          293.60852197070574,
          388.948069241012
        ],
        [
          243.8082556591212,
          388.814913448735
        ],
        [
          243.27563249001332,
          392.80958721704394
        ],
        [
          243.54194407456725,
          398.80159786950736
        ],
        [
          245.13981358189082,
          403.19573901464713
        ],
        [
          247.66977363515315,
          407.98934753661786
        ],
        [
          251.1318242343542,
          411.5845539280959
        ],
        [
          255.79227696404794,
          415.7123834886818
        ],
        [
          260.7190412782956,
          419.0412782956059
        ],
        [
          266.17842876165116,
          422.10386151797604
        ],
        [
          271.37150466045273,
          424.3675099866844
        ],
        [
          277.49667110519306,
          425.965379494008
        ],
        [
          283.0892143808256,
          427.1637816245007
        ],
        [
          289.08122503328894,
          427.43009320905463
        ],
        [
          293.60852197070574,
          427.56324900133154
        ],
        [
          293.7416777629827,
          424.5006657789614
        ],
        [
          286.8175765645806,
          424.23435419440744
        ],
        [
          281.0918774966711,
          423.30226364846874
        ],
        [
          274.56724367509986,
          421.1717709720373
        ],
        [
          267.50998668442077,
          418.9081225033289
        ],
        [
          262.84953395472706,
          416.1118508655127
        ],
        [
          258.1890812250333,
          413.3155792276964
        ],
        [
          254.72703062583224,
          410.3861517976032
        ],
        [
          252.33022636484688,
          407.323568575233
        ],
        [
          248.86817576564582,
          402.2636484687084
        ],
        [
          247.27030625832225,
          398.2689747003995
        ],
        [
          246.60452729693742,
          393.60852197070574
        ],
        [
          293.60852197070574,
          393.7416777629827
        ]
      ],
      "group_id": null,
      "shape_type": "polygon",
      "flags": {}
    }
  ],
  "imagePath": "30957516.jpg",
  "imageData": null,
  "imageHeight": 513,
  "imageWidth": 513
}