{
  "version": "4.5.9",
  "flags": {},
  "shapes": [
    {
      "label": "door",
      "points": [
        [
          127.29970326409496,
          132.34421364985164
        ],
        [
          169.73293768545994,
          132.34421364985164
        ],
        [
          170.02967359050444,
          128.486646884273
        ],
        [
          168.0,
          124.3
        ],
        [
          163.8,
          119.1
        ],
        [
          158.3,
          115.0
        ],
        [
          153.4,
          112.5
        ],
        [
          147.1,
          110.3
        ],
        [
          139.0,
          108.4
        ],
        [
          134.8,
          108.9
        ],
        [
          135.7,
          111.7
        ],
        [
          140.3,
          112.3
        ],
        [
          145.4,
          113.2
        ],
        [
          150.9,
          115.7
        ],
        [
          156.3,
          118.4
        ],
        [
          161.3,
          122.8
        ],
        [
          164.7,
          126.7
        ],
        [
          165.8,
          129.5
        ],
        [
          127.8,
          129.2
        ]
      ],
      "group_id": null,
      "shape_type": "polygon",
      "flags": {}
    },
    {
      "label": "door",
      "points": [
        [
          254.04663923182443,
          255.55555555555554
        ],
        [
          274.0740740740741,
          270.64471879286697
        ],
        [
          274.0740740740741,
          273.6625514403292
        ],
        [
          271.7421124828532,
          274.48559670781896
        ],
        [
          263.92318244170093,
          276.5432098765432
        ],
        [
          255.1440329218107,
          277.5034293552812
        ],
        [
          248.14814814814815,
          277.91495198902606
        ],
        [
          242.11248285322358,
          277.6406035665295
        ],
        [
          235.5281207133059,
          276.13168724279836
        ],
        [
          227.9835390946502,
          274.0740740740741
        ],
        [
          224.82853223593963,
          272.56515775034296
        ],
        [
          224.2798353909465,
          271.1934156378601
        ],
        [
          226.06310013717422,
          269.8216735253772
        ],
        [
          230.58984910836762,
          271.8792866941015
        ],
        [
          237.03703703703704,
          272.8395061728395
        ],
        [
          244.17009602194787,
          274.21124828532237
        ],
        [
          248.6968449931413,
          274.21124828532237
        ],
        [
          255.1440329218107,
          274.21124828532237
        ],
        [
          263.2373113854595,
          273.2510288065844
        ],
        [
          268.9986282578875,
          271.7421124828532
        ],
        [
          251.85185185185185,
          258.0246913580247
        ]
      ],
      "group_id": null,
      "shape_type": "polygon",
      "flags": {}
    },
    {
      "label": "door",
      "points": [
        [
          124.85436893203882,
          350.87378640776694
        ],
        [
          124.07766990291262,
          366.0194174757281
        ],
        [
          127.57281553398057,
          366.40776699029124
        ],
        [
          128.38427947598254,
          365.8296943231441
        ],
        [
          134.06113537117903,
          365.50218340611355
        ],
        [
          140.17467248908298,
          364.1921397379913
        ],
        [
          146.17903930131004,
          362.0087336244541
        ],
        [
          152.1834061135371,
          358.1877729257642
        ],
        [
          156.00436681222706,
          354.9126637554585
        ],
        [
          158.4061135371179,
          351.9650655021834
        ],
        [
          158.51528384279476,
          351.4192139737991
        ],
        [
          154.80349344978166,
          350.9825327510917
        ],
        [
          152.94759825327512,
          352.9475982532751
        ],
        [
          150.2183406113537,
          355.89519650655023
        ],
        [
          145.96069868995633,
          358.1877729257642
        ],
        [
          141.92139737991266,
          359.9344978165939
        ],
        [
          138.3187772925764,
          361.1353711790393
        ],
        [
          133.84279475982532,
          362.0087336244541
        ],
        [
          128.9301310043668,
          362.44541484716154
        ],
        [
          128.9301310043668,
          350.4366812227074
        ]
      ],
      "group_id": null,
      "shape_type": "polygon",
      "flags": {}
    },
    {
      "label": "door",
      "points": [
        [
          257.36568457538993,
          244.88734835355285
        ],
        [
          279.5493934142114,
          229.28942807625648
        ],
        [
          280.58925476603116,
          227.55632582322355
        ],
        [
          277.6429809358752,
          226.1698440207972
        ],
        [
          275.90987868284225,
          227.20970537261698
        ],
        [
          271.23050259965333,
          224.95667244367417
        ],
        [
          264.29809358752163,
          223.7435008665511
        ],
        [
          254.93934142114384,
          222.87694974003463
        ],
        [
          248.0069324090121,
          223.05025996533794
        ],
        [
          240.5545927209705,
          223.57019064124782
        ],
        [
          235.18197573656843,
          224.78336221837085
        ],
        [
          228.42287694974002,
          226.5164644714038
        ],
        [
          222.53032928942807,
          229.46273830155977
        ],
        [
          224.4367417677643,
          232.40901213171574
        ],
        [
          229.63604852686308,
          230.15597920277295
        ],
        [
          236.22183708838818,
          228.24956672443673
        ],
        [
          241.2478336221837,
          227.38301559792026
        ],
        [
          248.7001733102253,
          226.3431542461005
        ],
        [
          254.59272097053724,
          226.1698440207972
        ],
        [
          263.60485268630845,
          226.8630849220104
        ],
        [
          270.3639514731369,
          228.5961871750433
        ],
        [
          272.6169844020797,
          229.63604852686308
        ],
        [
          251.47313691507796,
          245.40727902946273
        ],
        [
          253.03292894280762,
          247.83362218370883
        ]
      ],
      "group_id": null,
      "shape_type": "polygon",
      "flags": {}
    }
  ],
  "imagePath": "31036152.jpg",
  "imageData": null,
  "imageHeight": 513,
  "imageWidth": 513
}