{
  "version": "4.5.9",
  "flags": {},
  "shapes": [
    {
      "label": "door",
      "points": [
        [
          247.4747474747475,
          285.6060606060606
        ],
        [
          274.74747474747477,
          285.6060606060606
        ],
        [
          275.0,
          287.8787878787879
        ],
        [
          273.73737373737373,
          292.67676767676767
        ],
        [
          270.7070707070707,
          296.4646464646465
        ],
        [
          265.90909090909093,
          299.74747474747477
        ],
        [
          260.6060606060606,
          302.27272727272725
        ],
        [
          254.54545454545456,
          303.7878787878788
        ],
        [
          249.74747474747474,
          304.54545454545456
        ],
        [
          248.23232323232324,
          304.54545454545456
        ],
        [
          248.23232323232324,
          300.5050505050505
        ],
        [
          251.7,
          300.5
        ],
        [
          256.8,
          299.7
        ],
        [
          261.0,
          298.1
        ],
        [
          265.4,
          295.6
        ],
        [
          268.6,
          292.7
        ],
        [
          271.3,
          289.3
        ],
        [
          247.5,
          289.3
        ]
      ],
      "group_id": null,
      "shape_type": "polygon",
      "flags": {}
    },
    {
      "label": "door",
      "points": [
        [
          237.94871794871796,
          327.6923076923077
        ],
        [
          238.0769230769231,
          344.1025641025641
        ],
        [
          236.15384615384616,
          345.12820512820514
        ],
        [
          230.25641025641025,
          344.2307692307692
        ],
        [
          223.33333333333334,
          341.6666666666667
        ],
        [
          216.2820512820513,
          337.8205128205128
        ],
        [
          211.66666666666669,
          332.1794871794872
        ],
        [
          210.25641025641025,
          327.43589743589746
        ],
        [
          212.43589743589743,
          327.05128205128204
        ],
        [
          214.4871794871795,
          331.53846153846155
        ],
        [
          217.56410256410257,
          334.87179487179486
        ],
        [
          223.71794871794873,
          338.46153846153845
        ],
        [
          230.3846153846154,
          341.1538461538462
        ],
        [
          235.25641025641025,
          341.4102564102564
        ],
        [
          235.0,
          327.43589743589746
        ]
      ],
      "group_id": null,
      "shape_type": "polygon",
      "flags": {}
    },
    {
      "label": "door",
      "points": [
        [
          155.62700964630227,
          251.60771704180064
        ],
        [
          155.30546623794214,
          266.2379421221865
        ],
        [
          156.91318327974278,
          267.2025723472669
        ],
        [
          161.57556270096464,
          267.363344051447
        ],
        [
          168.64951768488746,
          266.2379421221865
        ],
        [
          173.4726688102894,
          264.1479099678457
        ],
        [
          178.77813504823152,
          261.09324758842445
        ],
        [
          182.63665594855306,
          257.2347266881029
        ],
        [
          184.7266881028939,
          252.89389067524118
        ],
        [
          184.7266881028939,
          251.2861736334405
        ],
        [
          181.5112540192926,
          251.12540192926045
        ],
        [
          181.02893890675242,
          253.05466237942125
        ],
        [
          178.93890675241158,
          256.9131832797428
        ],
        [
          175.40192926045017,
          259.4855305466238
        ],
        [
          171.38263665594857,
          261.4147909967846
        ],
        [
          166.88102893890675,
          263.34405144694534
        ],
        [
          162.05787781350483,
          264.63022508038586
        ],
        [
          159.32475884244374,
          264.63022508038586
        ],
        [
          158.52090032154342,
          263.9871382636656
        ],
        [
          158.36012861736336,
          251.7684887459807
        ]
      ],
      "group_id": null,
      "shape_type": "polygon",
      "flags": {}
    },
    {
      "label": "door",
      "points": [
        [
          201.44694533762058,
          321.86495176848877
        ],
        [
          174.91961414790998,
          321.7041800643087
        ],
        [
          173.79421221864953,
          321.54340836012864
        ],
        [
          174.4372990353698,
          318.00643086816723
        ],
        [
          176.04501607717043,
          315.59485530546624
        ],
        [
          178.77813504823152,
          311.7363344051447
        ],
        [
          181.9935691318328,
          309.4855305466238
        ],
        [
          186.33440514469453,
          307.0739549839228
        ],
        [
          189.87138263665597,
          305.62700964630227
        ],
        [
          192.76527331189712,
          304.983922829582
        ],
        [
          195.4983922829582,
          304.5016077170418
        ],
        [
          198.07073954983923,
          304.5016077170418
        ],
        [
          198.39228295819936,
          305.9485530546624
        ],
        [
          198.39228295819936,
          306.7524115755627
        ],
        [
          195.17684887459808,
          307.55627009646304
        ],
        [
          191.63987138263667,
          308.36012861736333
        ],
        [
          187.459807073955,
          309.967845659164
        ],
        [
          184.40514469453376,
          311.4147909967846
        ],
        [
          182.475884244373,
          313.0225080385852
        ],
        [
          180.06430868167203,
          314.79099678456595
        ],
        [
          178.13504823151126,
          317.363344051447
        ],
        [
          177.491961414791,
          318.8102893890675
        ],
        [
          177.81350482315113,
          319.4533762057878
        ],
        [
          201.92926045016077,
          319.29260450160774
        ]
      ],
      "group_id": null,
      "shape_type": "polygon",
      "flags": {}
    },
    {
      "label": "door",
      "points": [
        [
          123.6241610738255,
          382.28187919463085
        ],
        [
          123.75838926174497,
          400.53691275167785
        ],
        [
          126.04026845637584,
          400.6711409395973
        ],
        [
          125.90604026845638,
          384.6979865771812
        ],
        [
          130.2013422818792,
          384.4295302013423
        ],
        [
          133.69127516778522,
          384.56375838926175
        ],
        [
          137.04697986577182,
          385.63758389261744
        ],
        [
          140.6711409395973,
          387.248322147651
        ],
        [
          144.02684563758388,
          388.99328859060404
        ],
        [
          146.84563758389262,
          391.5436241610738
        ],
        [
          150.06711409395973,
          394.2281879194631
        ],
        [
          151.27516778523488,
          397.18120805369125
        ],
        [
          152.751677852349,
          399.5973154362416
        ],
        [
          154.8993288590604,
          399.7315436241611
        ],
        [
          154.49664429530202,
          395.7046979865772
        ],
        [
          151.94630872483222,
          390.8724832214765
        ],
        [
          148.993288590604,
          388.05369127516775
        ],
        [
          144.6979865771812,
          385.23489932885906
        ],
        [
          140.40268456375838,
          383.3557046979866
        ],
        [
          136.7785234899329,
          381.87919463087246
        ],
        [
          131.81208053691276,
          381.20805369127515
        ],
        [
          126.30872483221476,
          381.0738255033557
        ],
        [
          124.42953020134227,
          381.0738255033557
        ]
      ],
      "group_id": null,
      "shape_type": "polygon",
      "flags": {}
    },
    {
      "label": "door",
      "points": [
        [
          248.15411115702014,
          380.7652402595227
        ],
        [
          248.2883393449396,
          399.0202738165697
        ],
        [
          250.57021853957048,
          399.1545020044892
        ],
        [
          250.43599035165101,
          383.1813476420731
        ],
        [
          254.73129236507384,
          382.91289126623417
        ],
        [
          258.2212252509799,
          383.04711945415363
        ],
        [
          261.5769299489665,
          384.1209449575093
        ],
        [
          265.20109102279196,
          385.73168321254286
        ],
        [
          268.55679572077855,
          387.4766496554959
        ],
        [
          271.3755876670873,
          390.0269852259657
        ],
        [
          274.5970641771544,
          392.711548984355
        ],
        [
          275.80511786842965,
          395.66456911858313
        ],
        [
          277.2816279355437,
          398.0806765011335
        ],
        [
          279.4292789422551,
          398.21490468905296
        ],
        [
          279.0265943784967,
          394.18805905146905
        ],
        [
          276.47625880802696,
          389.3558442863684
        ],
        [
          273.5232386737987,
          386.53705234005963
        ],
        [
          269.22793666037586,
          383.71826039375094
        ],
        [
          264.93263464695303,
          381.8390657628785
        ],
        [
          261.30847357312757,
          380.36255569576434
        ],
        [
          256.34203062010744,
          379.69141475616703
        ],
        [
          250.8386749154094,
          379.5571865682476
        ],
        [
          248.9594802845369,
          379.5571865682476
        ]
      ],
      "group_id": null,
      "shape_type": "polygon",
      "flags": {}
    },
    {
      "label": "door",
      "points": [
        [
          210.23622047244092,
          256.8503937007874
        ],
        [
          211.49606299212596,
          252.755905511811
        ],
        [
          214.48818897637793,
          249.44881889763778
        ],
        [
          217.4803149606299,
          246.77165354330705
        ],
        [
          222.04724409448818,
          244.25196850393698
        ],
        [
          226.77165354330708,
          242.2047244094488
        ],
        [
          230.0787401574803,
          241.41732283464566
        ],
        [
          234.01574803149603,
          240.94488188976376
        ],
        [
          237.9527559055118,
          240.78740157480314
        ],
        [
          239.0551181102362,
          241.1023622047244
        ],
        [
          239.0551181102362,
          257.1653543307086
        ],
        [
          236.22047244094486,
          257.1653543307086
        ],
        [
          236.53543307086613,
          244.09448818897636
        ],
        [
          233.54330708661416,
          244.09448818897636
        ],
        [
          229.6062992125984,
          244.72440944881888
        ],
        [
          226.77165354330708,
          245.51181102362202
        ],
        [
          223.46456692913384,
          246.77165354330705
        ],
        [
          220.78740157480314,
          248.97637795275588
        ],
        [
          218.26771653543304,
          251.02362204724406
        ],
        [
          214.96062992125982,
          253.7007874015748
        ],
        [
          214.01574803149603,
          257.00787401574803
        ]
      ],
      "group_id": null,
      "shape_type": "polygon",
      "flags": {}
    }
  ],
  "imagePath": "31450071.jpg",
  "imageData": null,
  "imageHeight": 513,
  "imageWidth": 513
}