{
  "version": "4.5.9",
  "flags": {},
  "shapes": [
    {
      "label": "door",
      "points": [
        [
          108.98502495840266,
          262.22961730449254
        ],
        [
          106.65557404326124,
          244.92512479201332
        ],
        [
          109.48419301164726,
          243.7603993344426
        ],
        [
          114.47587354409318,
          244.59234608985025
        ],
        [
          122.96173044925125,
          246.58901830282863
        ],
        [
          128.28618968386024,
          248.91846921797006
        ],
        [
          134.27620632279533,
          255.0748752079867
        ],
        [
          137.10482529118136,
          260.2329450915141
        ],
        [
          135.94009983361065,
          261.5640599001664
        ],
        [
          133.4442595673877,
          261.0648918469218
        ],
        [
          129.78369384359402,
          255.57404326123128
        ],
        [
          125.62396006655574,
          252.24625623960068
        ],
        [
          121.13144758735442,
          249.7504159733777
        ],
        [
          117.13810316139768,
          247.75374376039935
        ],
        [
          112.64559068219634,
          247.42096505823628
        ],
        [
          111.64725457570717,
          247.75374376039935
        ],
        [
          111.3144758735441,
          254.90848585690517
        ],
        [
          111.64725457570717,
          263.56073211314475
        ]
      ],
      "group_id": null,
      "shape_type": "polygon",
      "flags": {}
    },
    {
      "label": "door",
      "points": [
        [
          108.0,
          277.5
        ],
        [
          112.3,
          278.3
        ],
        [
          116.2,
          280.4
        ],
        [
          120.0,
          283.6
        ],
        [
          123.1,
          286.2
        ],
        [
          126.2,
          290.1
        ],
        [
          127.5,
          293.3
        ],
        [
          127.8,
          295.7
        ],
        [
          127.4,
          296.7
        ],
        [
          101.0,
          296.8
        ],
        [
          101.0,
          294.3
        ],
        [
          123.8,
          294.4
        ],
        [
          122.9,
          291.5
        ],
        [
          120.9,
          288.4
        ],
        [
          117.9,
          285.7
        ],
        [
          114.4,
          283.4
        ],
        [
          109.9,
          281.2
        ],
        [
          106.6,
          280.4
        ],
        [
          106.4,
          277.5
        ]
      ],
      "group_id": null,
      "shape_type": "polygon",
      "flags": {}
    },
    {
      "label": "door",
      "points": [
        [
          164.69366562824504,
          314.95327102803736
        ],
        [
          161.78608515057113,
          296.46936656282446
        ],
        [
          159.08618899273102,
          296.2616822429906
        ],
        [
          154.30944963655242,
          297.4039460020768
        ],
        [
          148.49428868120455,
          299.48078920041536
        ],
        [
          144.85981308411215,
          301.86915887850466
        ],
        [
          141.5368639667705,
          304.36137071651086
        ],
        [
          138.42159916926272,
          307.5804776739356
        ],
        [
          137.27933541017651,
          311.00726895119413
        ],
        [
          136.7601246105919,
          314.95327102803736
        ],
        [
          137.79854620976116,
          316.3032191069574
        ],
        [
          139.35617860851505,
          315.8878504672897
        ],
        [
          139.97923156801662,
          311.5264797507788
        ],
        [
          142.47144340602284,
          307.89200415368634
        ],
        [
          146.3136033229491,
          304.5690550363447
        ],
        [
          151.0903426791277,
          302.0768431983385
        ],
        [
          153.99792315680165,
          300.62305295950154
        ],
        [
          158.77466251298026,
          299.58463136033225
        ],
        [
          159.60539979231567,
          299.3769470404984
        ],
        [
          161.78608515057113,
          314.7455867082035
        ]
      ],
      "group_id": null,
      "shape_type": "polygon",
      "flags": {}
    },
    {
      "label": "door",
      "points": [
        [
          172.5,
          305.2
        ],
        [
          192.3,
          299.3
        ],
        [
          192.0,
          296.8
        ],
        [
          190.6,
          294.7
        ],
        [
          187.7,
          292.2
        ],
        [
          184.3,
          290.4
        ],
        [
          181.7,
          289.4
        ],
        [
          178.9,
          288.9
        ],
        [
          175.7,
          288.8
        ],
        [
          173.4,
          288.7
        ],
        [
          172.5,
          288.7
        ],
        [
          172.3,
          290.9
        ],
        [
          174.9,
          291.0
        ],
        [
          178.7,
          291.2
        ],
        [
          181.8,
          292.0
        ],
        [
          184.4,
          293.1
        ],
        [
          186.9,
          294.4
        ],
        [
          188.0,
          296.0
        ],
        [
          189.0,
          297.3
        ],
        [
          171.3,
          303.0
        ]
      ],
      "group_id": null,
      "shape_type": "polygon",
      "flags": {}
    },
    {
      "label": "door",
      "points": [
        [
          172.5,
          318.8
        ],
        [
          195.5,
          318.8
        ],
        [
          195.9,
          320.8
        ],
        [
          195.6,
          323.9
        ],
        [
          193.8,
          328.3
        ],
        [
          190.7,
          330.9
        ],
        [
          186.5,
          333.7
        ],
        [
          183.4,
          335.0
        ],
        [
          179.0,
          336.5
        ],
        [
          175.1,
          337.1
        ],
        [
          172.6,
          337.4
        ],
        [
          172.5,
          335.6
        ],
        [
          175.6,
          335.5
        ],
        [
          179.6,
          334.3
        ],
        [
          184.2,
          332.4
        ],
        [
          187.9,
          329.8
        ],
        [
          190.6,
          327.6
        ],
        [
          191.8,
          325.4
        ],
        [
          192.7,
          322.8
        ],
        [
          192.8,
          321.9
        ],
        [
          172.4,
          322.2
        ]
      ],
      "group_id": null,
      "shape_type": "polygon",
      "flags": {}
    },
    {
      "label": "door",
      "points": [
        [
          327.49244712990935,
          342.2960725075529
        ],
        [
          306.797583081571,
          342.2960725075529
        ],
        [
          305.1359516616314,
          342.9003021148036
        ],
        [
          305.74018126888217,
          348.03625377643505
        ],
        [
          308.4592145015106,
          352.11480362537765
        ],
        [
          312.5377643504532,
          354.9848942598187
        ],
        [
          316.3141993957704,
          356.34441087613294
        ],
        [
          321.6012084592145,
          358.3081570996979
        ],
        [
          325.0755287009063,
          358.3081570996979
        ],
        [
          325.226586102719,
          355.1359516616314
        ],
        [
          319.18429003021146,
          353.9274924471299
        ],
        [
          314.50151057401814,
          352.11480362537765
        ],
        [
          311.9335347432024,
          349.8489425981873
        ],
        [
          309.5166163141994,
          347.1299093655589
        ],
        [
          308.9123867069486,
          345.01510574018124
        ],
        [
          327.19033232628396,
          345.01510574018124
        ]
      ],
      "group_id": null,
      "shape_type": "polygon",
      "flags": {}
    }
  ],
  "imagePath": "31566489.jpg",
  "imageData": null,
  "imageHeight": 513,
  "imageWidth": 513
}