{
  "version": "4.5.9",
  "flags": {},
  "shapes": [
    {
      "label": "door",
      "points": [
        [
          89.1941391941392,
          186.63003663003664
        ],
        [
          89.1941391941392,
          165.018315018315
        ],
        [
          92.85714285714286,
          165.3846153846154
        ],
        [
          101.28205128205128,
          166.66666666666666
        ],
        [
          108.60805860805861,
          169.04761904761904
        ],
        [
          115.75091575091575,
          173.07692307692307
        ],
        [
          121.06227106227107,
          178.93772893772893
        ],
        [
          123.44322344322345,
          185.34798534798534
        ],
        [
          123.80952380952381,
          187.54578754578753
        ],
        [
          120.32967032967034,
          187.36263736263737
        ],
        [
          119.59706959706959,
          184.7985347985348
        ],
        [
          116.48351648351648,
          179.3040293040293
        ],
        [
          112.45421245421245,
          175.64102564102564
        ],
        [
          107.87545787545788,
          172.71062271062272
        ],
        [
          101.64835164835165,
          170.32967032967034
        ],
        [
          95.42124542124542,
          169.7802197802198
        ],
        [
          91.94139194139194,
          169.5970695970696
        ],
        [
          92.12454212454213,
          187.17948717948718
        ]
      ],
      "group_id": null,
      "shape_type": "polygon",
      "flags": {}
    },
    {
      "label": "door",
      "points": [
        [
          145.1,
          193.4
        ],
        [
          176.2,
          193.2
        ],
        [
          176.7,
          195.8
        ],
        [
          176.0,
          199.6
        ],
        [
          173.9,
          203.7
        ],
        [
          168.5,
          208.3
        ],
        [
          162.6,
          211.3
        ],
        [
          156.2,
          213.3
        ],
        [
          152.4,
          214.5
        ],
        [
          145.6,
          215.2
        ],
        [
          145.6,
          213.1
        ],
        [
          150.6,
          212.8
        ],
        [
          155.2,
          211.7
        ],
        [
          160.0,
          209.7
        ],
        [
          164.0,
          207.7
        ],
        [
          166.9,
          206.1
        ],
        [
          169.7,
          203.5
        ],
        [
          172.9,
          199.9
        ],
        [
          174.0,
          195.8
        ],
        [
          144.3,
          195.9
        ]
      ],
      "group_id": null,
      "shape_type": "polygon",
      "flags": {}
    },
    {
      "label": "door",
      "points": [
        [
          138.52201257861634,
          357.2327044025157
        ],
        [
          106.76100628930817,
          357.38993710691824
        ],
        [
          104.87421383647798,
          356.9182389937107
        ],
        [
          105.50314465408805,
          354.4025157232704
        ],
        [
          107.54716981132074,
          350.62893081761007
        ],
        [
          111.0062893081761,
          345.5974842767295
        ],
        [
          116.50943396226414,
          341.50943396226415
        ],
        [
          121.69811320754717,
          338.9937106918239
        ],
        [
          128.45911949685535,
          336.47798742138366
        ],
        [
          136.47798742138363,
          336.1635220125786
        ],
        [
          137.42138364779873,
          338.52201257861634
        ],
        [
          134.27672955974842,
          339.4654088050314
        ],
        [
          129.0880503144654,
          339.7798742138365
        ],
        [
          122.48427672955974,
          342.1383647798742
        ],
        [
          118.55345911949685,
          344.33962264150944
        ],
        [
          114.93710691823898,
          346.6981132075472
        ],
        [
          112.1069182389937,
          349.2138364779874
        ],
        [
          109.74842767295597,
          352.98742138364776
        ],
        [
          109.27672955974842,
          355.188679245283
        ],
        [
          138.52201257861634,
          355.188679245283
        ]
      ],
      "group_id": null,
      "shape_type": "polygon",
      "flags": {}
    },
    {
      "label": "door",
      "points": [
        [
          132.6302729528536,
          433.99503722084364
        ],
        [
          132.75434243176178,
          410.17369727047145
        ],
        [
          131.14143920595532,
          410.04962779156324
        ],
        [
          129.03225806451613,
          410.6699751861042
        ],
        [
          123.57320099255583,
          411.7866004962779
        ],
        [
          117.74193548387096,
          413.27543424317616
        ],
        [
          113.39950372208436,
          414.8883374689826
        ],
        [
          109.18114143920594,
          416.9975186104218
        ],
        [
          104.46650124069478,
          420.09925558312653
        ],
        [
          101.24069478908189,
          425.682382133995
        ],
        [
          98.75930521091811,
          429.9007444168734
        ],
        [
          100.24813895781637,
          431.6377171215881
        ],
        [
          101.61290322580645,
          430.52109181141435
        ],
        [
          103.97022332506202,
          426.9230769230769
        ],
        [
          106.57568238213399,
          423.5732009925558
        ],
        [
          109.55334987593051,
          421.09181141439205
        ],
        [
          113.77171215880892,
          418.36228287841186
        ],
        [
          118.61042183622828,
          416.62531017369724
        ],
        [
          122.82878411910669,
          415.38461538461536
        ],
        [
          125.9305210918114,
          414.7642679900744
        ],
        [
          128.90818858560795,
          414.51612903225805
        ],
        [
          130.64516129032256,
          414.2679900744417
        ],
        [
          130.3970223325062,
          434.3672456575682
        ]
      ],
      "group_id": null,
      "shape_type": "polygon",
      "flags": {}
    },
    {
      "label": "door",
      "points": [
        [
          262.48062015503876,
          129.7674418604651
        ],
        [
          292.86821705426354,
          136.43410852713177
        ],
        [
          292.86821705426354,
          138.75968992248062
        ],
        [
          291.0077519379845,
          139.84496124031008
        ],
        [
          287.28682170542635,
          143.72093023255815
        ],
        [
          282.94573643410854,
          146.51162790697674
        ],
        [
          278.29457364341084,
          149.14728682170542
        ],
        [
          271.47286821705427,
          150.85271317829458
        ],
        [
          265.4263565891473,
          152.09302325581396
        ],
        [
          262.48062015503876,
          152.24806201550388
        ],
        [
          262.63565891472865,
          149.7674418604651
        ],
        [
          267.28682170542635,
          149.30232558139534
        ],
        [
          272.71317829457365,
          147.90697674418604
        ],
        [
          277.82945736434107,
          146.04651162790697
        ],
        [
          283.87596899224803,
          142.32558139534882
        ],
        [
          286.6666666666667,
          139.84496124031008
        ],
        [
          287.28682170542635,
          138.91472868217053
        ],
        [
          262.015503875969,
          132.5581395348837
        ]
      ],
      "group_id": null,
      "shape_type": "polygon",
      "flags": {}
    }
  ],
  "imagePath": "31683135.jpg",
  "imageData": null,
  "imageHeight": 513,
  "imageWidth": 513
}