{
  "version": "4.5.9",
  "flags": {},
  "shapes": [
    {
      "label": "door",
      "points": [
        [
          168.1470137825421,
          300.7656967840735
        ],
        [
          168.4532924961715,
          279.1730474732006
        ],
        [
          172.28177641653903,
          279.1730474732006
        ],
        [
          177.1822358346095,
          279.9387442572741
        ],
        [
          183.15467075038285,
          280.8575803981623
        ],
        [
          189.4333843797856,
          283.00153139356814
        ],
        [
          195.09954058192955,
          286.0643185298622
        ],
        [
          200.1531393568147,
          290.1990811638591
        ],
        [
          203.52220520673814,
          295.86523736600304
        ],
        [
          205.20673813169984,
          300.1531393568147
        ],
        [
          202.29709035222052,
          300.4594180704441
        ],
        [
          201.8376722817764,
          297.8560490045942
        ],
        [
          198.9280245022971,
          294.1807044410413
        ],
        [
          194.94640122511484,
          290.6584992343032
        ],
        [
          191.4241960183767,
          288.208269525268
        ],
        [
          186.98315467075037,
          286.21745788667687
        ],
        [
          182.84839203675344,
          285.14548238897396
        ],
        [
          175.49770290964778,
          283.46094946401223
        ],
        [
          171.05666156202145,
          283.46094946401223
        ],
        [
          171.05666156202145,
          300.3062787136294
        ]
      ],
      "group_id": null,
      "shape_type": "polygon",
      "flags": {}
    },
    {
      "label": "door",
      "points": [
        [
          259.48275862068965,
          352.80172413793105
        ],
        [
          259.698275862069,
          329.3103448275862
        ],
        [
          263.7931034482759,
          329.0948275862069
        ],
        [
          269.18103448275866,
          328.8793103448276
        ],
        [
          275.64655172413796,
          329.5258620689655
        ],
        [
          282.32758620689657,
          330.8189655172414
        ],
        [
          287.5,
          333.18965517241384
        ],
        [
          291.1637931034483,
          336.2068965517242
        ],
        [
          295.68965517241384,
          340.30172413793105
        ],
        [
          299.7844827586207,
          345.0431034482759
        ],
        [
          301.7241379310345,
          350.86206896551727
        ],
        [
          301.93965517241384,
          353.8793103448276
        ],
        [
          300.0,
          354.0948275862069
        ],
        [
          298.0430528375734,
          347.5538160469667
        ],
        [
          294.52054794520546,
          343.0528375733855
        ],
        [
          290.01956947162427,
          338.9432485322896
        ],
        [
          284.3444227005871,
          335.81213307240705
        ],
        [
          279.4520547945205,
          333.6594911937377
        ],
        [
          271.4285714285714,
          332.68101761252444
        ],
        [
          265.9491193737769,
          332.68101761252444
        ],
        [
          264.18786692759295,
          332.8767123287671
        ],
        [
          263.40508806262227,
          352.44618395303326
        ]
      ],
      "group_id": null,
      "shape_type": "polygon",
      "flags": {}
    },
    {
      "label": "door",
      "points": [
        [
          210.958904109589,
          308.41487279843443
        ],
        [
          201.56555772994128,
          318.1996086105675
        ],
        [
          203.9138943248532,
          320.3522504892368
        ],
        [
          208.41487279843443,
          322.3091976516634
        ],
        [
          209.00195694716243,
          319.5694716242661
        ],
        [
          206.26223091976516,
          319.1780821917808
        ],
        [
          205.3,
          318.8
        ],
        [
          213.0,
          310.4
        ]
      ],
      "group_id": null,
      "shape_type": "polygon",
      "flags": {}
    },
    {
      "label": "door",
      "points": [
        [
          211.4,
          330.4
        ],
        [
          193.8,
          349.4
        ],
        [
          195.8,
          351.0
        ],
        [
          197.7,
          351.8
        ],
        [
          202.2,
          353.5
        ],
        [
          206.2,
          353.7
        ],
        [
          208.7,
          353.5
        ],
        [
          208.6,
          351.3
        ],
        [
          204.2,
          351.2
        ],
        [
          200.1,
          350.7
        ],
        [
          198.8,
          350.0
        ],
        [
          198.3,
          349.8
        ],
        [
          213.8,
          332.2
        ]
      ],
      "group_id": null,
      "shape_type": "polygon",
      "flags": {}
    },
    {
      "label": "door",
      "points": [
        [
          209.10224438902745,
          391.8952618453865
        ],
        [
          172.3192019950125,
          392.2693266832918
        ],
        [
          172.069825436409,
          389.15211970074813
        ],
        [
          172.3192019950125,
          384.9127182044888
        ],
        [
          173.4413965087282,
          380.42394014962593
        ],
        [
          177.0573566084788,
          375.56109725685786
        ],
        [
          181.6708229426434,
          372.069825436409
        ],
        [
          188.02992518703243,
          368.5785536159601
        ],
        [
          194.01496259351623,
          366.3341645885287
        ],
        [
          200.2493765586035,
          364.4638403990025
        ],
        [
          207.356608478803,
          363.46633416458855
        ],
        [
          208.9775561097257,
          363.3416458852868
        ],
        [
          208.47880299251872,
          365.5860349127182
        ],
        [
          203.99002493765587,
          366.0847880299252
        ],
        [
          200.0,
          366.58354114713217
        ],
        [
          194.38902743142145,
          368.5785536159601
        ],
        [
          189.15211970074813,
          370.4488778054863
        ],
        [
          185.66084788029926,
          372.69326683291774
        ],
        [
          181.54613466334166,
          375.68578553615964
        ],
        [
          178.30423940149626,
          379.426433915212
        ],
        [
          176.05985037406484,
          383.2917705735661
        ],
        [
          174.93765586034914,
          387.6558603491272
        ],
        [
          174.93765586034914,
          389.0274314214464
        ],
        [
          209.35162094763092,
          389.0274314214464
        ]
      ],
      "group_id": null,
      "shape_type": "polygon",
      "flags": {}
    },
    {
      "label": "door",
      "points": [
        [
          366.22390891840604,
          362.80834914611
        ],
        [
          397.1537001897533,
          362.4288425047438
        ],
        [
          397.7229601518026,
          365.0853889943074
        ],
        [
          396.7741935483871,
          370.96774193548384
        ],
        [
          393.92789373814037,
          376.09108159392787
        ],
        [
          390.13282732447817,
          381.0246679316888
        ],
        [
          383.4914611005692,
          384.44022770398476
        ],
        [
          374.3833017077799,
          386.71726755218214
        ],
        [
          367.7419354838709,
          387.8557874762808
        ],
        [
          366.03415559772293,
          386.71726755218214
        ],
        [
          366.41366223908915,
          385.38899430740037
        ],
        [
          371.7267552182163,
          384.81973434535104
        ],
        [
          379.696394686907,
          382.54269449715366
        ],
        [
          385.00948766603415,
          380.26565464895634
        ],
        [
          389.3738140417457,
          376.09108159392787
        ],
        [
          391.65085388994305,
          372.4857685009487
        ],
        [
          394.3074003795066,
          367.5521821631878
        ],
        [
          394.6869070208728,
          365.2751423149905
        ],
        [
          366.03415559772293,
          366.03415559772293
        ]
      ],
      "group_id": null,
      "shape_type": "polygon",
      "flags": {}
    }
  ],
  "imagePath": "31814460.jpg",
  "imageData": null,
  "imageHeight": 513,
  "imageWidth": 513
}