{
  "version": "4.5.9",
  "flags": {},
  "shapes": [
    {
      "label": "door",
      "points": [
        [
          46.4,
          94.4
        ],
        [
          66.9,
          94.3
        ],
        [
          67.1,
          96.0
        ],
        [
          66.5,
          98.7
        ],
        [
          64.3,
          101.7
        ],
        [
          59.6,
          104.9
        ],
        [
          55.2,
          107.1
        ],
        [
          52.8,
          107.3
        ],
        [
          55.2,
          108.8
        ],
        [
          58.9,
          110.2
        ],
        [
          61.9,
          112.1
        ],
        [
          65.3,
          114.6
        ],
        [
          67.1,
          117.2
        ],
        [
          68.5,
          120.0
        ],
        [
          68.5,
          121.4
        ],
        [
          46.2,
          121.3
        ],
        [
          46.1,
          119.2
        ],
        [
          64.1,
          119.2
        ],
        [
          61.7,
          116.9
        ],
        [
          58.7,
          113.8
        ],
        [
          54.5,
          112.1
        ],
        [
          51.1,
          110.4
        ],
        [
          47.4,
          109.4
        ],
        [
          44.1,
          109.4
        ],
        [
          41.8,
          109.4
        ],
        [
          41.5,
          107.5
        ],
        [
          41.5,
          106.6
        ],
        [
          46.3,
          106.5
        ],
        [
          48.1,
          106.5
        ],
        [
          50.6,
          105.7
        ],
        [
          53.6,
          104.8
        ],
        [
          55.8,
          103.4
        ],
        [
          58.6,
          102.1
        ],
        [
          60.5,
          100.1
        ],
        [
          62.3,
          98.7
        ],
        [
          63.2,
          97.4
        ],
        [
          62.8,
          97.1
        ],
        [
          62.6,
          96.8
        ],
        [
          46.3,
          96.9
        ]
      ],
      "group_id": null,
      "shape_type": "polygon",
      "flags": {}
    },
    {
      "label": "door",
      "points": [
        [
          221.86948853615522,
          110.22927689594357
        ],
        [
          248.67724867724868,
          110.40564373897708
        ],
        [
          248.6,
          112.9
        ],
        [
          247.8,
          116.1
        ],
        [
          246.2,
          119.3
        ],
        [
          244.0,
          121.8
        ],
        [
          241.2,
          124.1
        ],
        [
          238.1,
          126.1
        ],
        [
          234.9,
          127.7
        ],
        [
          231.7,
          129.4
        ],
        [
          228.0,
          130.6
        ],
        [
          224.0,
          131.7
        ],
        [
          221.3,
          131.8
        ],
        [
          221.5,
          128.8
        ],
        [
          224.1,
          128.6
        ],
        [
          227.2,
          127.7
        ],
        [
          231.1,
          126.5
        ],
        [
          234.4,
          124.7
        ],
        [
          237.5,
          123.0
        ],
        [
          239.6,
          121.5
        ],
        [
          241.2,
          119.3
        ],
        [
          243.1,
          117.6
        ],
        [
          244.4,
          114.7
        ],
        [
          244.9,
          112.9
        ],
        [
          221.8,
          113.0
        ]
      ],
      "group_id": null,
      "shape_type": "polygon",
      "flags": {}
    },
    {
      "label": "door",
      "points": [
        [
          230.31550068587106,
          197.53086419753086
        ],
        [
          230.31550068587106,
          182.44170096021946
        ],
        [
          231.8244170096022,
          182.44170096021946
        ],
        [
          235.25377229080934,
          182.44170096021946
        ],
        [
          239.09465020576133,
          182.85322359396434
        ],
        [
          243.34705075445817,
          183.67626886145405
        ],
        [
          248.97119341563786,
          184.9108367626886
        ],
        [
          253.77229080932784,
          186.55692729766804
        ],
        [
          257.61316872427983,
          188.88888888888889
        ],
        [
          262.13991769547323,
          192.31824417009602
        ],
        [
          265.0205761316872,
          195.06172839506172
        ],
        [
          265.8436213991769,
          197.119341563786
        ],
        [
          264.1975308641975,
          198.76543209876544
        ],
        [
          262.00274348422494,
          196.84499314128945
        ],
        [
          259.39643347050753,
          193.68998628257887
        ],
        [
          255.96707818930042,
          191.90672153635117
        ],
        [
          252.67489711934155,
          190.26063100137173
        ],
        [
          248.28532235939645,
          188.47736625514403
        ],
        [
          243.20987654320987,
          187.10562414266118
        ],
        [
          239.50617283950618,
          185.8710562414266
        ],
        [
          235.80246913580245,
          185.45953360768175
        ],
        [
          233.88203017832646,
          185.32235939643346
        ],
        [
          232.6474622770919,
          185.0480109739369
        ],
        [
          232.92181069958846,
          197.66803840877915
        ]
      ],
      "group_id": null,
      "shape_type": "polygon",
      "flags": {}
    },
    {
      "label": "door",
      "points": [
        [
          251.63398692810458,
          218.95424836601308
        ],
        [
          276.25272331154684,
          218.95424836601308
        ],
        [
          276.47058823529414,
          222.00435729847496
        ],
        [
          253.3769063180828,
          222.00435729847496
        ],
        [
          253.90835579514825,
          224.66307277628033
        ],
        [
          255.66037735849056,
          227.088948787062
        ],
        [
          258.89487870619945,
          230.05390835579516
        ],
        [
          259.7035040431267,
          230.59299191374663
        ],
        [
          263.3423180592992,
          232.4797843665768
        ],
        [
          266.5768194070081,
          234.23180592991915
        ],
        [
          270.35040431266845,
          235.57951482479785
        ],
        [
          274.52830188679246,
          237.06199460916443
        ],
        [
          277.6280323450135,
          237.6010781671159
        ],
        [
          277.4932614555256,
          240.97035040431268
        ],
        [
          274.66307277628033,
          240.70080862533692
        ],
        [
          272.5067385444744,
          240.43126684636118
        ],
        [
          268.3288409703504,
          239.3530997304582
        ],
        [
          264.55525606469,
          237.73584905660377
        ],
        [
          260.9164420485175,
          235.71428571428572
        ],
        [
          257.68194070080864,
          233.9622641509434
        ],
        [
          254.71698113207546,
          232.21024258760107
        ],
        [
          252.02156334231807,
          228.43665768194072
        ],
        [
          250.67385444743937,
          224.7978436657682
        ],
        [
          250.26954177897574,
          221.69811320754718
        ],
        [
          250.13477088948787,
          219.00269541778977
        ]
      ],
      "group_id": null,
      "shape_type": "polygon",
      "flags": {}
    },
    {
      "label": "door",
      "points": [
        [
          221.69811320754718,
          276.54986522911054
        ],
        [
          248.51752021563343,
          276.41509433962267
        ],
        [
          248.51752021563343,
          274.3935309973046
        ],
        [
          248.38274932614556,
          272.64150943396226
        ],
        [
          247.97843665768195,
          269.13746630727763
        ],
        [
          246.36118598382748,
          266.30727762803235
        ],
        [
          243.93530997304583,
          263.8814016172507
        ],
        [
          240.02695417789758,
          261.18598382749326
        ],
        [
          235.98382749326146,
          258.89487870619945
        ],
        [
          231.53638814016173,
          256.7385444743935
        ],
        [
          226.9541778975741,
          255.25606469002696
        ],
        [
          222.91105121293802,
          254.85175202156336
        ],
        [
          221.5633423180593,
          254.71698113207546
        ],
        [
          222.10242587601078,
          257.14285714285717
        ],
        [
          223.31536388140162,
          257.14285714285717
        ],
        [
          226.1455525606469,
          257.54716981132077
        ],
        [
          229.11051212938006,
          258.89487870619945
        ],
        [
          232.6145552560647,
          260.5121293800539
        ],
        [
          237.33153638814017,
          262.80323450134773
        ],
        [
          240.56603773584905,
          265.49865229110515
        ],
        [
          242.85714285714286,
          268.3288409703504
        ],
        [
          244.33962264150944,
          271.1590296495957
        ],
        [
          244.74393530997304,
          273.45013477088946
        ],
        [
          244.74393530997304,
          274.12398921832886
        ],
        [
          221.5633423180593,
          273.989218328841
        ]
      ],
      "group_id": null,
      "shape_type": "polygon",
      "flags": {}
    },
    {
      "label": "door",
      "points": [
        [
          286.2533692722372,
          322.64150943396226
        ],
        [
          313.7466307277628,
          322.64150943396226
        ],
        [
          313.61185983827494,
          319.811320754717
        ],
        [
          311.8598382749326,
          317.11590296495956
        ],
        [
          309.5687331536388,
          313.07277628032347
        ],
        [
          306.3342318059299,
          310.5121293800539
        ],
        [
          302.56064690026955,
          308.08625336927224
        ],
        [
          297.5741239892183,
          306.06469002695417
        ],
        [
          291.2398921832884,
          304.04312668463615
        ],
        [
          287.33153638814014,
          303.36927223719675
        ],
        [
          287.46630727762806,
          305.5256064690027
        ],
        [
          290.4312668463612,
          306.46900269541777
        ],
        [
          295.55256064690025,
          307.9514824797844
        ],
        [
          300.4043126684636,
          310.37735849056605
        ],
        [
          304.3126684636119,
          313.07277628032347
        ],
        [
          306.7385444743935,
          314.9595687331536
        ],
        [
          307.9514824797844,
          317.7897574123989
        ],
        [
          308.89487870619945,
          320.0808625336927
        ],
        [
          286.2533692722372,
          320.0808625336927
        ]
      ],
      "group_id": null,
      "shape_type": "polygon",
      "flags": {}
    },
    {
      "label": "door",
      "points": [
        [
          286.6576819407008,
          337.46630727762806
        ],
        [
          313.47708894878707,
          337.60107816711593
        ],
        [
          313.7466307277628,
          340.1617250673855
        ],
        [
          313.20754716981133,
          342.99191374663076
        ],
        [
          311.3207547169811,
          346.3611859838275
        ],
        [
          308.6253369272237,
          350.4043126684636
        ],
        [
          303.5040431266846,
          353.9083557951482
        ],
        [
          297.43935309973045,
          356.19946091644204
        ],
        [
          291.644204851752,
          358.08625336927224
        ],
        [
          286.79245283018867,
          358.355795148248
        ],
        [
          286.6576819407008,
          354.85175202156336
        ],
        [
          290.9703504043127,
          354.3126684636119
        ],
        [
          296.3611859838275,
          352.4258760107817
        ],
        [
          302.56064690026955,
          349.86522911051213
        ],
        [
          305.5256064690027,
          347.5741239892183
        ],
        [
          307.4123989218329,
          345.2830188679245
        ],
        [
          309.0296495956873,
          342.5876010781671
        ],
        [
          309.7035040431267,
          339.8921832884097
        ],
        [
          286.52291105121293,
          339.7574123989218
        ]
      ],
      "group_id": null,
      "shape_type": "polygon",
      "flags": {}
    },
    {
      "label": "door",
      "points": [
        [
          211.8353344768439,
          349.3996569468268
        ],
        [
          180.44596912521442,
          349.9142367066895
        ],
        [
          180.2744425385935,
          354.0308747855918
        ],
        [
          181.64665523156089,
          357.6329331046312
        ],
        [
          184.56260720411663,
          361.40651801029156
        ],
        [
          188.8507718696398,
          365.52315608919383
        ],
        [
          193.99656946826758,
          368.2675814751286
        ],
        [
          199.48542024013722,
          370.6689536878216
        ],
        [
          204.97427101200685,
          372.21269296740996
        ],
        [
          210.63464837049742,
          372.72727272727275
        ],
        [
          211.8353344768439,
          372.8987993138937
        ],
        [
          211.66380789022298,
          369.4682675814751
        ],
        [
          206.17495711835335,
          368.7821612349914
        ],
        [
          200.85763293310464,
          367.23842195540306
        ],
        [
          195.71183533447683,
          365.180102915952
        ],
        [
          191.76672384219555,
          362.60720411663806
        ],
        [
          188.33619210977702,
          359.5197255574614
        ],
        [
          186.2778730703259,
          356.4322469982847
        ],
        [
          184.9056603773585,
          353.6878216123499
        ],
        [
          184.9056603773585,
          352.8301886792453
        ],
        [
          212.3499142367067,
          353.0017152658662
        ]
      ],
      "group_id": null,
      "shape_type": "polygon",
      "flags": {}
    },
    {
      "label": "door",
      "points": [
        [
          472.36467236467234,
          323.2193732193732
        ],
        [
          472.64957264957263,
          308.26210826210826
        ],
        [
          469.9430199430199,
          308.26210826210826
        ],
        [
          464.2450142450142,
          308.68945868945866
        ],
        [
          457.2649572649572,
          310.1139601139601
        ],
        [
          449.99999999999994,
          312.39316239316236
        ],
        [
          442.59259259259255,
          316.38176638176634
        ],
        [
          438.3190883190883,
          321.93732193732194
        ],
        [
          437.6068376068376,
          324.0740740740741
        ],
        [
          440.8831908831909,
          324.2165242165242
        ],
        [
          443.4472934472934,
          320.9401709401709
        ],
        [
          446.8660968660968,
          318.0911680911681
        ],
        [
          450.7122507122507,
          316.09686609686605
        ],
        [
          457.4074074074074,
          313.8176638176638
        ],
        [
          463.2478632478632,
          312.25071225071224
        ],
        [
          469.08831908831905,
          311.8233618233618
        ],
        [
          469.80056980056975,
          311.8233618233618
        ],
        [
          469.80056980056975,
          323.5042735042735
        ]
      ],
      "group_id": null,
      "shape_type": "polygon",
      "flags": {}
    }
  ],
  "imagePath": "31820961.jpg",
  "imageData": null,
  "imageHeight": 513,
  "imageWidth": 513
}