{
  "version": "4.5.9",
  "flags": {},
  "shapes": [
    {
      "label": "door",
      "points": [
        [
          112.4031007751938,
          123.47729789590255
        ],
        [
          112.4031007751938,
          137.87375415282392
        ],
        [
          111.07419712070876,
          137.76301218161683
        ],
        [
          107.9734219269103,
          137.54152823920268
        ],
        [
          104.65116279069768,
          136.3233665559247
        ],
        [
          101.32890365448506,
          133.99778516057586
        ],
        [
          99.00332225913623,
          131.56146179401995
        ],
        [
          96.67774086378738,
          127.5747508305648
        ],
        [
          95.90254706533777,
          123.9202657807309
        ],
        [
          98.11738648947951,
          124.14174972314508
        ],
        [
          98.56035437430786,
          126.46733111849392
        ],
        [
          99.88925802879292,
          129.3466223698782
        ],
        [
          101.8826135105205,
          131.8936877076412
        ],
        [
          105.09413067552603,
          133.99778516057586
        ],
        [
          108.63787375415284,
          135.32668881506092
        ],
        [
          110.18826135105206,
          135.76965669988925
        ],
        [
          110.29900332225914,
          122.81284606866004
        ]
      ],
      "group_id": null,
      "shape_type": "polygon",
      "flags": {}
    },
    {
      "label": "door",
      "points": [
        [
          152.27021040974532,
          136.87707641196013
        ],
        [
          152.38095238095238,
          151.60575858250277
        ],
        [
          150.71982281284608,
          151.3842746400886
        ],
        [
          148.50498338870432,
          151.3842746400886
        ],
        [
          145.07198228128462,
          150.60908084163898
        ],
        [
          141.97120708748616,
          148.7264673311185
        ],
        [
          139.0919158361019,
          145.62569213732004
        ],
        [
          136.76633444075304,
          141.41749723145074
        ],
        [
          135.437430786268,
          136.87707641196013
        ],
        [
          137.984496124031,
          136.98781838316722
        ],
        [
          138.75968992248062,
          139.9778516057586
        ],
        [
          139.7563676633444,
          142.74640088593577
        ],
        [
          141.86046511627907,
          144.85049833887044
        ],
        [
          143.63233665559247,
          146.73311184939092
        ],
        [
          145.51495016611295,
          147.9512735326689
        ],
        [
          148.17275747508307,
          148.8372093023256
        ],
        [
          150.3875968992248,
          149.16943521594686
        ],
        [
          150.4983388704319,
          136.98781838316722
        ]
      ],
      "group_id": null,
      "shape_type": "polygon",
      "flags": {}
    },
    {
      "label": "door",
      "points": [
        [
          129.3,
          155.3
        ],
        [
          136.5,
          143.4
        ],
        [
          135.4,
          142.3
        ],
        [
          133.5,
          141.1
        ],
        [
          131.5,
          140.7
        ],
        [
          129.9,
          140.6
        ],
        [
          129.3,
          142.6
        ],
        [
          131.9,
          143.1
        ],
        [
          133.7,
          143.6
        ],
        [
          128.2,
          153.4
        ]
      ],
      "group_id": null,
      "shape_type": "polygon",
      "flags": {}
    },
    {
      "label": "door",
      "points": [
        [
          124.3,
          199.5
        ],
        [
          124.4,
          214.9
        ],
        [
          122.9,
          214.6
        ],
        [
          120.2,
          214.2
        ],
        [
          117.3,
          213.2
        ],
        [
          113.7,
          210.7
        ],
        [
          111.5,
          208.1
        ],
        [
          109.6,
          205.0
        ],
        [
          108.7,
          201.3
        ],
        [
          108.7,
          199.3
        ],
        [
          110.6,
          199.2
        ],
        [
          110.8,
          201.1
        ],
        [
          111.5,
          204.0
        ],
        [
          113.1,
          206.7
        ],
        [
          115.0,
          208.8
        ],
        [
          117.5,
          210.2
        ],
        [
          120.4,
          211.7
        ],
        [
          122.3,
          212.3
        ],
        [
          122.3,
          199.3
        ]
      ],
      "group_id": null,
      "shape_type": "polygon",
      "flags": {}
    },
    {
      "label": "door",
      "points": [
        [
          146.7,
          278.7
        ],
        [
          146.8,
          293.6
        ],
        [
          145.2,
          293.7
        ],
        [
          142.1,
          293.4
        ],
        [
          139.0,
          292.1
        ],
        [
          135.7,
          289.7
        ],
        [
          132.8,
          286.5
        ],
        [
          131.1,
          283.3
        ],
        [
          130.2,
          279.2
        ],
        [
          132.8,
          279.0
        ],
        [
          133.1,
          281.8
        ],
        [
          134.8,
          284.8
        ],
        [
          136.9,
          287.4
        ],
        [
          139.5,
          289.5
        ],
        [
          142.2,
          290.5
        ],
        [
          144.5,
          290.9
        ],
        [
          144.5,
          278.3
        ]
      ],
      "group_id": null,
      "shape_type": "polygon",
      "flags": {}
    },
    {
      "label": "door",
      "points": [
        [
          146.9,
          270.8
        ],
        [
          140.1,
          260.2
        ],
        [
          141.0,
          258.9
        ],
        [
          143.4,
          257.8
        ],
        [
          145.8,
          256.9
        ],
        [
          147.0,
          256.8
        ],
        [
          147.4,
          258.9
        ],
        [
          143.7,
          260.4
        ],
        [
          149.2,
          270.2
        ]
      ],
      "group_id": null,
      "shape_type": "polygon",
      "flags": {}
    },
    {
      "label": "door",
      "points": [
        [
          181.4,
          225.7
        ],
        [
          167.9,
          225.5
        ],
        [
          168.0,
          228.7
        ],
        [
          168.4,
          231.8
        ],
        [
          169.7,
          234.7
        ],
        [
          171.9,
          237.4
        ],
        [
          175.3,
          240.0
        ],
        [
          179.3,
          241.8
        ],
        [
          182.1,
          242.2
        ],
        [
          182.0,
          240.3
        ],
        [
          179.7,
          239.7
        ],
        [
          176.9,
          238.3
        ],
        [
          174.9,
          236.6
        ],
        [
          173.4,
          234.6
        ],
        [
          172.0,
          232.2
        ],
        [
          171.4,
          230.6
        ],
        [
          171.0,
          228.4
        ],
        [
          181.5,
          228.4
        ]
      ],
      "group_id": null,
      "shape_type": "polygon",
      "flags": {}
    },
    {
      "label": "door",
      "points": [
        [
          89.8,
          372.7
        ],
        [
          89.9,
          386.1
        ],
        [
          92.5,
          386.4
        ],
        [
          96.5,
          385.7
        ],
        [
          101.7,
          382.9
        ],
        [
          104.2,
          379.7
        ],
        [
          106.5,
          376.4
        ],
        [
          106.8,
          372.9
        ],
        [
          105.0,
          372.8
        ],
        [
          104.7,
          375.8
        ],
        [
          102.5,
          378.3
        ],
        [
          100.6,
          380.9
        ],
        [
          97.0,
          382.8
        ],
        [
          95.4,
          383.4
        ],
        [
          92.6,
          383.7
        ],
        [
          92.4,
          372.6
        ]
      ],
      "group_id": null,
      "shape_type": "polygon",
      "flags": {}
    },
    {
      "label": "door",
      "points": [
        [
          132.4,
          372.9
        ],
        [
          132.5,
          385.2
        ],
        [
          130.9,
          385.5
        ],
        [
          128.3,
          385.4
        ],
        [
          126.4,
          383.9
        ],
        [
          124.1,
          382.2
        ],
        [
          121.1,
          380.0
        ],
        [
          118.6,
          377.2
        ],
        [
          116.5,
          375.2
        ],
        [
          115.7,
          372.7
        ],
        [
          118.6,
          372.8
        ],
        [
          119.3,
          374.7
        ],
        [
          120.9,
          376.4
        ],
        [
          122.5,
          378.2
        ],
        [
          125.0,
          380.1
        ],
        [
          127.4,
          382.2
        ],
        [
          128.7,
          383.3
        ],
        [
          130.2,
          383.5
        ],
        [
          130.2,
          372.4
        ]
      ],
      "group_id": null,
      "shape_type": "polygon",
      "flags": {}
    },
    {
      "label": "door",
      "points": [
        [
          177.3,
          373.0
        ],
        [
          177.2,
          386.0
        ],
        [
          175.1,
          386.1
        ],
        [
          172.7,
          385.7
        ],
        [
          170.6,
          384.8
        ],
        [
          168.2,
          383.0
        ],
        [
          166.0,
          380.5
        ],
        [
          164.7,
          379.0
        ],
        [
          162.9,
          376.6
        ],
        [
          161.6,
          373.8
        ],
        [
          161.5,
          372.5
        ],
        [
          163.4,
          372.9
        ],
        [
          164.5,
          375.2
        ],
        [
          166.2,
          377.7
        ],
        [
          168.3,
          379.6
        ],
        [
          170.4,
          382.0
        ],
        [
          172.7,
          383.6
        ],
        [
          175.0,
          384.0
        ],
        [
          175.2,
          383.3
        ],
        [
          175.5,
          372.8
        ]
      ],
      "group_id": null,
      "shape_type": "polygon",
      "flags": {}
    }
  ],
  "imagePath": "31830270.jpg",
  "imageData": null,
  "imageHeight": 513,
  "imageWidth": 513
}