{
  "version": "4.5.9",
  "flags": {},
  "shapes": [
    {
      "label": "door",
      "points": [
        [
          54.4,
          207.7
        ],
        [
          73.7,
          207.7
        ],
        [
          73.9,
          205.8
        ],
        [
          73.2,
          204.4
        ],
        [
          72.0,
          199.9
        ],
        [
          69.8,
          196.4
        ],
        [
          66.1,
          193.4
        ],
        [
          61.6,
          191.0
        ],
        [
          56.6,
          189.3
        ],
        [
          54.5,
          189.1
        ],
        [
          54.5,
          191.7
        ],
        [
          56.3,
          192.1
        ],
        [
          59.8,
          193.1
        ],
        [
          63.6,
          194.9
        ],
        [
          66.5,
          197.5
        ],
        [
          68.0,
          199.9
        ],
        [
          69.1,
          202.7
        ],
        [
          69.6,
          205.4
        ],
        [
          54.0,
          205.5
        ]
      ],
      "group_id": null,
      "shape_type": "polygon",
      "flags": {}
    },
    {
      "label": "door",
      "points": [
        [
          99.7,
          178.6
        ],
        [
          99.5,
          161.6
        ],
        [
          101.6,
          161.7
        ],
        [
          105.6,
          161.9
        ],
        [
          110.1,
          162.5
        ],
        [
          115.3,
          163.9
        ],
        [
          119.6,
          166.2
        ],
        [
          123.1,
          170.1
        ],
        [
          125.4,
          174.2
        ],
        [
          126.2,
          178.3
        ],
        [
          124.4,
          178.4
        ],
        [
          123.7,
          175.3
        ],
        [
          121.5,
          171.6
        ],
        [
          118.9,
          168.9
        ],
        [
          115.7,
          167.1
        ],
        [
          112.5,
          165.9
        ],
        [
          108.9,
          165.0
        ],
        [
          104.8,
          164.3
        ],
        [
          101.9,
          164.3
        ],
        [
          101.7,
          178.7
        ]
      ],
      "group_id": null,
      "shape_type": "polygon",
      "flags": {}
    },
    {
      "label": "door",
      "points": [
        [
          128.05139186295503,
          222.91220556745182
        ],
        [
          113.49036402569594,
          233.08351177730194
        ],
        [
          114.98929336188436,
          235.01070663811564
        ],
        [
          118.09421841541756,
          236.50963597430408
        ],
        [
          123.44753747323341,
          237.68736616702355
        ],
        [
          130.19271948608136,
          238.22269807280514
        ],
        [
          135.65310492505353,
          238.11563169164882
        ],
        [
          141.32762312633832,
          236.93790149892934
        ],
        [
          145.28907922912205,
          234.9036402569593
        ],
        [
          143.6830835117773,
          233.5117773019272
        ],
        [
          141.0064239828694,
          234.68950749464668
        ],
        [
          135.4389721627409,
          235.54603854389723
        ],
        [
          130.08565310492506,
          235.65310492505353
        ],
        [
          124.51820128479658,
          235.3319057815846
        ],
        [
          119.70021413276231,
          234.47537473233405
        ],
        [
          116.91648822269808,
          233.72591006423983
        ],
        [
          116.80942184154176,
          233.19057815845824
        ],
        [
          130.2997858672377,
          224.41113490364026
        ]
      ],
      "group_id": null,
      "shape_type": "polygon",
      "flags": {}
    },
    {
      "label": "door",
      "points": [
        [
          240.7,
          216.6
        ],
        [
          256.5,
          204.7
        ],
        [
          259.8614457831326,
          206.38313253012043
        ],
        [
          262.75301204819283,
          210.35903614457825
        ],
        [
          264.31927710843377,
          214.3349397590361
        ],
        [
          264.4397590361446,
          220.35903614457825
        ],
        [
          263.11445783132535,
          223.37108433734934
        ],
        [
          261.54819277108436,
          225.53975903614452
        ],
        [
          267.0903614457832,
          223.61204819277103
        ],
        [
          273.35542168674704,
          223.4915662650602
        ],
        [
          279.2590361445784,
          224.0939759036144
        ],
        [
          285.644578313253,
          225.41927710843368
        ],
        [
          289.6,
          226.89999999999998
        ],
        [
          290.9,
          229.2
        ],
        [
          286.6,
          232.49999999999997
        ],
        [
          275.0,
          239.79999999999998
        ],
        [
          273.1,
          237.79999999999998
        ],
        [
          285.2,
          229.89999999999998
        ],
        [
          283.7,
          227.7
        ],
        [
          279.01807228915663,
          226.98554216867464
        ],
        [
          273.2349397590362,
          226.38313253012043
        ],
        [
          267.57228915662654,
          226.38313253012043
        ],
        [
          262.9939759036145,
          227.70843373493972
        ],
        [
          258.0542168674699,
          230.11807228915657
        ],
        [
          256.48795180722897,
          230.84096385542162
        ],
        [
          254.4397590361446,
          228.06987951807224
        ],
        [
          258.4156626506024,
          225.41927710843368
        ],
        [
          261.18674698795184,
          221.44337349397586
        ],
        [
          261.6686746987952,
          217.22650602409632
        ],
        [
          261.066265060241,
          213.97349397590355
        ],
        [
          258.8975903614458,
          210.35903614457825
        ],
        [
          257.3,
          208.1
        ],
        [
          255.2,
          208.99999999999997
        ],
        [
          242.03012048192775,
          217.9493975903614
        ]
      ],
      "group_id": null,
      "shape_type": "polygon",
      "flags": {}
    },
    {
      "label": "door",
      "points": [
        [
          192.7,
          268.6
        ],
        [
          189.4,
          272.0
        ],
        [
          186.4,
          276.1
        ],
        [
          185.6,
          282.2
        ],
        [
          186.0,
          287.6
        ],
        [
          188.3,
          292.2
        ],
        [
          190.7,
          295.6
        ],
        [
          191.6,
          297.0
        ],
        [
          192.0,
          298.4
        ],
        [
          192.5,
          298.7
        ],
        [
          213.7,
          283.2
        ],
        [
          212.3,
          281.1
        ],
        [
          194.1,
          294.7
        ],
        [
          191.9,
          292.5
        ],
        [
          189.7,
          290.1
        ],
        [
          188.5,
          285.5
        ],
        [
          188.1,
          281.2
        ],
        [
          188.9,
          278.6
        ],
        [
          190.5,
          275.0
        ],
        [
          193.3,
          271.6
        ],
        [
          195.6,
          269.9
        ]
      ],
      "group_id": null,
      "shape_type": "polygon",
      "flags": {}
    },
    {
      "label": "door",
      "points": [
        [
          266.2,
          353.4
        ],
        [
          266.2,
          370.8
        ],
        [
          264.0,
          371.1
        ],
        [
          260.7,
          371.5
        ],
        [
          256.9,
          371.4
        ],
        [
          253.6,
          370.4
        ],
        [
          249.5,
          368.0
        ],
        [
          246.1,
          364.9
        ],
        [
          242.6,
          361.2
        ],
        [
          240.7,
          358.1
        ],
        [
          239.8,
          353.8
        ],
        [
          242.4,
          353.8
        ],
        [
          243.2,
          356.1
        ],
        [
          245.5,
          360.5
        ],
        [
          248.2,
          363.4
        ],
        [
          250.6,
          365.5
        ],
        [
          253.9,
          367.6
        ],
        [
          257.1,
          368.8
        ],
        [
          260.5,
          369.2
        ],
        [
          263.8,
          369.4
        ],
        [
          264.0,
          353.1
        ]
      ],
      "group_id": null,
      "shape_type": "polygon",
      "flags": {}
    },
    {
      "label": "door",
      "points": [
        [
          223.1,
          319.3
        ],
        [
          243.2,
          323.8
        ],
        [
          243.0,
          325.8
        ],
        [
          241.2,
          328.3
        ],
        [
          238.7,
          329.4
        ],
        [
          236.5,
          329.5
        ],
        [
          235.7,
          328.4
        ],
        [
          238.4,
          327.3
        ],
        [
          239.5,
          326.1
        ],
        [
          222.7,
          321.6
        ]
      ],
      "group_id": null,
      "shape_type": "polygon",
      "flags": {}
    },
    {
      "label": "door",
      "points": [
        [
          277.6,
          353.5
        ],
        [
          277.5,
          371.6
        ],
        [
          280.5,
          372.1
        ],
        [
          286.5,
          370.8
        ],
        [
          292.2,
          369.0
        ],
        [
          296.7,
          366.5
        ],
        [
          300.2,
          363.2
        ],
        [
          302.7,
          360.0
        ],
        [
          304.4,
          356.0
        ],
        [
          304.4,
          353.6
        ],
        [
          302.5,
          353.6
        ],
        [
          301.9,
          355.3
        ],
        [
          300.8,
          358.7
        ],
        [
          297.8,
          362.0
        ],
        [
          294.8,
          364.3
        ],
        [
          291.0,
          366.1
        ],
        [
          286.4,
          367.4
        ],
        [
          281.1,
          368.9
        ],
        [
          280.3,
          368.8
        ],
        [
          280.3,
          353.8
        ]
      ],
      "group_id": null,
      "shape_type": "polygon",
      "flags": {}
    },
    {
      "label": "door",
      "points": [
        [
          267.4,
          395.6
        ],
        [
          242.2,
          395.7
        ],
        [
          241.8,
          399.0
        ],
        [
          243.3,
          402.5
        ],
        [
          245.6,
          405.8
        ],
        [
          248.3,
          408.1
        ],
        [
          251.8,
          410.6
        ],
        [
          255.6,
          412.5
        ],
        [
          260.2,
          413.9
        ],
        [
          264.1,
          414.3
        ],
        [
          267.2,
          414.5
        ],
        [
          267.5,
          412.1
        ],
        [
          262.7,
          411.7
        ],
        [
          259.5,
          411.1
        ],
        [
          255.8,
          409.7
        ],
        [
          252.3,
          407.4
        ],
        [
          248.9,
          404.5
        ],
        [
          246.4,
          401.4
        ],
        [
          245.6,
          398.7
        ],
        [
          245.5,
          397.7
        ],
        [
          267.7,
          397.8
        ]
      ],
      "group_id": null,
      "shape_type": "polygon",
      "flags": {}
    },
    {
      "label": "door",
      "points": [
        [
          318.3,
          293.5
        ],
        [
          343.5,
          293.3
        ],
        [
          343.8,
          295.7
        ],
        [
          343.3,
          299.1
        ],
        [
          340.7,
          302.6
        ],
        [
          338.0,
          304.8
        ],
        [
          334.6,
          308.0
        ],
        [
          328.1,
          311.2
        ],
        [
          320.4,
          311.5
        ],
        [
          318.4,
          311.4
        ],
        [
          318.7,
          308.7
        ],
        [
          321.2,
          309.0
        ],
        [
          327.0,
          308.6
        ],
        [
          331.5,
          306.4
        ],
        [
          335.4,
          303.8
        ],
        [
          338.7,
          300.9
        ],
        [
          340.3,
          298.2
        ],
        [
          341.1,
          295.6
        ],
        [
          318.6,
          295.8
        ]
      ],
      "group_id": null,
      "shape_type": "polygon",
      "flags": {}
    },
    {
      "label": "door",
      "points": [
        [
          317.3,
          285.3
        ],
        [
          338.4,
          285.0
        ],
        [
          338.3,
          282.3
        ],
        [
          336.7,
          279.9
        ],
        [
          333.9,
          276.5
        ],
        [
          330.1,
          274.0
        ],
        [
          325.8,
          272.5
        ],
        [
          321.6,
          272.6
        ],
        [
          318.2,
          272.6
        ],
        [
          318.0,
          274.4
        ],
        [
          322.0,
          274.4
        ],
        [
          325.6,
          274.8
        ],
        [
          328.9,
          276.2
        ],
        [
          331.5,
          278.3
        ],
        [
          333.5,
          280.3
        ],
        [
          334.4,
          282.7
        ],
        [
          334.5,
          283.0
        ],
        [
          317.1,
          283.2
        ]
      ],
      "group_id": null,
      "shape_type": "polygon",
      "flags": {}
    }
  ],
  "imagePath": "31835886.jpg",
  "imageData": null,
  "imageHeight": 513,
  "imageWidth": 513
}