{
  "version": "4.5.9",
  "flags": {},
  "shapes": [
    {
      "label": "door",
      "points": [
        [
          76.30922693266834,
          224.18952618453866
        ],
        [
          52.867830423940156,
          191.2718204488778
        ],
        [
          53.61596009975062,
          188.90274314214466
        ],
        [
          55.98503740648379,
          185.03740648379053
        ],
        [
          59.600997506234414,
          181.29675810473816
        ],
        [
          63.46633416458853,
          178.30423940149626
        ],
        [
          67.83042394014963,
          175.93516209476311
        ],
        [
          71.82044887780549,
          174.8129675810474
        ],
        [
          75.06234413965088,
          174.31421446384041
        ],
        [
          75.18703241895263,
          176.8079800498753
        ],
        [
          72.06982543640898,
          177.68079800498754
        ],
        [
          69.07730673316709,
          178.80299251870326
        ],
        [
          65.96009975062344,
          180.7980049875312
        ],
        [
          62.219451371571076,
          183.16708229426436
        ],
        [
          59.226932668329184,
          185.785536159601
        ],
        [
          57.23192019950125,
          189.15211970074813
        ],
        [
          57.1072319201995,
          190.1496259351621
        ],
        [
          79.55112219451372,
          222.4438902743142
        ]
      ],
      "group_id": null,
      "shape_type": "polygon",
      "flags": {}
    },
    {
      "label": "door",
      "points": [
        [
          136.9077306733167,
          176.55860349127184
        ],
        [
          121.32169576059852,
          198.25436408977558
        ],
        [
          121.69576059850375,
          200.99750623441398
        ],
        [
          123.44139650872819,
          202.86783042394015
        ],
        [
          126.68329177057358,
          206.10972568578555
        ],
        [
          130.54862842892769,
          208.7281795511222
        ],
        [
          134.4139650872818,
          210.97256857855362
        ],
        [
          130.67331670822944,
          212.71820448877807
        ],
        [
          126.30922693266834,
          216.0847880299252
        ],
        [
          123.31670822942644,
          219.20199501246884
        ],
        [
          120.94763092269328,
          222.69326683291771
        ],
        [
          141.14713216957605,
          251.24688279301748
        ],
        [
          141.7705735660848,
          246.38403990024938
        ],
        [
          125.31172069825438,
          221.94513715710724
        ],
        [
          127.43142144638405,
          219.0773067331671
        ],
        [
          131.79551122194513,
          215.46134663341647
        ],
        [
          135.41147132169576,
          213.3416458852868
        ],
        [
          140.3990024937656,
          212.2194513715711
        ],
        [
          142.8927680798005,
          212.34413965087282
        ],
        [
          143.01745635910225,
          209.47630922693267
        ],
        [
          142.76807980049875,
          208.60349127182047
        ],
        [
          136.78304239401496,
          208.35411471321697
        ],
        [
          133.41645885286783,
          206.48379052369077
        ],
        [
          129.8004987531172,
          203.61596009975062
        ],
        [
          125.9351620947631,
          200.87281795511223
        ],
        [
          125.18703241895263,
          199.87531172069828
        ],
        [
          141.2718204488778,
          176.55860349127184
        ]
      ],
      "group_id": null,
      "shape_type": "polygon",
      "flags": {}
    },
    {
      "label": "door",
      "points": [
        [
          182.3008849557522,
          170.44247787610618
        ],
        [
          201.94690265486724,
          197.5221238938053
        ],
        [
          201.5929203539823,
          200.5309734513274
        ],
        [
          200.35398230088495,
          204.77876106194688
        ],
        [
          195.0442477876106,
          208.14159292035396
        ],
        [
          189.73451327433628,
          210.44247787610618
        ],
        [
          194.86725663716814,
          212.7433628318584
        ],
        [
          198.23008849557522,
          216.46017699115043
        ],
        [
          201.06194690265485,
          220.5309734513274
        ],
        [
          201.6,
          224.5
        ],
        [
          199.1,
          228.9
        ],
        [
          186.4,
          245.3
        ],
        [
          182.6,
          245.2
        ],
        [
          197.0,
          224.3
        ],
        [
          197.6,
          221.5
        ],
        [
          195.6,
          217.9
        ],
        [
          193.0,
          215.8
        ],
        [
          190.6,
          214.3
        ],
        [
          187.5,
          213.0
        ],
        [
          184.2,
          212.6
        ],
        [
          181.9,
          212.6
        ],
        [
          181.6,
          209.4
        ],
        [
          184.4,
          209.3
        ],
        [
          187.5,
          208.7
        ],
        [
          190.9,
          207.4
        ],
        [
          193.2,
          206.0
        ],
        [
          196.2,
          203.8
        ],
        [
          197.6,
          201.4
        ],
        [
          198.2,
          200.2
        ],
        [
          198.0,
          198.9
        ],
        [
          182.0,
          175.6
        ]
      ],
      "group_id": null,
      "shape_type": "polygon",
      "flags": {}
    },
    {
      "label": "door",
      "points": [
        [
          147.599451303155,
          299.1769547325103
        ],
        [
          147.4622770919067,
          294.5130315500686
        ],
        [
          146.22770919067216,
          287.7914951989026
        ],
        [
          143.75857338820302,
          279.14951989026065
        ],
        [
          141.56378600823047,
          273.38820301783267
        ],
        [
          139.2318244170096,
          269.1358024691358
        ],
        [
          136.21399176954733,
          265.9807956104252
        ],
        [
          133.4705075445816,
          263.3744855967078
        ],
        [
          104.93827160493827,
          302.3319615912209
        ],
        [
          104.80109739368999,
          307.681755829904
        ],
        [
          134.4307270233196,
          267.764060356653
        ],
        [
          136.89986282578874,
          271.1934156378601
        ],
        [
          138.54595336076818,
          275.0342935528121
        ],
        [
          140.74074074074073,
          280.24691358024694
        ],
        [
          143.48422496570646,
          288.34019204389574
        ],
        [
          144.17009602194787,
          294.6502057613169
        ],
        [
          144.58161865569272,
          299.4513031550069
        ]
      ],
      "group_id": null,
      "shape_type": "polygon",
      "flags": {}
    },
    {
      "label": "door",
      "points": [
        [
          227.4,
          253.6
        ],
        [
          227.4,
          283.9
        ],
        [
          225.4,
          284.2
        ],
        [
          220.9,
          284.3
        ],
        [
          216.6,
          284.3
        ],
        [
          211.6,
          283.9
        ],
        [
          206.6,
          283.0
        ],
        [
          201.6,
          280.5
        ],
        [
          196.9,
          277.4
        ],
        [
          193.0,
          273.1
        ],
        [
          190.5,
          268.8
        ],
        [
          188.3,
          264.9
        ],
        [
          186.3,
          260.5
        ],
        [
          184.9,
          255.6
        ],
        [
          185.0,
          253.5
        ],
        [
          188.4,
          253.5
        ],
        [
          188.6,
          255.5
        ],
        [
          189.4,
          259.7
        ],
        [
          191.1,
          263.7
        ],
        [
          193.0,
          267.4
        ],
        [
          195.1,
          270.7
        ],
        [
          198.1,
          274.1
        ],
        [
          201.9,
          277.0
        ],
        [
          206.3,
          279.7
        ],
        [
          211.9,
          281.0
        ],
        [
          217.9,
          281.3
        ],
        [
          222.9,
          281.6
        ],
        [
          225.2,
          281.4
        ],
        [
          225.3,
          253.2
        ]
      ],
      "group_id": null,
      "shape_type": "polygon",
      "flags": {}
    },
    {
      "label": "door",
      "points": [
        [
          381.09890109890114,
          251.97802197802199
        ],
        [
          384.50549450549454,
          252.52747252747253
        ],
        [
          388.35164835164835,
          253.73626373626374
        ],
        [
          391.31868131868134,
          254.94505494505495
        ],
        [
          394.1758241758242,
          257.14285714285717
        ],
        [
          397.25274725274727,
          259.34065934065933
        ],
        [
          400.0,
          262.8571428571429
        ],
        [
          401.8681318681319,
          266.04395604395603
        ],
        [
          402.5274725274725,
          267.5824175824176
        ],
        [
          379.8901098901099,
          299.010989010989
        ],
        [
          384.83516483516485,
          299.6703296703297
        ],
        [
          406.8131868131868,
          268.02197802197804
        ],
        [
          405.3846153846154,
          265.05494505494505
        ],
        [
          403.84615384615387,
          261.64835164835165
        ],
        [
          401.75824175824175,
          258.24175824175825
        ],
        [
          398.6813186813187,
          255.16483516483518
        ],
        [
          395.4945054945055,
          253.2967032967033
        ],
        [
          392.3076923076923,
          251.86813186813188
        ],
        [
          388.02197802197804,
          250.65934065934067
        ],
        [
          383.5164835164835,
          250.0
        ],
        [
          380.989010989011,
          249.8901098901099
        ]
      ],
      "group_id": null,
      "shape_type": "polygon",
      "flags": {}
    }
  ],
  "imagePath": "31834734.jpg",
  "imageData": null,
  "imageHeight": 513,
  "imageWidth": 513
}