{
  "version": "4.5.9",
  "flags": {},
  "shapes": [
    {
      "label": "door",
      "points": [
        [
          45.2,
          257.6
        ],
        [
          56.0,
          238.5
        ],
        [
          56.4,
          237.5
        ],
        [
          53.8,
          235.6
        ],
        [
          49.6,
          234.9
        ],
        [
          45.6,
          234.8
        ],
        [
          45.4,
          236.5
        ],
        [
          48.3,
          236.9
        ],
        [
          52.2,
          238.0
        ],
        [
          52.9,
          238.6
        ],
        [
          42.9,
          256.1
        ]
      ],
      "group_id": null,
      "shape_type": "polygon",
      "flags": {}
    },
    {
      "label": "door",
      "points": [
        [
          56.6,
          262.9
        ],
        [
          53.6,
          262.8
        ],
        [
          53.7,
          244.0
        ],
        [
          53.6,
          241.1
        ],
        [
          56.1,
          240.8
        ],
        [
          61.8,
          241.3
        ],
        [
          66.0,
          242.8
        ],
        [
          70.0,
          244.7
        ],
        [
          73.4,
          248.2
        ],
        [
          75.7,
          251.7
        ],
        [
          78.2,
          255.5
        ],
        [
          79.7,
          259.8
        ],
        [
          80.1,
          262.3
        ],
        [
          77.1,
          262.4
        ],
        [
          76.6,
          259.9
        ],
        [
          75.7,
          257.1
        ],
        [
          74.2,
          253.9
        ],
        [
          71.9,
          251.4
        ],
        [
          69.4,
          248.5
        ],
        [
          66.5,
          246.6
        ],
        [
          64.3,
          245.5
        ],
        [
          61.1,
          244.2
        ],
        [
          56.9,
          243.4
        ]
      ],
      "group_id": null,
      "shape_type": "polygon",
      "flags": {}
    },
    {
      "label": "door",
      "points": [
        [
          51.12179487179487,
          352.2435897435897
        ],
        [
          51.12179487179487,
          328.8461538461538
        ],
        [
          53.52564102564102,
          328.8461538461538
        ],
        [
          58.4061135371179,
          329.8034934497816
        ],
        [
          62.99126637554585,
          330.7860262008734
        ],
        [
          66.92139737991266,
          332.4235807860262
        ],
        [
          70.96069868995633,
          335.69868995633186
        ],
        [
          74.34497816593887,
          339.8471615720524
        ],
        [
          76.9650655021834,
          344.43231441048033
        ],
        [
          78.7117903930131,
          349.12663755458516
        ],
        [
          79.36681222707423,
          352.1834061135371
        ],
        [
          76.52838427947599,
          352.1834061135371
        ],
        [
          75.10917030567686,
          348.3624454148472
        ],
        [
          73.2532751091703,
          343.44978165938863
        ],
        [
          69.75982532751091,
          338.9737991266376
        ],
        [
          65.50218340611353,
          335.69868995633186
        ],
        [
          61.46288209606987,
          334.06113537117903
        ],
        [
          57.20524017467249,
          332.6419213973799
        ],
        [
          54.148471615720524,
          332.31441048034935
        ],
        [
          53.82096069868996,
          352.4017467248908
        ]
      ],
      "group_id": null,
      "shape_type": "polygon",
      "flags": {}
    },
    {
      "label": "door",
      "points": [
        [
          221.8954248366013,
          399.6732026143791
        ],
        [
          211.43790849673204,
          381.37254901960785
        ],
        [
          213.83442265795208,
          380.6100217864924
        ],
        [
          217.42919389978215,
          379.520697167756
        ],
        [
          221.13289760348584,
          378.6492374727669
        ],
        [
          222.00435729847496,
          380.28322440087146
        ],
        [
          219.60784313725492,
          381.1546840958606
        ],
        [
          215.79520697167757,
          382.244008714597
        ],
        [
          224.50980392156865,
          398.36601307189545
        ]
      ],
      "group_id": null,
      "shape_type": "polygon",
      "flags": {}
    },
    {
      "label": "door",
      "points": [
        [
          345.48319327731093,
          51.575630252100844
        ],
        [
          322.6890756302521,
          51.47058823529412
        ],
        [
          322.5840336134454,
          54.096638655462186
        ],
        [
          323.0042016806723,
          58.29831932773109
        ],
        [
          324.4747899159664,
          61.34453781512605
        ],
        [
          326.57563025210084,
          65.33613445378151
        ],
        [
          328.6764705882353,
          68.90756302521008
        ],
        [
          331.4075630252101,
          71.95378151260505
        ],
        [
          336.1344537815126,
          75.10504201680672
        ],
        [
          340.8613445378151,
          76.3655462184874
        ],
        [
          345.9033613445378,
          76.99579831932773
        ],
        [
          345.6932773109244,
          74.36974789915966
        ],
        [
          340.8613445378151,
          74.15966386554622
        ],
        [
          336.764705882353,
          72.58403361344538
        ],
        [
          333.92857142857144,
          70.37815126050421
        ],
        [
          331.7226890756303,
          67.43697478991596
        ],
        [
          328.88655462184875,
          64.60084033613445
        ],
        [
          326.9957983193277,
          60.609243697478995
        ],
        [
          326.15546218487395,
          58.08823529411765
        ],
        [
          325.52521008403363,
          55.46218487394958
        ],
        [
          325.4201680672269,
          53.991596638655466
        ],
        [
          345.37815126050424,
          54.096638655462186
        ]
      ],
      "group_id": null,
      "shape_type": "polygon",
      "flags": {}
    },
    {
      "label": "door",
      "points": [
        [
          334.87394957983196,
          174.15966386554624
        ],
        [
          320.7983193277311,
          183.08823529411765
        ],
        [
          319.01260504201684,
          181.82773109243698
        ],
        [
          316.8067226890756,
          178.88655462184875
        ],
        [
          315.96638655462186,
          175.3151260504202
        ],
        [
          316.0714285714286,
          173.9495798319328
        ],
        [
          319.2226890756303,
          173.52941176470588
        ],
        [
          319.01260504201684,
          176.05042016806723
        ],
        [
          320.06302521008405,
          178.1512605042017
        ],
        [
          320.9033613445378,
          179.0966386554622
        ],
        [
          334.4537815126051,
          171.32352941176472
        ]
      ],
      "group_id": null,
      "shape_type": "polygon",
      "flags": {}
    },
    {
      "label": "door",
      "points": [
        [
          349.5798319327731,
          177.3109243697479
        ],
        [
          353.88655462184875,
          178.04621848739495
        ],
        [
          357.4579831932773,
          179.2016806722689
        ],
        [
          361.764705882353,
          181.30252100840337
        ],
        [
          365.546218487395,
          184.45378151260505
        ],
        [
          369.5378151260504,
          189.18067226890759
        ],
        [
          371.42857142857144,
          194.4327731092437
        ],
        [
          372.5840336134454,
          198.21428571428572
        ],
        [
          372.2689075630252,
          200.4201680672269
        ],
        [
          372.2689075630252,
          202.41596638655463
        ],
        [
          371.9537815126051,
          203.1512605042017
        ],
        [
          349.15966386554624,
          203.36134453781514
        ],
        [
          349.15966386554624,
          200.0
        ],
        [
          369.327731092437,
          199.78991596638656
        ],
        [
          370.1680672268908,
          199.68487394957984
        ],
        [
          369.5378151260504,
          196.11344537815128
        ],
        [
          367.33193277310926,
          191.07142857142858
        ],
        [
          365.2310924369748,
          188.3403361344538
        ],
        [
          362.28991596638656,
          185.18907563025212
        ],
        [
          359.24369747899163,
          182.7731092436975
        ],
        [
          355.0420168067227,
          180.8823529411765
        ],
        [
          350.10504201680675,
          180.0420168067227
        ]
      ],
      "group_id": null,
      "shape_type": "polygon",
      "flags": {}
    },
    {
      "label": "door",
      "points": [
        [
          354.7268907563025,
          213.97058823529412
        ],
        [
          376.05042016806726,
          213.76050420168067
        ],
        [
          376.6806722689076,
          215.6512605042017
        ],
        [
          377.10084033613447,
          219.01260504201682
        ],
        [
          376.47058823529414,
          222.1638655462185
        ],
        [
          375.0,
          225.52521008403363
        ],
        [
          372.1638655462185,
          229.0966386554622
        ],
        [
          369.8529411764706,
          231.82773109243698
        ],
        [
          366.1764705882353,
          234.45378151260505
        ],
        [
          362.60504201680675,
          236.55462184873952
        ],
        [
          358.4033613445378,
          237.9201680672269
        ],
        [
          355.25210084033614,
          238.02521008403363
        ],
        [
          355.672268907563,
          236.02941176470588
        ],
        [
          359.4537815126051,
          236.02941176470588
        ],
        [
          363.2352941176471,
          234.2436974789916
        ],
        [
          366.8067226890756,
          231.30252100840337
        ],
        [
          369.5378151260504,
          228.99159663865547
        ],
        [
          372.47899159663865,
          224.68487394957984
        ],
        [
          374.264705882353,
          221.53361344537817
        ],
        [
          374.8949579831933,
          216.38655462184875
        ],
        [
          354.51680672268907,
          216.49159663865547
        ]
      ],
      "group_id": null,
      "shape_type": "polygon",
      "flags": {}
    },
    {
      "label": "door",
      "points": [
        [
          347.37394957983196,
          277.41596638655466
        ],
        [
          347.47899159663865,
          299.4747899159664
        ],
        [
          345.48319327731093,
          299.68487394957987
        ],
        [
          341.38655462184875,
          299.68487394957987
        ],
        [
          337.3949579831933,
          298.31932773109247
        ],
        [
          333.718487394958,
          296.74369747899163
        ],
        [
          329.6218487394958,
          294.01260504201684
        ],
        [
          325.9453781512605,
          290.33613445378154
        ],
        [
          323.31932773109247,
          285.81932773109247
        ],
        [
          322.05882352941177,
          283.1932773109244
        ],
        [
          321.218487394958,
          278.5714285714286
        ],
        [
          321.42857142857144,
          277.2058823529412
        ],
        [
          323.6344537815126,
          277.52100840336135
        ],
        [
          324.15966386554624,
          279.0966386554622
        ],
        [
          325.10504201680675,
          282.66806722689074
        ],
        [
          326.7857142857143,
          286.9747899159664
        ],
        [
          329.83193277310926,
          290.546218487395
        ],
        [
          334.4537815126051,
          293.4873949579832
        ],
        [
          338.8655462184874,
          295.48319327731093
        ],
        [
          342.2268907563025,
          297.1638655462185
        ],
        [
          344.9579831932773,
          297.47899159663865
        ],
        [
          344.74789915966386,
          276.9957983193277
        ]
      ],
      "group_id": null,
      "shape_type": "polygon",
      "flags": {}
    },
    {
      "label": "door",
      "points": [
        [
          302.2962112514351,
          298.6222732491389
        ],
        [
          311.13662456946037,
          284.15614236509754
        ],
        [
          309.414466130884,
          283.2376578645235
        ],
        [
          305.85533869115955,
          281.28587830080363
        ],
        [
          302.0665901262916,
          280.71182548794485
        ],
        [
          302.0665901262916,
          283.3524684270953
        ],
        [
          304.9368541905855,
          283.2376578645235
        ],
        [
          306.4293915040183,
          283.69690011481055
        ],
        [
          307.34787600459237,
          284.2709529276693
        ],
        [
          299.31113662456943,
          296.90011481056257
        ]
      ],
      "group_id": null,
      "shape_type": "polygon",
      "flags": {}
    }
  ],
  "imagePath": "31830141.jpg",
  "imageData": null,
  "imageHeight": 513,
  "imageWidth": 513
}