{
  "version": "4.5.9",
  "flags": {},
  "shapes": [
    {
      "label": "door",
      "points": [
        [
          45.31645569620253,
          180.0
        ],
        [
          45.31645569620253,
          150.63291139240505
        ],
        [
          51.64556962025316,
          150.126582278481
        ],
        [
          66.07594936708861,
          151.64556962025316
        ],
        [
          81.01265822784809,
          154.68354430379748
        ],
        [
          96.20253164556962,
          160.0
        ],
        [
          104.81012658227847,
          164.55696202531644
        ],
        [
          110.88607594936708,
          170.37974683544303
        ],
        [
          115.94936708860759,
          178.2278481012658
        ],
        [
          115.94936708860759,
          179.49367088607593
        ],
        [
          109.1139240506329,
          179.49367088607593
        ],
        [
          107.84810126582278,
          174.9367088607595
        ],
        [
          103.3,
          170.4
        ],
        [
          97.9,
          166.4
        ],
        [
          91.9,
          163.5
        ],
        [
          85.6,
          161.3
        ],
        [
          79.2,
          158.7
        ],
        [
          71.1,
          157.2
        ],
        [
          65.7,
          155.9
        ],
        [
          55.4,
          154.9
        ],
        [
          51.2,
          155.0
        ],
        [
          51.7,
          181.3
        ],
        [
          45.4,
          181.3
        ]
      ],
      "group_id": null,
      "shape_type": "polygon",
      "flags": {}
    },
    {
      "label": "door",
      "points": [
        [
          119.04761904761905,
          229.2929292929293
        ],
        [
          54.4011544011544,
          229.72582972582973
        ],
        [
          54.4011544011544,
          235.93073593073595
        ],
        [
          56.132756132756136,
          241.12554112554113
        ],
        [
          61.32756132756133,
          246.03174603174605
        ],
        [
          66.81096681096682,
          250.7936507936508
        ],
        [
          74.45887445887446,
          254.25685425685427
        ],
        [
          81.52958152958153,
          256.7099567099567
        ],
        [
          88.74458874458875,
          258.2972582972583
        ],
        [
          94.94949494949495,
          259.45165945165945
        ],
        [
          101.44300144300145,
          260.8946608946609
        ],
        [
          106.63780663780665,
          261.32756132756134
        ],
        [
          113.997113997114,
          261.6161616161616
        ],
        [
          117.46031746031747,
          261.4718614718615
        ],
        [
          117.60461760461762,
          258.15295815295815
        ],
        [
          108.94660894660895,
          257.8643578643579
        ],
        [
          101.15440115440116,
          256.85425685425685
        ],
        [
          101.01010101010101,
          256.85425685425685
        ],
        [
          92.7849927849928,
          255.26695526695528
        ],
        [
          86.14718614718615,
          253.67965367965368
        ],
        [
          80.80808080808082,
          251.22655122655124
        ],
        [
          74.31457431457432,
          247.9076479076479
        ],
        [
          69.40836940836941,
          245.45454545454547
        ],
        [
          65.94516594516595,
          242.27994227994228
        ],
        [
          62.48196248196248,
          238.3838383838384
        ],
        [
          61.47186147186147,
          234.48773448773449
        ],
        [
          120.4906204906205,
          233.91053391053393
        ],
        [
          120.77922077922078,
          229.43722943722943
        ]
      ],
      "group_id": null,
      "shape_type": "polygon",
      "flags": {}
    },
    {
      "label": "door",
      "points": [
        [
          51.183970856102,
          329.6903460837887
        ],
        [
          51.548269581056466,
          297.632058287796
        ],
        [
          57.377049180327866,
          297.44990892531877
        ],
        [
          65.39162112932604,
          297.8142076502732
        ],
        [
          75.40983606557377,
          299.27140255009107
        ],
        [
          83.24225865209472,
          300.54644808743166
        ],
        [
          90.1639344262295,
          302.55009107468123
        ],
        [
          97.44990892531875,
          304.55373406193075
        ],
        [
          104.55373406193078,
          307.28597449908926
        ],
        [
          112.02185792349727,
          310.56466302367943
        ],
        [
          117.12204007285975,
          313.6612021857923
        ],
        [
          122.22222222222221,
          318.39708561020035
        ],
        [
          126.22950819672131,
          324.04371584699453
        ],
        [
          126.95810564663023,
          328.9617486338798
        ],
        [
          122.76867030965391,
          329.143897996357
        ],
        [
          120.9471766848816,
          324.40801457194897
        ],
        [
          116.75774134790528,
          319.3078324225865
        ],
        [
          108.7431693989071,
          313.4790528233151
        ],
        [
          101.82149362477232,
          309.8360655737705
        ],
        [
          94.35336976320582,
          306.92167577413477
        ],
        [
          88.52459016393442,
          305.8287795992714
        ],
        [
          80.8743169398907,
          303.4608378870674
        ],
        [
          73.22404371584699,
          302.367941712204
        ],
        [
          65.7559198542805,
          301.6393442622951
        ],
        [
          58.834244080145716,
          301.09289617486337
        ],
        [
          58.46994535519126,
          329.50819672131144
        ]
      ],
      "group_id": null,
      "shape_type": "polygon",
      "flags": {}
    },
    {
      "label": "door",
      "points": [
        [
          178.85196374622356,
          327.79456193353474
        ],
        [
          178.54984894259817,
          356.04229607250755
        ],
        [
          184.44108761329304,
          356.797583081571
        ],
        [
          192.29607250755288,
          356.34441087613294
        ],
        [
          203.9274924471299,
          354.833836858006
        ],
        [
          212.53776435045316,
          353.02114803625375
        ],
        [
          222.6586102719033,
          350.1510574018127
        ],
        [
          229.15407854984895,
          347.1299093655589
        ],
        [
          235.95166163141994,
          343.202416918429
        ],
        [
          240.93655589123867,
          339.1238670694864
        ],
        [
          244.4108761329305,
          332.93051359516613
        ],
        [
          245.7703927492447,
          327.34138972809666
        ],
        [
          241.8429003021148,
          327.34138972809666
        ],
        [
          241.38972809667672,
          331.57099697885195
        ],
        [
          236.85800604229607,
          336.404833836858
        ],
        [
          231.1178247734139,
          341.3897280966767
        ],
        [
          224.62235649546827,
          344.7129909365559
        ],
        [
          217.37160120845923,
          347.88519637462235
        ],
        [
          209.96978851963746,
          349.8489425981873
        ],
        [
          201.66163141993957,
          351.81268882175226
        ],
        [
          191.8429003021148,
          353.02114803625375
        ],
        [
          188.21752265861028,
          352.87009063444106
        ],
        [
          188.36858006042297,
          327.0392749244713
        ]
      ],
      "group_id": null,
      "shape_type": "polygon",
      "flags": {}
    },
    {
      "label": "door",
      "points": [
        [
          280.68350668647844,
          311.29271916790486
        ],
        [
          280.83209509658246,
          314.4130757800891
        ],
        [
          346.80534918276373,
          313.9673105497771
        ],
        [
          347.10252600297173,
          308.32095096582464
        ],
        [
          344.1307578008915,
          304.1604754829123
        ],
        [
          337.592867756315,
          297.6225854383358
        ],
        [
          331.5007429420505,
          293.3135215453195
        ],
        [
          323.9227340267459,
          289.45022288261515
        ],
        [
          315.75037147102523,
          287.815750371471
        ],
        [
          308.46953937592866,
          286.1812778603269
        ],
        [
          300.89153046062404,
          284.84398216939076
        ],
        [
          290.1931649331352,
          284.1010401188707
        ],
        [
          281.87221396731053,
          283.8038632986627
        ],
        [
          281.4264487369985,
          286.7756315007429
        ],
        [
          289.3016344725111,
          287.07280832095097
        ],
        [
          298.36552748885583,
          287.667161961367
        ],
        [
          306.9836552748885,
          289.0044576523031
        ],
        [
          313.9673105497771,
          290.78751857355127
        ],
        [
          320.6537890044576,
          292.8677563150074
        ],
        [
          327.7860326894502,
          295.3937592867756
        ],
        [
          332.9866270430906,
          298.9598811292719
        ],
        [
          336.2555720653789,
          301.4858841010401
        ],
        [
          339.52451708766716,
          305.3491827637444
        ],
        [
          341.3075780089153,
          309.3610698365527
        ],
        [
          341.7533432392273,
          310.2526002971768
        ],
        [
          280.83209509658246,
          309.8068350668648
        ]
      ],
      "group_id": null,
      "shape_type": "polygon",
      "flags": {}
    },
    {
      "label": "door",
      "points": [
        [
          295.4233409610984,
          429.5194508009153
        ],
        [
          295.1945080091533,
          453.08924485125857
        ],
        [
          289.4736842105263,
          454.0045766590389
        ],
        [
          282.15102974828375,
          454.233409610984
        ],
        [
          272.54004576659037,
          452.6315789473684
        ],
        [
          266.13272311212813,
          451.25858123569793
        ],
        [
          258.12356979405035,
          449.1990846681922
        ],
        [
          250.5720823798627,
          445.766590389016
        ],
        [
          243.70709382151028,
          441.41876430205946
        ],
        [
          238.21510297482837,
          437.7574370709382
        ],
        [
          234.5537757437071,
          432.03661327231123
        ],
        [
          234.09610983981693,
          428.604118993135
        ],
        [
          239.81693363844394,
          428.8329519450801
        ],
        [
          240.73226544622426,
          432.26544622425627
        ],
        [
          243.02059496567506,
          436.6132723112128
        ],
        [
          249.4279176201373,
          440.50343249427914
        ],
        [
          255.1487414187643,
          443.9359267734554
        ],
        [
          264.5308924485126,
          447.13958810068647
        ],
        [
          271.62471395881005,
          448.9702517162471
        ],
        [
          278.71853546910756,
          450.3432494279176
        ],
        [
          286.72768878718534,
          450.80091533180774
        ],
        [
          288.10068649885585,
          450.80091533180774
        ],
        [
          287.87185354691076,
          426.0869565217391
        ],
        [
          291.53318077803203,
          426.0869565217391
        ]
      ],
      "group_id": null,
      "shape_type": "polygon",
      "flags": {}
    }
  ],
  "imagePath": "31830006.jpg",
  "imageData": null,
  "imageHeight": 513,
  "imageWidth": 513
}