{
  "version": "4.5.9",
  "flags": {},
  "shapes": [
    {
      "label": "door",
      "points": [
        [
          274.93261455525607,
          289.7574123989218
        ],
        [
          275.2021563342318,
          264.9595687331536
        ],
        [
          268.73315363881403,
          264.9595687331536
        ],
        [
          264.2,
          266.0
        ],
        [
          258.2,
          267.9
        ],
        [
          253.4,
          270.1
        ],
        [
          248.1,
          273.2
        ],
        [
          243.7,
          276.9
        ],
        [
          240.8,
          280.7
        ],
        [
          238.7,
          284.7
        ],
        [
          237.7,
          289.7
        ],
        [
          240.5,
          289.9
        ],
        [
          240.6,
          287.5
        ],
        [
          241.6,
          284.5
        ],
        [
          243.5,
          281.7
        ],
        [
          246.4,
          278.8
        ],
        [
          249.5,
          275.8
        ],
        [
          253.2,
          273.3
        ],
        [
          256.2,
          271.9
        ],
        [
          259.4,
          270.3
        ],
        [
          263.3,
          269.0
        ],
        [
          267.6,
          268.3
        ],
        [
          272.1,
          268.2
        ],
        [
          272.3,
          268.3
        ],
        [
          272.5,
          289.8
        ]
      ],
      "group_id": null,
      "shape_type": "polygon",
      "flags": {}
    },
    {
      "label": "door",
      "points": [
        [
          287.4,
          360.3
        ],
        [
          251.9,
          360.2
        ],
        [
          251.7,
          356.8
        ],
        [
          252.3,
          352.6
        ],
        [
          255.0,
          347.5
        ],
        [
          259.3,
          343.4
        ],
        [
          263.9,
          339.8
        ],
        [
          268.0,
          337.4
        ],
        [
          273.2,
          335.4
        ],
        [
          278.6,
          334.3
        ],
        [
          286.3,
          334.0
        ],
        [
          286.0,
          336.1
        ],
        [
          279.1,
          336.7
        ],
        [
          275.6,
          337.3
        ],
        [
          270.8,
          338.6
        ],
        [
          265.7,
          341.2
        ],
        [
          260.8,
          345.1
        ],
        [
          256.8,
          349.5
        ],
        [
          254.7,
          353.6
        ],
        [
          254.3,
          357.9
        ],
        [
          254.6,
          358.3
        ],
        [
          287.1,
          358.2
        ]
      ],
      "group_id": null,
      "shape_type": "polygon",
      "flags": {}
    },
    {
      "label": "door",
      "points": [
        [
          240.16620498614958,
          371.3296398891967
        ],
        [
          241.82825484764544,
          375.90027700831024
        ],
        [
          243.90581717451525,
          379.91689750692524
        ],
        [
          247.0914127423823,
          383.6565096952909
        ],
        [
          250.0,
          386.14958448753464
        ],
        [
          253.73961218836567,
          388.2271468144044
        ],
        [
          258.7257617728532,
          390.02770083102496
        ],
        [
          263.15789473684214,
          391.41274238227146
        ],
        [
          267.7285318559557,
          392.5207756232687
        ],
        [
          271.7451523545706,
          393.213296398892
        ],
        [
          272.4376731301939,
          393.0747922437673
        ],
        [
          272.4376731301939,
          371.3296398891967
        ],
        [
          274.51523545706374,
          371.4681440443213
        ],
        [
          274.79224376731304,
          395.5678670360111
        ],
        [
          272.5761772853186,
          395.5678670360111
        ],
        [
          270.0831024930748,
          395.42936288088646
        ],
        [
          265.9279778393352,
          394.8753462603878
        ],
        [
          262.18836565096956,
          394.0443213296399
        ],
        [
          257.202216066482,
          392.797783933518
        ],
        [
          251.10803324099723,
          390.30470914127426
        ],
        [
          247.3684210526316,
          387.8116343490305
        ],
        [
          243.62880886426595,
          383.6565096952909
        ],
        [
          240.4432132963989,
          379.77839335180056
        ],
        [
          239.61218836565098,
          377.2853185595568
        ],
        [
          238.78116343490305,
          373.54570637119116
        ],
        [
          238.50415512465375,
          371.606648199446
        ]
      ],
      "group_id": null,
      "shape_type": "polygon",
      "flags": {}
    }
  ],
  "imagePath": "31850409.jpg",
  "imageData": null,
  "imageHeight": 513,
  "imageWidth": 513
}