{
  "version": "4.5.9",
  "flags": {},
  "shapes": [
    {
      "label": "door",
      "points": [
        [
          124.68827930174564,
          87.53117206982544
        ],
        [
          124.68827930174564,
          100.74812967581047
        ],
        [
          122.44389027431423,
          100.99750623441398
        ],
        [
          119.45137157107233,
          100.37406483790524
        ],
        [
          115.21197007481297,
          99.37655860349128
        ],
        [
          111.09725685785537,
          98.00498753117208
        ],
        [
          107.48129675810475,
          95.51122194513717
        ],
        [
          104.11471321695761,
          92.14463840399003
        ],
        [
          102.74314214463841,
          87.65586034912718
        ],
        [
          104.98753117206984,
          87.15710723192021
        ],
        [
          106.23441396508728,
          88.90274314214464
        ],
        [
          108.7281795511222,
          92.26932668329178
        ],
        [
          111.34663341645886,
          94.76309226932669
        ],
        [
          115.8354114713217,
          96.50872817955113
        ],
        [
          118.95261845386534,
          97.2568578553616
        ],
        [
          122.19451371571073,
          97.75561097256859
        ],
        [
          122.31920199501248,
          87.65586034912718
        ]
      ],
      "group_id": null,
      "shape_type": "polygon",
      "flags": {}
    },
    {
      "label": "door",
      "points": [
        [
          217.5,
          87.5
        ],
        [
          217.8,
          100.6
        ],
        [
          215.3,
          100.5
        ],
        [
          211.7,
          100.4
        ],
        [
          208.8,
          99.7
        ],
        [
          205.3,
          98.5
        ],
        [
          202.5,
          96.7
        ],
        [
          199.6,
          94.0
        ],
        [
          197.2,
          91.2
        ],
        [
          195.5,
          87.8
        ],
        [
          198.2,
          87.7
        ],
        [
          199.5,
          90.9
        ],
        [
          201.5,
          93.0
        ],
        [
          204.5,
          94.9
        ],
        [
          207.9,
          96.3
        ],
        [
          211.6,
          97.5
        ],
        [
          214.5,
          97.7
        ],
        [
          214.3,
          87.5
        ]
      ],
      "group_id": null,
      "shape_type": "polygon",
      "flags": {}
    },
    {
      "label": "door",
      "points": [
        [
          191.2,
          317.4
        ],
        [
          191.3,
          304.4
        ],
        [
          193.9,
          304.3
        ],
        [
          197.6,
          304.6
        ],
        [
          201.4,
          305.9
        ],
        [
          205.2,
          307.4
        ],
        [
          208.0,
          309.5
        ],
        [
          210.2,
          311.7
        ],
        [
          211.8,
          313.8
        ],
        [
          212.8,
          316.7
        ],
        [
          212.9,
          317.5
        ],
        [
          210.6,
          317.4
        ],
        [
          210.0,
          315.7
        ],
        [
          207.9,
          312.9
        ],
        [
          205.6,
          310.9
        ],
        [
          202.5,
          309.2
        ],
        [
          199.1,
          307.7
        ],
        [
          195.4,
          306.7
        ],
        [
          193.9,
          306.7
        ],
        [
          193.7,
          317.6
        ]
      ],
      "group_id": null,
      "shape_type": "polygon",
      "flags": {}
    },
    {
      "label": "door",
      "points": [
        [
          183.3,
          317.4
        ],
        [
          183.2,
          303.9
        ],
        [
          180.4,
          304.1
        ],
        [
          177.4,
          304.6
        ],
        [
          174.7,
          305.2
        ],
        [
          171.2,
          306.3
        ],
        [
          168.8,
          307.7
        ],
        [
          166.3,
          309.4
        ],
        [
          164.1,
          311.3
        ],
        [
          162.4,
          314.1
        ],
        [
          161.3,
          316.9
        ],
        [
          163.9,
          317.4
        ],
        [
          164.8,
          315.4
        ],
        [
          167.7,
          311.8
        ],
        [
          169.9,
          309.8
        ],
        [
          174.3,
          308.2
        ],
        [
          178.3,
          307.3
        ],
        [
          181.0,
          306.8
        ],
        [
          181.2,
          317.3
        ]
      ],
      "group_id": null,
      "shape_type": "polygon",
      "flags": {}
    },
    {
      "label": "door",
      "points": [
        [
          183.7,
          376.7
        ],
        [
          183.6,
          389.5
        ],
        [
          181.5,
          389.7
        ],
        [
          178.3,
          389.4
        ],
        [
          173.9,
          388.5
        ],
        [
          169.1,
          386.6
        ],
        [
          165.6,
          384.1
        ],
        [
          162.6,
          380.6
        ],
        [
          161.4,
          376.7
        ],
        [
          164.4,
          376.5
        ],
        [
          165.6,
          380.0
        ],
        [
          168.3,
          382.4
        ],
        [
          170.8,
          384.1
        ],
        [
          174.2,
          385.7
        ],
        [
          177.6,
          387.0
        ],
        [
          180.6,
          387.2
        ],
        [
          180.7,
          376.4
        ]
      ],
      "group_id": null,
      "shape_type": "polygon",
      "flags": {}
    },
    {
      "label": "door",
      "points": [
        [
          150.65502183406113,
          339.73799126637556
        ],
        [
          139.73799126637553,
          339.8471615720524
        ],
        [
          138.8646288209607,
          342.3580786026201
        ],
        [
          140.06550218340612,
          346.06986899563316
        ],
        [
          142.13973799126637,
          348.471615720524
        ],
        [
          145.41484716157206,
          349.5633187772926
        ],
        [
          147.05240174672488,
          350.10917030567686
        ],
        [
          143.23144104803492,
          351.4192139737991
        ],
        [
          140.72052401746726,
          353.82096069868993
        ],
        [
          138.97379912663754,
          356.6593886462882
        ],
        [
          139.19213973799125,
          359.71615720524017
        ],
        [
          139.51965065502182,
          360.3711790393013
        ],
        [
          150.43668122270742,
          360.48034934497815
        ],
        [
          150.2183406113537,
          358.29694323144105
        ],
        [
          141.92139737991266,
          358.51528384279476
        ],
        [
          141.8122270742358,
          356.7685589519651
        ],
        [
          143.66812227074234,
          354.8034934497816
        ],
        [
          145.85152838427948,
          353.27510917030565
        ],
        [
          149.34497816593887,
          352.07423580786025
        ],
        [
          152.5109170305677,
          351.4192139737991
        ],
        [
          154.4759825327511,
          350.9825327510917
        ],
        [
          154.6943231441048,
          349.5633187772926
        ],
        [
          152.5109170305677,
          349.5633187772926
        ],
        [
          150.0,
          348.90829694323145
        ],
        [
          147.05240174672488,
          347.16157205240177
        ],
        [
          144.65065502183407,
          345.5240174672489
        ],
        [
          143.0131004366812,
          343.44978165938863
        ],
        [
          142.7947598253275,
          341.48471615720524
        ],
        [
          150.65502183406113,
          341.3755458515284
        ]
      ],
      "group_id": null,
      "shape_type": "polygon",
      "flags": {}
    },
    {
      "label": "door",
      "points": [
        [
          152.5,
          430.7
        ],
        [
          152.7,
          418.8
        ],
        [
          155.2,
          418.8
        ],
        [
          158.1,
          419.0
        ],
        [
          162.0,
          419.6
        ],
        [
          165.2,
          420.8
        ],
        [
          168.1,
          422.3
        ],
        [
          170.8,
          424.2
        ],
        [
          172.6,
          426.3
        ],
        [
          173.7,
          428.8
        ],
        [
          174.1,
          430.9
        ],
        [
          171.7,
          430.7
        ],
        [
          171.1,
          429.3
        ],
        [
          169.1,
          426.7
        ],
        [
          167.0,
          425.1
        ],
        [
          164.6,
          423.5
        ],
        [
          161.6,
          422.5
        ],
        [
          159.1,
          421.9
        ],
        [
          155.8,
          421.5
        ],
        [
          154.9,
          421.5
        ],
        [
          155.1,
          433.2
        ],
        [
          153.6,
          432.9
        ]
      ],
      "group_id": null,
      "shape_type": "polygon",
      "flags": {}
    },
    {
      "label": "door",
      "points": [
        [
          366.7056074766355,
          283.52803738317755
        ],
        [
          372.3130841121495,
          284.9299065420561
        ],
        [
          376.40186915887847,
          286.6822429906542
        ],
        [
          379.08878504672896,
          289.2523364485981
        ],
        [
          382.35981308411215,
          293.4579439252336
        ],
        [
          383.8785046728972,
          297.66355140186914
        ],
        [
          383.8785046728972,
          299.7663551401869
        ],
        [
          383.06074766355135,
          300.35046728971963
        ],
        [
          366.58878504672896,
          300.46728971962614
        ],
        [
          366.58878504672896,
          297.19626168224295
        ],
        [
          380.4906542056074,
          297.66355140186914
        ],
        [
          379.9065420560747,
          294.85981308411215
        ],
        [
          377.68691588785043,
          292.0560747663551
        ],
        [
          374.7663551401869,
          289.7196261682243
        ],
        [
          372.19626168224295,
          288.0841121495327
        ],
        [
          368.4579439252336,
          286.9158878504673
        ],
        [
          366.4719626168224,
          286.9158878504673
        ]
      ],
      "group_id": null,
      "shape_type": "polygon",
      "flags": {}
    },
    {
      "label": "door",
      "points": [
        [
          368.70897155361047,
          395.51422319474835
        ],
        [
          368.92778993435445,
          382.6039387308534
        ],
        [
          371.44420131291025,
          382.3851203501094
        ],
        [
          375.9299781181619,
          382.93216630196935
        ],
        [
          380.7439824945295,
          384.24507658643324
        ],
        [
          385.1203501094092,
          386.3238512035011
        ],
        [
          388.2932166301969,
          389.05908096280086
        ],
        [
          390.48140043763675,
          392.5601750547046
        ],
        [
          391.0284463894967,
          395.40481400437636
        ],
        [
          388.7308533916849,
          395.9518599562363
        ],
        [
          388.18380743982493,
          394.09190371991247
        ],
        [
          386.54266958424506,
          391.79431072210065
        ],
        [
          384.24507658643324,
          389.8249452954048
        ],
        [
          381.40043763676147,
          388.2932166301969
        ],
        [
          378.7746170678337,
          386.980306345733
        ],
        [
          376.1487964989059,
          385.8862144420131
        ],
        [
          373.3041575492341,
          385.44857768052515
        ],
        [
          371.55361050328224,
          385.33916849015316
        ],
        [
          371.66301969365423,
          395.40481400437636
        ]
      ],
      "group_id": null,
      "shape_type": "polygon",
      "flags": {}
    }
  ],
  "imagePath": "31852929.jpg",
  "imageData": null,
  "imageHeight": 513,
  "imageWidth": 513
}