{
  "version": "4.5.9",
  "flags": {},
  "shapes": [
    {
      "label": "door",
      "points": [
        [
          38.3,
          172.1
        ],
        [
          38.6,
          157.0
        ],
        [
          42.8,
          156.9
        ],
        [
          49.4,
          157.0
        ],
        [
          56.0,
          157.9
        ],
        [
          63.8,
          159.8
        ],
        [
          70.5,
          161.5
        ],
        [
          76.6,
          164.3
        ],
        [
          80.9,
          168.6
        ],
        [
          86.1,
          165.0
        ],
        [
          90.7,
          162.6
        ],
        [
          97.0,
          160.6
        ],
        [
          103.8,
          158.5
        ],
        [
          111.7,
          157.3
        ],
        [
          118.8,
          156.8
        ],
        [
          123.73113854595336,
          156.65294924554183
        ],
        [
          123.59396433470508,
          171.46776406035664
        ],
        [
          120.02743484224966,
          171.60493827160494
        ],
        [
          120.16460905349794,
          159.53360768175583
        ],
        [
          115.9122085048011,
          159.25925925925927
        ],
        [
          111.11111111111111,
          159.53360768175583
        ],
        [
          106.44718792866941,
          160.21947873799726
        ],
        [
          102.46913580246914,
          161.5912208504801
        ],
        [
          96.98216735253773,
          163.10013717421126
        ],
        [
          91.4951989026063,
          165.2949245541838
        ],
        [
          86.55692729766804,
          167.76406035665295
        ],
        [
          83.67626886145405,
          170.78189300411523
        ],
        [
          83.81344307270233,
          174.07407407407408
        ],
        [
          79.14951989026063,
          174.21124828532237
        ],
        [
          79.14951989026063,
          171.8792866941015
        ],
        [
          78.32647462277092,
          170.2331961591221
        ],
        [
          76.26886145404664,
          168.3127572016461
        ],
        [
          72.29080932784636,
          165.70644718792866
        ],
        [
          68.99862825788752,
          164.19753086419752
        ],
        [
          64.88340192043896,
          162.6886145404664
        ],
        [
          59.12208504801097,
          161.31687242798353
        ],
        [
          54.59533607681756,
          160.08230452674897
        ],
        [
          50.34293552812071,
          159.39643347050753
        ],
        [
          43.75857338820302,
          159.25925925925927
        ],
        [
          41.97530864197531,
          159.25925925925927
        ],
        [
          41.97530864197531,
          171.8792866941015
        ]
      ],
      "group_id": null,
      "shape_type": "polygon",
      "flags": {}
    },
    {
      "label": "door",
      "points": [
        [
          132.35294117647058,
          246.77871148459383
        ],
        [
          127.17086834733892,
          247.1988795518207
        ],
        [
          120.02801120448179,
          248.59943977591035
        ],
        [
          114.5658263305322,
          250.14005602240894
        ],
        [
          109.9439775910364,
          251.8207282913165
        ],
        [
          104.90196078431372,
          254.06162464985994
        ],
        [
          101.1204481792717,
          256.4425770308123
        ],
        [
          99.01960784313725,
          260.22408963585434
        ],
        [
          96.35854341736695,
          264.5658263305322
        ],
        [
          96.77871148459383,
          266.94677871148457
        ],
        [
          133.0532212885154,
          267.0868347338935
        ],
        [
          132.91316526610643,
          264.5658263305322
        ],
        [
          99.99999999999999,
          265.5462184873949
        ],
        [
          101.40056022408963,
          262.04481792717087
        ],
        [
          104.62184873949579,
          258.4033613445378
        ],
        [
          108.4033613445378,
          256.1624649859944
        ],
        [
          113.0252100840336,
          254.20168067226888
        ],
        [
          117.6470588235294,
          252.10084033613444
        ],
        [
          124.22969187675069,
          250.2801120448179
        ],
        [
          128.71148459383753,
          249.43977591036412
        ],
        [
          132.2128851540616,
          249.29971988795515
        ]
      ],
      "group_id": null,
      "shape_type": "polygon",
      "flags": {}
    },
    {
      "label": "door",
      "points": [
        [
          225.1572327044025,
          190.56603773584905
        ],
        [
          225.66037735849056,
          175.72327044025158
        ],
        [
          223.27044025157232,
          175.34591194968553
        ],
        [
          217.61006289308176,
          175.47169811320754
        ],
        [
          210.81761006289307,
          175.72327044025158
        ],
        [
          204.1509433962264,
          176.72955974842768
        ],
        [
          198.86792452830187,
          177.98742138364778
        ],
        [
          193.45911949685535,
          179.874213836478
        ],
        [
          186.66666666666666,
          182.76729559748426
        ],
        [
          179.62264150943395,
          186.9182389937107
        ],
        [
          177.1069182389937,
          190.56603773584905
        ],
        [
          178.86792452830187,
          191.9496855345912
        ],
        [
          181.63522012578616,
          188.55345911949686
        ],
        [
          186.28930817610063,
          185.66037735849056
        ],
        [
          193.71069182389937,
          182.64150943396226
        ],
        [
          199.37106918238993,
          180.75471698113208
        ],
        [
          206.16352201257862,
          179.24528301886792
        ],
        [
          211.9496855345912,
          178.36477987421384
        ],
        [
          216.9811320754717,
          178.11320754716982
        ],
        [
          220.25157232704402,
          177.98742138364778
        ],
        [
          222.38993710691824,
          178.36477987421384
        ],
        [
          222.38993710691824,
          189.93710691823898
        ],
        [
          222.64150943396226,
          190.69182389937106
        ]
      ],
      "group_id": null,
      "shape_type": "polygon",
      "flags": {}
    },
    {
      "label": "door",
      "points": [
        [
          229.81132075471697,
          203.39622641509433
        ],
        [
          191.8238993710692,
          204.0251572327044
        ],
        [
          192.45283018867923,
          207.7987421383648
        ],
        [
          194.71698113207546,
          211.57232704402514
        ],
        [
          198.1132075471698,
          215.47169811320754
        ],
        [
          202.26415094339623,
          218.1132075471698
        ],
        [
          208.9308176100629,
          220.88050314465409
        ],
        [
          216.22641509433961,
          222.76729559748426
        ],
        [
          221.88679245283018,
          224.52830188679243
        ],
        [
          228.9308176100629,
          225.91194968553458
        ],
        [
          228.9308176100629,
          223.39622641509433
        ],
        [
          225.2830188679245,
          222.76729559748426
        ],
        [
          221.76100628930817,
          221.38364779874215
        ],
        [
          216.22641509433961,
          220.25157232704402
        ],
        [
          212.0754716981132,
          218.36477987421384
        ],
        [
          206.91823899371067,
          216.1006289308176
        ],
        [
          202.26415094339623,
          214.21383647798743
        ],
        [
          199.62264150943395,
          211.8238993710692
        ],
        [
          197.2327044025157,
          208.42767295597483
        ],
        [
          196.72955974842768,
          206.28930817610063
        ],
        [
          229.81132075471697,
          205.66037735849056
        ]
      ],
      "group_id": null,
      "shape_type": "polygon",
      "flags": {}
    },
    {
      "label": "door",
      "points": [
        [
          243.27044025157232,
          242.38993710691824
        ],
        [
          206.54088050314465,
          242.38993710691824
        ],
        [
          207.16981132075472,
          248.30188679245282
        ],
        [
          209.81132075471697,
          251.8238993710692
        ],
        [
          214.0880503144654,
          255.22012578616352
        ],
        [
          218.61635220125785,
          257.2327044025157
        ],
        [
          225.1572327044025,
          259.1194968553459
        ],
        [
          233.58490566037736,
          261.0062893081761
        ],
        [
          241.88679245283018,
          262.7672955974843
        ],
        [
          243.8993710691824,
          262.8930817610063
        ],
        [
          243.52201257861634,
          260.0
        ],
        [
          238.49056603773585,
          259.748427672956
        ],
        [
          232.0754716981132,
          258.3647798742138
        ],
        [
          224.40251572327043,
          256.47798742138366
        ],
        [
          217.73584905660377,
          253.83647798742138
        ],
        [
          212.9559748427673,
          250.18867924528303
        ],
        [
          210.062893081761,
          246.79245283018867
        ],
        [
          208.9308176100629,
          244.65408805031447
        ],
        [
          243.64779874213835,
          244.65408805031447
        ]
      ],
      "group_id": null,
      "shape_type": "polygon",
      "flags": {}
    },
    {
      "label": "door",
      "points": [
        [
          239.49685534591194,
          273.45911949685535
        ],
        [
          239.62264150943395,
          286.9182389937107
        ],
        [
          236.47798742138363,
          287.92452830188677
        ],
        [
          232.2012578616352,
          288.1761006289308
        ],
        [
          226.91823899371067,
          287.92452830188677
        ],
        [
          219.49685534591194,
          287.0440251572327
        ],
        [
          213.45911949685535,
          286.1635220125786
        ],
        [
          208.30188679245282,
          284.52830188679246
        ],
        [
          203.52201257861634,
          283.0188679245283
        ],
        [
          198.61635220125785,
          281.0062893081761
        ],
        [
          194.84276729559747,
          278.23899371069183
        ],
        [
          191.0691823899371,
          274.2138364779874
        ],
        [
          190.81761006289307,
          272.95597484276726
        ],
        [
          193.2075471698113,
          271.57232704402514
        ],
        [
          195.34591194968553,
          275.0943396226415
        ],
        [
          199.37106918238993,
          278.23899371069183
        ],
        [
          203.39622641509433,
          279.87421383647796
        ],
        [
          208.9308176100629,
          281.50943396226415
        ],
        [
          214.9685534591195,
          283.0188679245283
        ],
        [
          219.874213836478,
          284.1509433962264
        ],
        [
          224.65408805031447,
          285.2830188679245
        ],
        [
          229.43396226415095,
          286.0377358490566
        ],
        [
          234.59119496855345,
          285.9119496855346
        ],
        [
          235.59748427672955,
          285.40880503144655
        ],
        [
          235.8490566037736,
          273.20754716981133
        ]
      ],
      "group_id": null,
      "shape_type": "polygon",
      "flags": {}
    },
    {
      "label": "door",
      "points": [
        [
          301.984126984127,
          275.5291005291005
        ],
        [
          264.68253968253964,
          275.5291005291005
        ],
        [
          264.55026455026456,
          278.57142857142856
        ],
        [
          266.26984126984127,
          283.2010582010582
        ],
        [
          271.2962962962963,
          286.90476190476187
        ],
        [
          276.85185185185185,
          289.4179894179894
        ],
        [
          283.46560846560845,
          291.4021164021164
        ],
        [
          289.2857142857143,
          293.25396825396825
        ],
        [
          298.14814814814815,
          293.78306878306876
        ],
        [
          300.9259259259259,
          293.78306878306876
        ],
        [
          300.7936507936508,
          290.2116402116402
        ],
        [
          294.04761904761904,
          290.4761904761905
        ],
        [
          288.0952380952381,
          289.68253968253964
        ],
        [
          282.9365079365079,
          288.7566137566137
        ],
        [
          278.04232804232805,
          287.16931216931215
        ],
        [
          273.5449735449735,
          284.25925925925924
        ],
        [
          269.7089947089947,
          281.8783068783069
        ],
        [
          268.3862433862434,
          278.83597883597884
        ],
        [
          268.3862433862434,
          277.77777777777777
        ],
        [
          301.7195767195767,
          277.77777777777777
        ]
      ],
      "group_id": null,
      "shape_type": "polygon",
      "flags": {}
    },
    {
      "label": "door",
      "points": [
        [
          345.1666666666667,
          320.0
        ],
        [
          341.6666666666667,
          324.0
        ],
        [
          335.6666666666667,
          326.5
        ],
        [
          328.1666666666667,
          328.0
        ],
        [
          320.8333333333333,
          328.1666666666667
        ],
        [
          317.6666666666667,
          328.1666666666667
        ],
        [
          317.8333333333333,
          319.3333333333333
        ],
        [
          320.6666666666667,
          319.8333333333333
        ],
        [
          320.8333333333333,
          325.3333333333333
        ],
        [
          324.5,
          325.1666666666667
        ],
        [
          329.6666666666667,
          324.6666666666667
        ],
        [
          334.1666666666667,
          323.5
        ],
        [
          337.8333333333333,
          322.0
        ],
        [
          340.8333333333333,
          319.6666666666667
        ],
        [
          341.8333333333333,
          318.8333333333333
        ]
      ],
      "group_id": null,
      "shape_type": "polygon",
      "flags": {}
    }
  ],
  "imagePath": "31857804.jpg",
  "imageData": null,
  "imageHeight": 513,
  "imageWidth": 513
}