{
  "version": "4.5.9",
  "flags": {},
  "shapes": [
    {
      "label": "door",
      "points": [
        [
          140.7,
          224.6
        ],
        [
          141.0,
          216.2
        ],
        [
          143.3,
          216.1
        ],
        [
          147.1,
          216.6
        ],
        [
          150.1,
          218.1
        ],
        [
          152.9,
          220.4
        ],
        [
          154.5,
          223.4
        ],
        [
          154.9,
          224.9
        ],
        [
          152.5,
          224.9
        ],
        [
          152.1,
          223.3
        ],
        [
          150.6,
          222.0
        ],
        [
          148.7,
          220.7
        ],
        [
          146.4,
          220.0
        ],
        [
          144.3,
          219.5
        ],
        [
          143.5,
          219.4
        ],
        [
          143.4,
          224.8
        ]
      ],
      "group_id": null,
      "shape_type": "polygon",
      "flags": {}
    },
    {
      "label": "door",
      "points": [
        [
          161.0,
          239.7
        ],
        [
          161.1,
          241.4
        ],
        [
          173.4,
          241.0
        ],
        [
          172.9,
          238.3
        ],
        [
          171.7,
          235.8
        ],
        [
          169.8,
          234.1
        ],
        [
          167.1,
          232.4
        ],
        [
          161.9,
          231.1
        ],
        [
          161.5,
          232.6
        ],
        [
          164.2,
          233.1
        ],
        [
          166.3,
          234.6
        ],
        [
          168.2,
          235.8
        ],
        [
          169.6,
          237.2
        ],
        [
          170.5,
          239.5
        ]
      ],
      "group_id": null,
      "shape_type": "polygon",
      "flags": {}
    },
    {
      "label": "door",
      "points": [
        [
          156.6,
          247.2
        ],
        [
          145.0,
          247.2
        ],
        [
          145.0,
          249.8
        ],
        [
          146.1,
          253.2
        ],
        [
          149.3,
          255.4
        ],
        [
          152.6,
          257.2
        ],
        [
          156.1,
          258.0
        ],
        [
          156.3,
          255.9
        ],
        [
          154.2,
          255.4
        ],
        [
          151.9,
          254.3
        ],
        [
          149.7,
          252.6
        ],
        [
          147.8,
          250.5
        ],
        [
          147.6,
          249.4
        ],
        [
          156.5,
          249.4
        ]
      ],
      "group_id": null,
      "shape_type": "polygon",
      "flags": {}
    },
    {
      "label": "door",
      "points": [
        [
          144.1,
          344.4
        ],
        [
          144.0,
          352.3
        ],
        [
          145.8,
          352.3
        ],
        [
          149.1,
          352.1
        ],
        [
          153.9,
          349.8
        ],
        [
          158.2,
          345.6
        ],
        [
          159.1,
          344.1
        ],
        [
          156.9,
          343.7
        ],
        [
          155.1,
          345.2
        ],
        [
          153.1,
          347.2
        ],
        [
          150.8,
          348.6
        ],
        [
          148.5,
          349.3
        ],
        [
          146.4,
          349.6
        ],
        [
          146.5,
          343.7
        ]
      ],
      "group_id": null,
      "shape_type": "polygon",
      "flags": {}
    },
    {
      "label": "door",
      "points": [
        [
          201.1,
          323.3
        ],
        [
          188.9,
          323.2
        ],
        [
          188.6,
          325.7
        ],
        [
          190.3,
          329.7
        ],
        [
          192.4,
          331.8
        ],
        [
          194.7,
          333.9
        ],
        [
          198.9,
          334.9
        ],
        [
          200.9,
          334.8
        ],
        [
          200.8,
          333.0
        ],
        [
          197.4,
          332.0
        ],
        [
          194.5,
          330.6
        ],
        [
          192.9,
          328.7
        ],
        [
          191.9,
          325.5
        ],
        [
          201.2,
          325.7
        ]
      ],
      "group_id": null,
      "shape_type": "polygon",
      "flags": {}
    },
    {
      "label": "door",
      "points": [
        [
          200.8,
          406.7
        ],
        [
          189.6,
          406.9
        ],
        [
          189.2,
          410.1
        ],
        [
          190.9,
          413.2
        ],
        [
          193.3,
          415.7
        ],
        [
          195.3,
          416.9
        ],
        [
          197.3,
          417.6
        ],
        [
          199.5,
          417.9
        ],
        [
          200.3,
          417.9
        ],
        [
          200.1,
          415.7
        ],
        [
          197.9,
          415.2
        ],
        [
          196.1,
          414.3
        ],
        [
          194.5,
          412.7
        ],
        [
          192.9,
          411.5
        ],
        [
          192.5,
          409.9
        ],
        [
          201.0,
          409.7
        ]
      ],
      "group_id": null,
      "shape_type": "polygon",
      "flags": {}
    },
    {
      "label": "door",
      "points": [
        [
          208.3,
          385.9
        ],
        [
          208.2,
          392.7
        ],
        [
          209.6,
          393.6
        ],
        [
          213.4,
          393.4
        ],
        [
          216.9,
          392.4
        ],
        [
          220.7,
          390.6
        ],
        [
          222.3,
          387.7
        ],
        [
          223.2,
          385.4
        ],
        [
          221.1,
          385.0
        ],
        [
          219.7,
          387.5
        ],
        [
          217.4,
          389.2
        ],
        [
          213.8,
          390.6
        ],
        [
          210.9,
          391.1
        ],
        [
          210.3,
          391.0
        ],
        [
          210.5,
          385.6
        ]
      ],
      "group_id": null,
      "shape_type": "polygon",
      "flags": {}
    },
    {
      "label": "door",
      "points": [
        [
          300.8,
          254.0
        ],
        [
          300.6,
          244.7
        ],
        [
          303.6,
          244.8
        ],
        [
          307.6,
          245.2
        ],
        [
          313.0,
          247.6
        ],
        [
          315.9,
          251.0
        ],
        [
          318.2,
          248.6
        ],
        [
          321.2,
          246.6
        ],
        [
          324.7,
          245.5
        ],
        [
          327.4,
          245.4
        ],
        [
          330.5,
          245.2
        ],
        [
          331.8,
          245.2
        ],
        [
          331.6,
          254.5
        ],
        [
          329.2,
          254.6
        ],
        [
          329.0,
          247.5
        ],
        [
          326.6,
          247.7
        ],
        [
          323.5,
          249.0
        ],
        [
          320.9,
          250.6
        ],
        [
          318.9,
          252.6
        ],
        [
          318.5,
          255.4
        ],
        [
          315.3,
          255.4
        ],
        [
          314.8,
          253.5
        ],
        [
          313.5,
          251.7
        ],
        [
          311.8,
          250.4
        ],
        [
          309.8,
          248.8
        ],
        [
          307.8,
          248.0
        ],
        [
          304.7,
          247.5
        ],
        [
          303.4,
          247.5
        ],
        [
          303.4,
          254.4
        ]
      ],
      "group_id": null,
      "shape_type": "polygon",
      "flags": {}
    },
    {
      "label": "door",
      "points": [
        [
          316.4719626168224,
          396.7289719626168
        ],
        [
          316.7056074766355,
          404.9065420560747
        ],
        [
          314.95327102803736,
          405.0233644859813
        ],
        [
          311.9158878504673,
          405.0233644859813
        ],
        [
          308.99532710280374,
          404.08878504672896
        ],
        [
          305.9579439252336,
          402.2196261682243
        ],
        [
          303.62149532710276,
          399.7663551401869
        ],
        [
          302.3364485981308,
          396.7289719626168
        ],
        [
          304.67289719626166,
          396.49532710280374
        ],
        [
          305.72429906542055,
          398.4813084112149
        ],
        [
          307.8271028037383,
          400.3504672897196
        ],
        [
          310.2803738317757,
          401.51869158878503
        ],
        [
          312.14953271028037,
          401.98598130841117
        ],
        [
          314.2523364485981,
          402.5700934579439
        ],
        [
          314.48598130841117,
          396.3785046728972
        ]
      ],
      "group_id": null,
      "shape_type": "polygon",
      "flags": {}
    },
    {
      "label": "door",
      "points": [
        [
          337.38317757009344,
          396.49532710280374
        ],
        [
          336.91588785046724,
          404.7897196261682
        ],
        [
          335.16355140186914,
          404.67289719626166
        ],
        [
          330.9579439252336,
          404.322429906542
        ],
        [
          327.68691588785043,
          402.9205607476635
        ],
        [
          324.64953271028037,
          400.23364485981307
        ],
        [
          323.24766355140184,
          396.61214953271025
        ],
        [
          325.46728971962614,
          396.02803738317755
        ],
        [
          326.1682242990654,
          398.0140186915888
        ],
        [
          327.803738317757,
          400.0
        ],
        [
          330.0233644859813,
          401.51869158878503
        ],
        [
          332.7102803738318,
          401.63551401869154
        ],
        [
          334.3457943925233,
          401.86915887850466
        ],
        [
          334.4626168224299,
          396.2616822429906
        ]
      ],
      "group_id": null,
      "shape_type": "polygon",
      "flags": {}
    },
    {
      "label": "door",
      "points": [
        [
          355.6284153005464,
          359.672131147541
        ],
        [
          344.4808743169399,
          359.672131147541
        ],
        [
          344.59016393442624,
          362.40437158469945
        ],
        [
          346.2295081967213,
          365.90163934426226
        ],
        [
          349.07103825136613,
          368.1967213114754
        ],
        [
          351.5846994535519,
          369.6174863387978
        ],
        [
          354.4262295081967,
          370.60109289617486
        ],
        [
          355.8469945355191,
          370.8196721311475
        ],
        [
          355.8469945355191,
          368.1967213114754
        ],
        [
          353.11475409836066,
          367.21311475409834
        ],
        [
          350.27322404371586,
          365.79234972677597
        ],
        [
          348.5245901639344,
          364.2622950819672
        ],
        [
          348.08743169398906,
          362.5136612021858
        ],
        [
          347.9781420765027,
          362.07650273224044
        ],
        [
          355.73770491803276,
          362.07650273224044
        ]
      ],
      "group_id": null,
      "shape_type": "polygon",
      "flags": {}
    },
    {
      "label": "door",
      "points": [
        [
          161.6,
          308.8
        ],
        [
          168.6,
          301.7
        ],
        [
          170.7,
          302.9
        ],
        [
          172.7,
          305.9
        ],
        [
          173.6,
          309.9
        ],
        [
          173.5,
          314.2
        ],
        [
          173.0,
          316.2
        ],
        [
          170.5,
          316.0
        ],
        [
          170.5,
          313.3
        ],
        [
          171.0,
          311.1
        ],
        [
          170.7,
          308.4
        ],
        [
          170.4,
          306.3
        ],
        [
          169.5,
          304.9
        ],
        [
          163.3,
          310.8
        ]
      ],
      "group_id": null,
      "shape_type": "polygon",
      "flags": {}
    }
  ],
  "imagePath": "31852932.jpg",
  "imageData": null,
  "imageHeight": 513,
  "imageWidth": 513
}