{
  "version": "4.5.9",
  "flags": {},
  "shapes": [
    {
      "label": "door",
      "points": [
        [
          24.288107202680067,
          179.22948073701843
        ],
        [
          24.45561139028476,
          159.463986599665
        ],
        [
          27.1356783919598,
          159.1289782244556
        ],
        [
          29.983249581239534,
          159.463986599665
        ],
        [
          35.175879396984925,
          160.80402010050253
        ],
        [
          38.19095477386935,
          163.14907872696818
        ],
        [
          41.37353433835846,
          166.83417085427138
        ],
        [
          43.551088777219434,
          170.68676716917923
        ],
        [
          44.891122278056955,
          174.7068676716918
        ],
        [
          45.561139028475715,
          178.22445561139028
        ],
        [
          44.0536013400335,
          178.72696817420436
        ],
        [
          42.378559463986605,
          178.22445561139028
        ],
        [
          41.87604690117253,
          175.37688442211055
        ],
        [
          40.87102177554439,
          172.8643216080402
        ],
        [
          39.028475711892796,
          169.17922948073704
        ],
        [
          35.51088777219431,
          166.3316582914573
        ],
        [
          32.32830820770519,
          164.65661641541038
        ],
        [
          28.14070351758794,
          163.81909547738695
        ],
        [
          28.8107202680067,
          178.55946398659967
        ],
        [
          28.8107202680067,
          179.56448911222782
        ]
      ],
      "group_id": null,
      "shape_type": "polygon",
      "flags": {}
    },
    {
      "label": "door",
      "points": [
        [
          108.1,
          143.4
        ],
        [
          111.0,
          143.7
        ],
        [
          113.3,
          145.0
        ],
        [
          115.2,
          146.6
        ],
        [
          115.8,
          148.8
        ],
        [
          107.3,
          158.0
        ],
        [
          105.4,
          158.0
        ],
        [
          104.8,
          157.3
        ],
        [
          112.7,
          148.6
        ],
        [
          111.7,
          146.9
        ],
        [
          109.6,
          146.1
        ],
        [
          107.2,
          145.6
        ]
      ],
      "group_id": null,
      "shape_type": "polygon",
      "flags": {}
    },
    {
      "label": "door",
      "points": [
        [
          130.71748878923768,
          162.44394618834082
        ],
        [
          131.16591928251123,
          142.9372197309417
        ],
        [
          133.7443946188341,
          143.16143497757847
        ],
        [
          138.11659192825113,
          143.7219730941704
        ],
        [
          142.152466367713,
          145.51569506726457
        ],
        [
          146.8609865470852,
          150.1121076233184
        ],
        [
          149.77578475336324,
          155.60538116591928
        ],
        [
          150.44843049327355,
          156.2780269058296
        ],
        [
          152.3542600896861,
          152.46636771300447
        ],
        [
          154.82062780269058,
          149.1031390134529
        ],
        [
          158.7443946188341,
          146.07623318385652
        ],
        [
          163.45291479820628,
          143.49775784753362
        ],
        [
          168.27354260089686,
          142.9372197309417
        ],
        [
          170.51569506726457,
          142.9372197309417
        ],
        [
          170.06726457399103,
          161.99551569506727
        ],
        [
          167.71300448430495,
          162.33183856502242
        ],
        [
          166.92825112107624,
          162.10762331838566
        ],
        [
          167.37668161434976,
          145.73991031390133
        ],
        [
          164.1255605381166,
          146.07623318385652
        ],
        [
          160.31390134529147,
          148.4304932735426
        ],
        [
          156.61434977578475,
          151.34529147982062
        ],
        [
          154.37219730941703,
          154.93273542600897
        ],
        [
          152.69058295964126,
          157.9596412556054
        ],
        [
          152.2421524663677,
          160.31390134529147
        ],
        [
          152.2421524663677,
          163.11659192825113
        ],
        [
          152.2421524663677,
          166.5919282511211
        ],
        [
          150.44843049327355,
          167.152466367713
        ],
        [
          148.99103139013454,
          167.0403587443946
        ],
        [
          149.2152466367713,
          163.56502242152467
        ],
        [
          149.2152466367713,
          159.1928251121076
        ],
        [
          147.42152466367713,
          156.05381165919283
        ],
        [
          145.2914798206278,
          152.91479820627802
        ],
        [
          142.2645739910314,
          148.99103139013454
        ],
        [
          139.23766816143498,
          147.19730941704037
        ],
        [
          135.0896860986547,
          146.07623318385652
        ],
        [
          133.85650224215246,
          146.18834080717488
        ],
        [
          134.08071748878925,
          162.66816143497758
        ]
      ],
      "group_id": null,
      "shape_type": "polygon",
      "flags": {}
    },
    {
      "label": "door",
      "points": [
        [
          183.7443946188341,
          181.72645739910314
        ],
        [
          202.3542600896861,
          181.83856502242153
        ],
        [
          202.80269058295966,
          184.304932735426
        ],
        [
          202.01793721973095,
          187.66816143497758
        ],
        [
          200.7847533632287,
          192.37668161434976
        ],
        [
          198.65470852017938,
          195.96412556053812
        ],
        [
          194.61883408071748,
          198.99103139013454
        ],
        [
          190.91928251121075,
          201.6816143497758
        ],
        [
          186.43497757847533,
          202.80269058295966
        ],
        [
          183.7443946188341,
          203.36322869955157
        ],
        [
          183.85650224215246,
          200.7847533632287
        ],
        [
          187.10762331838566,
          200.44843049327355
        ],
        [
          190.13452914798205,
          198.87892376681614
        ],
        [
          193.8340807174888,
          195.96412556053812
        ],
        [
          197.08520179372198,
          192.9372197309417
        ],
        [
          198.87892376681614,
          189.0134529147982
        ],
        [
          199.66367713004485,
          185.65022421524665
        ],
        [
          183.96860986547085,
          185.53811659192826
        ]
      ],
      "group_id": null,
      "shape_type": "polygon",
      "flags": {}
    },
    {
      "label": "door",
      "points": [
        [
          24.0,
          215.9
        ],
        [
          24.1,
          218.0
        ],
        [
          32.8,
          210.6
        ],
        [
          33.7,
          212.2
        ],
        [
          34.0,
          214.4
        ],
        [
          34.5,
          214.9
        ],
        [
          36.6,
          215.1
        ],
        [
          36.6,
          212.5
        ],
        [
          36.0,
          210.0
        ],
        [
          34.9,
          208.2
        ],
        [
          33.3,
          207.4
        ],
        [
          31.9,
          207.3
        ]
      ],
      "group_id": null,
      "shape_type": "polygon",
      "flags": {}
    },
    {
      "label": "door",
      "points": [
        [
          49.8,
          223.7
        ],
        [
          50.0,
          205.8
        ],
        [
          52.7,
          205.3
        ],
        [
          57.0,
          205.8
        ],
        [
          61.0,
          208.1
        ],
        [
          64.5,
          210.6
        ],
        [
          66.9,
          213.0
        ],
        [
          68.6,
          215.8
        ],
        [
          69.7,
          218.2
        ],
        [
          70.2,
          220.6
        ],
        [
          70.7,
          223.2
        ],
        [
          70.5,
          224.0
        ],
        [
          68.1,
          224.0
        ],
        [
          67.7,
          221.7
        ],
        [
          67.1,
          218.1
        ],
        [
          64.8,
          214.9
        ],
        [
          62.5,
          212.6
        ],
        [
          59.5,
          210.7
        ],
        [
          56.8,
          208.8
        ],
        [
          53.5,
          207.7
        ],
        [
          52.4,
          207.7
        ],
        [
          52.7,
          224.3
        ]
      ],
      "group_id": null,
      "shape_type": "polygon",
      "flags": {}
    },
    {
      "label": "door",
      "points": [
        [
          96.06883910386966,
          222.71832993890015
        ],
        [
          96.26883910386965,
          204.81832993890018
        ],
        [
          98.96883910386967,
          204.31832993890018
        ],
        [
          103.26883910386965,
          204.81832993890018
        ],
        [
          107.26883910386965,
          207.11832993890016
        ],
        [
          110.76883910386965,
          209.61832993890016
        ],
        [
          113.16883910386966,
          212.01832993890017
        ],
        [
          114.86883910386965,
          214.81832993890018
        ],
        [
          115.96883910386964,
          217.21832993890015
        ],
        [
          116.46883910386964,
          219.61832993890016
        ],
        [
          116.96883910386964,
          222.21832993890015
        ],
        [
          116.76883910386965,
          223.01832993890017
        ],
        [
          114.36883910386965,
          223.01832993890017
        ],
        [
          113.96883910386964,
          220.71832993890015
        ],
        [
          113.36883910386965,
          217.11832993890016
        ],
        [
          111.06883910386964,
          213.91832993890017
        ],
        [
          108.76883910386965,
          211.61832993890016
        ],
        [
          105.76883910386965,
          209.71832993890015
        ],
        [
          103.06883910386966,
          207.81832993890018
        ],
        [
          99.76883910386965,
          206.71832993890015
        ],
        [
          98.66883910386966,
          206.71832993890015
        ],
        [
          98.96883910386967,
          223.31832993890018
        ]
      ],
      "group_id": null,
      "shape_type": "polygon",
      "flags": {}
    },
    {
      "label": "door",
      "points": [
        [
          210.92796150571724,
          275.68368790656757
        ],
        [
          211.12796150571722,
          257.7836879065676
        ],
        [
          213.8279615057172,
          257.28368790656765
        ],
        [
          218.12796150571722,
          257.7836879065676
        ],
        [
          222.12796150571722,
          260.0836879065676
        ],
        [
          225.62796150571717,
          262.5836879065676
        ],
        [
          228.0279615057172,
          264.98368790656764
        ],
        [
          229.7279615057172,
          267.78368790656765
        ],
        [
          230.82796150571716,
          270.18368790656757
        ],
        [
          231.32796150571716,
          272.58368790656755
        ],
        [
          231.82796150571716,
          275.18368790656757
        ],
        [
          231.62796150571717,
          275.98368790656764
        ],
        [
          229.2279615057172,
          275.98368790656764
        ],
        [
          228.82796150571716,
          273.68368790656757
        ],
        [
          228.2279615057172,
          270.0836879065676
        ],
        [
          225.92796150571718,
          266.8836879065676
        ],
        [
          223.62796150571722,
          264.5836879065676
        ],
        [
          220.62796150571722,
          262.68368790656757
        ],
        [
          217.92796150571724,
          260.78368790656765
        ],
        [
          214.62796150571722,
          259.6836879065676
        ],
        [
          213.5279615057172,
          259.6836879065676
        ],
        [
          213.8279615057172,
          276.2836879065676
        ]
      ],
      "group_id": null,
      "shape_type": "polygon",
      "flags": {}
    },
    {
      "label": "door",
      "points": [
        [
          158.62516212710764,
          281.3229571984436
        ],
        [
          158.75486381322958,
          300.5188067444877
        ],
        [
          156.2905317769131,
          300.77821011673154
        ],
        [
          151.88067444876785,
          300.3891050583658
        ],
        [
          146.17380025940338,
          297.4059662775616
        ],
        [
          141.89364461738003,
          293.6446173800259
        ],
        [
          138.3916990920882,
          287.9377431906615
        ],
        [
          137.48378728923475,
          281.84176394293127
        ],
        [
          140.07782101167317,
          282.1011673151751
        ],
        [
          140.72632944228275,
          285.6031128404669
        ],
        [
          143.7094682230869,
          290.66147859922177
        ],
        [
          146.56290531776912,
          294.42282749675746
        ],
        [
          149.93514915693905,
          296.36835278858626
        ],
        [
          153.69649805447472,
          298.1841763942931
        ],
        [
          154.9935149156939,
          298.1841763942931
        ],
        [
          154.9935149156939,
          280.41504539559014
        ]
      ],
      "group_id": null,
      "shape_type": "polygon",
      "flags": {}
    },
    {
      "label": "door",
      "points": [
        [
          178.2101167315175,
          280.02594033722437
        ],
        [
          178.72892347600518,
          300.3891050583658
        ],
        [
          181.3229571984436,
          300.25940337224387
        ],
        [
          186.6407263294423,
          299.4811932555123
        ],
        [
          191.69909208819715,
          296.88715953307394
        ],
        [
          195.59014267185472,
          292.99610894941634
        ],
        [
          198.8326848249027,
          286.64072632944226
        ],
        [
          199.61089494163423,
          281.4526588845655
        ],
        [
          199.22178988326849,
          280.28534370946824
        ],
        [
          196.757457846952,
          280.15564202334633
        ],
        [
          195.20103761348898,
          286.38132295719845
        ],
        [
          193.9040207522698,
          289.3644617380026
        ],
        [
          191.4396887159533,
          292.60700389105057
        ],
        [
          188.19714656290532,
          295.20103761348895
        ],
        [
          184.56549935149158,
          296.88715953307394
        ],
        [
          181.58236057068743,
          297.7950713359274
        ],
        [
          181.71206225680933,
          279.89623865110246
        ]
      ],
      "group_id": null,
      "shape_type": "polygon",
      "flags": {}
    },
    {
      "label": "door",
      "points": [
        [
          273.8562091503268,
          298.03921568627453
        ],
        [
          277.12418300653593,
          297.87581699346407
        ],
        [
          268.7908496732026,
          308.98692810457516
        ],
        [
          273.6928104575163,
          310.78431372549016
        ],
        [
          274.5098039215686,
          311.60130718954247
        ],
        [
          274.01960784313724,
          313.72549019607845
        ],
        [
          271.078431372549,
          312.90849673202615
        ],
        [
          266.99346405228755,
          311.27450980392155
        ],
        [
          265.359477124183,
          309.1503267973856
        ],
        [
          265.52287581699346,
          307.3529411764706
        ]
      ],
      "group_id": null,
      "shape_type": "polygon",
      "flags": {}
    }
  ],
  "imagePath": "31878870.jpg",
  "imageData": null,
  "imageHeight": 513,
  "imageWidth": 513
}