{
  "version": "4.5.9",
  "flags": {},
  "shapes": [
    {
      "label": "door",
      "points": [
        [
          394.7,
          248.0
        ],
        [
          394.7,
          227.9
        ],
        [
          390.1,
          228.1
        ],
        [
          385.7,
          228.4
        ],
        [
          381.5,
          228.8
        ],
        [
          376.9,
          229.8
        ],
        [
          372.7,
          231.1
        ],
        [
          369.1,
          232.8
        ],
        [
          365.2,
          235.6
        ],
        [
          361.8,
          239.1
        ],
        [
          359.5,
          243.0
        ],
        [
          357.8,
          246.6
        ],
        [
          357.5,
          248.2
        ],
        [
          359.4,
          248.3
        ],
        [
          361.4,
          245.0
        ],
        [
          363.6,
          241.3
        ],
        [
          366.0,
          238.9
        ],
        [
          368.9,
          236.8
        ],
        [
          371.5,
          235.2
        ],
        [
          374.9,
          233.7
        ],
        [
          379.3,
          232.3
        ],
        [
          384.1,
          231.4
        ],
        [
          387.6,
          230.8
        ],
        [
          391.0,
          230.8
        ],
        [
          391.6,
          231.1
        ],
        [
          392.0,
          248.0
        ]
      ],
      "group_id": null,
      "shape_type": "polygon",
      "flags": {}
    },
    {
      "label": "door",
      "points": [
        [
          344.16761041902606,
          276.44394110985274
        ],
        [
          348.47112117780296,
          276.44394110985274
        ],
        [
          352.66138165345416,
          277.123442808607
        ],
        [
          357.6443941109853,
          278.1426953567384
        ],
        [
          361.8346545866365,
          279.27519818799544
        ],
        [
          366.36466591166476,
          280.8607021517554
        ],
        [
          370.44167610419026,
          282.8992072480181
        ],
        [
          375.53793884484713,
          286.5232163080408
        ],
        [
          378.36919592298983,
          289.5809739524349
        ],
        [
          380.63420158550394,
          292.4122310305776
        ],
        [
          381.5402038505096,
          295.9229898074745
        ],
        [
          381.76670441676106,
          298.4144960362401
        ],
        [
          381.3137032842582,
          299.54699886749717
        ],
        [
          343.4881087202718,
          299.4337485843715
        ],
        [
          343.4881087202718,
          297.62174405436014
        ],
        [
          378.7089467723669,
          297.50849377123444
        ],
        [
          377.68969422423555,
          294.1109852774632
        ],
        [
          375.3114382785957,
          290.37372593431485
        ],
        [
          372.2536806342016,
          287.65571913929784
        ],
        [
          368.1766704416761,
          285.277463193658
        ],
        [
          362.85390713476784,
          282.7859569648924
        ],
        [
          357.9841449603624,
          280.9739524348811
        ],
        [
          353.3408833522084,
          279.9546998867497
        ],
        [
          349.2638731596829,
          279.27519818799544
        ],
        [
          344.0543601359003,
          278.5956964892412
        ]
      ],
      "group_id": null,
      "shape_type": "polygon",
      "flags": {}
    },
    {
      "label": "door",
      "points": [
        [
          315.38461538461536,
          362.4493927125506
        ],
        [
          315.48582995951415,
          381.57894736842104
        ],
        [
          320.5465587044534,
          381.88259109311736
        ],
        [
          328.13765182186233,
          381.27530364372467
        ],
        [
          335.2226720647773,
          379.45344129554655
        ],
        [
          341.7004048582996,
          376.51821862348174
        ],
        [
          346.9635627530364,
          372.67206477732793
        ],
        [
          351.01214574898785,
          368.4210526315789
        ],
        [
          352.1255060728745,
          363.46153846153845
        ],
        [
          351.9230769230769,
          362.65182186234813
        ],
        [
          349.49392712550605,
          362.7530364372469
        ],
        [
          348.6842105263158,
          366.1943319838056
        ],
        [
          346.2550607287449,
          369.12955465587044
        ],
        [
          343.2186234817813,
          371.9635627530364
        ],
        [
          339.5748987854251,
          374.59514170040484
        ],
        [
          336.4372469635627,
          377.0242914979757
        ],
        [
          333.60323886639674,
          377.7327935222672
        ],
        [
          328.03643724696354,
          378.64372469635623
        ],
        [
          325.0,
          379.1497975708502
        ],
        [
          320.85020242914976,
          379.1497975708502
        ],
        [
          317.61133603238864,
          379.251012145749
        ],
        [
          317.7125506072874,
          362.4493927125506
        ]
      ],
      "group_id": null,
      "shape_type": "polygon",
      "flags": {}
    },
    {
      "label": "door",
      "points": [
        [
          267.51012145748984,
          362.65182186234813
        ],
        [
          267.51012145748984,
          365.68825910931173
        ],
        [
          268.92712550607285,
          368.1174089068826
        ],
        [
          270.85020242914976,
          370.6477732793522
        ],
        [
          275.0,
          374.39271255060726
        ],
        [
          279.45344129554655,
          377.7327935222672
        ],
        [
          284.1093117408907,
          380.16194331983803
        ],
        [
          289.06882591093114,
          381.37651821862346
        ],
        [
          293.4210526315789,
          381.7813765182186
        ],
        [
          297.7732793522267,
          382.08502024291494
        ],
        [
          302.5303643724696,
          382.08502024291494
        ],
        [
          304.1497975708502,
          381.98380566801615
        ],
        [
          304.45344129554655,
          360.62753036437243
        ],
        [
          302.83400809716596,
          360.7287449392712
        ],
        [
          302.4291497975708,
          380.16194331983803
        ],
        [
          297.57085020242914,
          380.06072874493924
        ],
        [
          292.61133603238864,
          379.45344129554655
        ],
        [
          288.46153846153845,
          378.8461538461538
        ],
        [
          282.99595141700405,
          376.7206477732793
        ],
        [
          279.1497975708502,
          374.8987854251012
        ],
        [
          276.21457489878543,
          371.8623481781376
        ],
        [
          273.1781376518218,
          368.5222672064777
        ],
        [
          270.74898785425097,
          365.38461538461536
        ],
        [
          269.7368421052631,
          362.8542510121457
        ]
      ],
      "group_id": null,
      "shape_type": "polygon",
      "flags": {}
    },
    {
      "label": "door",
      "points": [
        [
          232.06933911159263,
          356.4463705308776
        ],
        [
          190.89924160346695,
          356.2296858071506
        ],
        [
          191.11592632719393,
          352.97941495124593
        ],
        [
          191.65763813651137,
          349.1874322860238
        ],
        [
          192.84940411700975,
          346.6955579631636
        ],
        [
          194.58288190682555,
          344.3120260021668
        ],
        [
          196.64138678223185,
          342.361863488624
        ],
        [
          198.9165763813651,
          340.52004333694475
        ],
        [
          203.03358613217767,
          338.136511375948
        ],
        [
          206.71722643553628,
          336.29469122426866
        ],
        [
          210.18418201516792,
          334.56121343445284
        ],
        [
          213.97616468039,
          333.1527627302275
        ],
        [
          217.8764897074756,
          332.2860238353196
        ],
        [
          221.66847237269772,
          331.85265438786564
        ],
        [
          226.11050920910074,
          331.74431202600215
        ],
        [
          229.14409534127842,
          331.74431202600215
        ],
        [
          231.5276273022752,
          331.63596966413866
        ],
        [
          231.4192849404117,
          333.1527627302275
        ],
        [
          231.20260021668471,
          333.91115926327194
        ],
        [
          228.385698808234,
          334.01950162513543
        ],
        [
          223.94366197183098,
          333.91115926327194
        ],
        [
          220.0433369447454,
          334.34452871072585
        ],
        [
          216.46803900325025,
          335.1029252437703
        ],
        [
          212.45937161430118,
          336.40303358613215
        ],
        [
          208.4507042253521,
          338.136511375948
        ],
        [
          204.7670639219935,
          340.52004333694475
        ],
        [
          202.27518959913326,
          342.2535211267606
        ],
        [
          199.24160346695558,
          344.4203683640303
        ],
        [
          196.74972914409534,
          347.77898158179846
        ],
        [
          195.124593716143,
          350.70422535211264
        ],
        [
          194.58288190682555,
          353.0877573131094
        ],
        [
          232.06933911159263,
          353.3044420368364
        ]
      ],
      "group_id": null,
      "shape_type": "polygon",
      "flags": {}
    }
  ],
  "imagePath": "31872645.jpg",
  "imageData": null,
  "imageHeight": 513,
  "imageWidth": 513
}