{
  "version": "4.5.9",
  "flags": {},
  "shapes": [
    {
      "label": "door",
      "points": [
        [
          489.4280762564991,
          54.59272097053726
        ],
        [
          489.60138648180236,
          67.59098786828423
        ],
        [
          487.3483535528596,
          68.1109185441941
        ],
        [
          484.5,
          68.5
        ],
        [
          482.0,
          68.4
        ],
        [
          478.9,
          67.5
        ],
        [
          476.0,
          66.3
        ],
        [
          471.9,
          64.1
        ],
        [
          468.5,
          60.8
        ],
        [
          466.7,
          57.9
        ],
        [
          465.9,
          54.2
        ],
        [
          468.5,
          54.0
        ],
        [
          469.9,
          57.2
        ],
        [
          472.2,
          60.6
        ],
        [
          476.1,
          63.3
        ],
        [
          481.0,
          65.4
        ],
        [
          486.1,
          66.1
        ],
        [
          486.5,
          54.3
        ]
      ],
      "group_id": null,
      "shape_type": "polygon",
      "flags": {}
    },
    {
      "label": "door",
      "points": [
        [
          368.47133757961785,
          175.26539278131634
        ],
        [
          368.25902335456476,
          190.87048832271762
        ],
        [
          365.49893842887474,
          190.87048832271762
        ],
        [
          360.72186836518046,
          190.552016985138
        ],
        [
          356.36942675159236,
          189.59660297239915
        ],
        [
          351.48619957537153,
          187.89808917197453
        ],
        [
          346.4968152866242,
          185.03184713375796
        ],
        [
          344.5859872611465,
          181.74097664543524
        ],
        [
          342.25053078556266,
          177.70700636942675
        ],
        [
          342.1443736730361,
          174.73460721868366
        ],
        [
          344.7983014861996,
          174.52229299363057
        ],
        [
          345.75371549893845,
          177.38853503184714
        ],
        [
          347.3460721868365,
          180.67940552016987
        ],
        [
          350.74309978768576,
          183.12101910828025
        ],
        [
          354.45859872611464,
          185.88110403397027
        ],
        [
          360.29723991507433,
          187.68577494692144
        ],
        [
          365.6050955414013,
          188.00424628450105
        ],
        [
          365.3927813163482,
          174.84076433121018
        ]
      ],
      "group_id": null,
      "shape_type": "polygon",
      "flags": {}
    },
    {
      "label": "door",
      "points": [
        [
          245.5431754874652,
          304.3175487465181
        ],
        [
          217.8272980501393,
          304.3175487465181
        ],
        [
          218.1058495821727,
          308.77437325905294
        ],
        [
          219.77715877437328,
          313.7883008356546
        ],
        [
          222.2841225626741,
          316.99164345403904
        ],
        [
          225.3481894150418,
          319.7771587743733
        ],
        [
          230.22284122562675,
          321.86629526462394
        ],
        [
          236.62952646239555,
          323.67688022284125
        ],
        [
          236.49025069637884,
          324.3732590529248
        ],
        [
          231.33704735376045,
          325.2089136490251
        ],
        [
          228.55153203342618,
          326.88022284122565
        ],
        [
          224.5125348189415,
          329.9442896935933
        ],
        [
          220.89136490250698,
          333.56545961002786
        ],
        [
          218.52367688022284,
          337.60445682451257
        ],
        [
          217.27019498607243,
          342.89693593314763
        ],
        [
          218.80222841225628,
          343.5933147632312
        ],
        [
          245.26462395543177,
          343.8718662952646
        ],
        [
          245.12534818941506,
          340.94707520891365
        ],
        [
          220.61281337047356,
          341.22562674094706
        ],
        [
          221.1699164345404,
          339.1364902506964
        ],
        [
          223.3983286908078,
          335.37604456824516
        ],
        [
          226.32311977715878,
          332.31197771587745
        ],
        [
          230.08356545961004,
          329.8050139275766
        ],
        [
          233.56545961002786,
          327.7158774373259
        ],
        [
          238.3008356545961,
          327.0194986072423
        ],
        [
          241.08635097493038,
          325.90529247910865
        ],
        [
          245.6824512534819,
          325.4874651810585
        ],
        [
          247.7715877437326,
          325.4874651810585
        ],
        [
          248.18941504178275,
          322.5626740947075
        ],
        [
          240.3899721448468,
          322.42339832869084
        ],
        [
          236.62952646239555,
          321.44846796657384
        ],
        [
          231.61559888579387,
          319.3593314763231
        ],
        [
          227.85515320334264,
          317.68802228412255
        ],
        [
          225.20891364902508,
          315.45961002785515
        ],
        [
          223.11977715877438,
          313.23119777158774
        ],
        [
          222.00557103064068,
          310.5849582172702
        ],
        [
          221.44846796657382,
          306.82451253481895
        ],
        [
          245.6824512534819,
          306.6852367688022
        ]
      ],
      "group_id": null,
      "shape_type": "polygon",
      "flags": {}
    },
    {
      "label": "door",
      "points": [
        [
          293.75,
          249.57386363636363
        ],
        [
          273.57954545454544,
          251.42045454545453
        ],
        [
          273.57954545454544,
          253.97727272727272
        ],
        [
          275.71022727272725,
          258.2386363636364
        ],
        [
          278.5511363636364,
          261.07954545454544
        ],
        [
          281.96022727272725,
          263.0681818181818
        ],
        [
          285.08522727272725,
          264.0625
        ],
        [
          290.48295454545456,
          265.625
        ],
        [
          294.46022727272725,
          265.90909090909093
        ],
        [
          296.4488636363636,
          265.48295454545456
        ],
        [
          296.16477272727275,
          263.92045454545456
        ],
        [
          293.1818181818182,
          263.35227272727275
        ],
        [
          289.34659090909093,
          262.9261363636364
        ],
        [
          285.9375,
          261.78977272727275
        ],
        [
          282.8125,
          260.3693181818182
        ],
        [
          280.6818181818182,
          258.52272727272725
        ],
        [
          278.6931818181818,
          255.6818181818182
        ],
        [
          277.5568181818182,
          253.97727272727272
        ],
        [
          295.02840909090907,
          252.27272727272728
        ]
      ],
      "group_id": null,
      "shape_type": "polygon",
      "flags": {}
    },
    {
      "label": "door",
      "points": [
        [
          323.15340909090907,
          225.0
        ],
        [
          323.29545454545456,
          239.3465909090909
        ],
        [
          320.8806818181818,
          239.48863636363637
        ],
        [
          316.90340909090907,
          238.7784090909091
        ],
        [
          312.21590909090907,
          237.92613636363637
        ],
        [
          307.95454545454544,
          235.9375
        ],
        [
          304.2613636363636,
          233.8068181818182
        ],
        [
          301.84659090909093,
          230.2556818181818
        ],
        [
          300.14204545454544,
          225.14204545454547
        ],
        [
          302.6988636363636,
          224.85795454545453
        ],
        [
          304.1193181818182,
          227.98295454545453
        ],
        [
          305.6818181818182,
          230.9659090909091
        ],
        [
          309.375,
          233.3806818181818
        ],
        [
          313.4943181818182,
          235.08522727272728
        ],
        [
          318.03977272727275,
          236.5056818181818
        ],
        [
          320.59659090909093,
          236.5056818181818
        ],
        [
          320.17045454545456,
          225.0
        ]
      ],
      "group_id": null,
      "shape_type": "polygon",
      "flags": {}
    },
    {
      "label": "door",
      "points": [
        [
          152.83236994219652,
          292.3699421965318
        ],
        [
          139.42196531791907,
          298.84393063583815
        ],
        [
          138.84393063583815,
          299.1907514450867
        ],
        [
          135.49132947976878,
          297.22543352601156
        ],
        [
          134.10404624277456,
          292.25433526011557
        ],
        [
          136.76300578034682,
          291.21387283236993
        ],
        [
          137.22543352601156,
          293.87283236994216
        ],
        [
          138.4971098265896,
          295.60693641618496
        ],
        [
          139.65317919075144,
          295.83815028901734
        ],
        [
          151.4450867052023,
          290.0578034682081
        ]
      ],
      "group_id": null,
      "shape_type": "polygon",
      "flags": {}
    },
    {
      "label": "door",
      "points": [
        [
          173.0635838150289,
          292.25433526011557
        ],
        [
          159.1907514450867,
          299.8843930635838
        ],
        [
          157.5722543352601,
          297.6878612716763
        ],
        [
          155.3757225433526,
          294.21965317919074
        ],
        [
          155.49132947976878,
          291.32947976878614
        ],
        [
          157.80346820809248,
          291.5606936416185
        ],
        [
          157.6878612716763,
          293.9884393063584
        ],
        [
          159.42196531791907,
          295.7225433526011
        ],
        [
          160.23121387283237,
          295.83815028901734
        ],
        [
          172.02312138728323,
          289.8265895953757
        ]
      ],
      "group_id": null,
      "shape_type": "polygon",
      "flags": {}
    },
    {
      "label": "door",
      "points": [
        [
          171.79190751445086,
          274.91329479768785
        ],
        [
          152.2543352601156,
          275.1445086705202
        ],
        [
          151.21387283236993,
          274.79768786127164
        ],
        [
          151.4450867052023,
          271.67630057803467
        ],
        [
          152.60115606936415,
          266.70520231213874
        ],
        [
          156.53179190751445,
          263.46820809248555
        ],
        [
          161.04046242774567,
          260.9248554913295
        ],
        [
          166.24277456647397,
          259.53757225433526
        ],
        [
          170.40462427745663,
          258.9595375722543
        ],
        [
          172.36994219653178,
          258.72832369942194
        ],
        [
          172.1387283236994,
          261.15606936416185
        ],
        [
          167.6300578034682,
          261.6184971098266
        ],
        [
          164.7398843930636,
          262.1965317919075
        ],
        [
          160.23121387283237,
          263.6994219653179
        ],
        [
          156.878612716763,
          266.242774566474
        ],
        [
          154.10404624277456,
          270.40462427745666
        ],
        [
          153.8728323699422,
          272.1387283236994
        ],
        [
          171.32947976878611,
          272.25433526011557
        ]
      ],
      "group_id": null,
      "shape_type": "polygon",
      "flags": {}
    },
    {
      "label": "door",
      "points": [
        [
          178.7,
          206.2
        ],
        [
          178.7,
          191.3
        ],
        [
          180.6,
          191.2
        ],
        [
          186.0,
          192.1
        ],
        [
          191.9,
          194.3
        ],
        [
          196.4,
          197.0
        ],
        [
          200.3,
          201.3
        ],
        [
          200.5,
          202.4
        ],
        [
          198.5,
          203.3
        ],
        [
          196.6,
          201.4
        ],
        [
          193.9,
          198.7
        ],
        [
          190.9,
          196.6
        ],
        [
          187.5,
          195.3
        ],
        [
          183.2,
          194.7
        ],
        [
          180.9,
          194.6
        ],
        [
          180.9,
          206.1
        ]
      ],
      "group_id": null,
      "shape_type": "polygon",
      "flags": {}
    },
    {
      "label": "door",
      "points": [
        [
          208.8477366255144,
          185.18518518518516
        ],
        [
          203.18930041152262,
          198.86831275720164
        ],
        [
          205.3497942386831,
          200.41152263374485
        ],
        [
          208.1275720164609,
          200.92592592592592
        ],
        [
          212.13991769547323,
          201.23456790123456
        ],
        [
          214.0946502057613,
          199.3827160493827
        ],
        [
          208.8477366255144,
          199.3827160493827
        ],
        [
          206.89300411522632,
          198.97119341563786
        ],
        [
          207.5102880658436,
          194.9588477366255
        ],
        [
          210.90534979423867,
          185.08230452674897
        ]
      ],
      "group_id": null,
      "shape_type": "polygon",
      "flags": {}
    },
    {
      "label": "door",
      "points": [
        [
          399.19354838709677,
          205.16129032258064
        ],
        [
          409.19354838709677,
          215.48387096774192
        ],
        [
          407.9032258064516,
          217.74193548387098
        ],
        [
          403.06451612903226,
          219.3548387096774
        ],
        [
          397.9032258064516,
          219.83870967741936
        ],
        [
          393.22580645161287,
          219.51612903225805
        ],
        [
          388.7096774193548,
          218.70967741935482
        ],
        [
          383.8709677419355,
          216.7741935483871
        ],
        [
          379.51612903225805,
          213.70967741935482
        ],
        [
          379.3548387096774,
          212.41935483870967
        ],
        [
          381.61290322580646,
          212.09677419354838
        ],
        [
          385.1612903225806,
          214.51612903225805
        ],
        [
          389.51612903225805,
          216.29032258064515
        ],
        [
          395.0,
          217.25806451612902
        ],
        [
          399.6774193548387,
          217.25806451612902
        ],
        [
          404.0322580645161,
          216.1290322580645
        ],
        [
          405.64516129032256,
          215.32258064516128
        ],
        [
          396.61290322580646,
          205.48387096774192
        ]
      ],
      "group_id": null,
      "shape_type": "polygon",
      "flags": {}
    },
    {
      "label": "door",
      "points": [
        [
          360.0,
          267.741935483871
        ],
        [
          360.1612903225806,
          252.74193548387095
        ],
        [
          364.19354838709677,
          252.90322580645162
        ],
        [
          372.9032258064516,
          254.51612903225805
        ],
        [
          378.7096774193548,
          257.4193548387097
        ],
        [
          379.83870967741933,
          259.51612903225805
        ],
        [
          377.741935483871,
          260.96774193548384
        ],
        [
          373.8709677419355,
          259.19354838709677
        ],
        [
          369.83870967741933,
          257.5806451612903
        ],
        [
          365.0,
          257.09677419354836
        ],
        [
          363.22580645161287,
          256.4516129032258
        ],
        [
          363.22580645161287,
          267.09677419354836
        ]
      ],
      "group_id": null,
      "shape_type": "polygon",
      "flags": {}
    }
  ],
  "imagePath": "31887492.jpg",
  "imageData": null,
  "imageHeight": 513,
  "imageWidth": 513
}