{
  "version": "4.5.9",
  "flags": {},
  "shapes": [
    {
      "label": "door",
      "points": [
        [
          71.02362204724409,
          184.25196850393698
        ],
        [
          71.96850393700787,
          192.44094488188975
        ],
        [
          75.59055118110236,
          200.15748031496062
        ],
        [
          79.5275590551181,
          206.29921259842519
        ],
        [
          83.93700787401573,
          209.92125984251967
        ],
        [
          88.66141732283464,
          212.44094488188975
        ],
        [
          94.48818897637794,
          213.8582677165354
        ],
        [
          99.21259842519684,
          214.17322834645668
        ],
        [
          99.5275590551181,
          211.81102362204723
        ],
        [
          99.84251968503936,
          183.7795275590551
        ],
        [
          97.16535433070865,
          183.62204724409446
        ],
        [
          97.16535433070865,
          210.23622047244092
        ],
        [
          94.01574803149606,
          210.0787401574803
        ],
        [
          88.03149606299212,
          208.03149606299212
        ],
        [
          80.78740157480314,
          201.7322834645669
        ],
        [
          77.16535433070865,
          196.22047244094486
        ],
        [
          75.2755905511811,
          191.0236220472441
        ],
        [
          74.33070866141732,
          184.25196850393698
        ]
      ],
      "group_id": null,
      "shape_type": "polygon",
      "flags": {}
    },
    {
      "label": "door",
      "points": [
        [
          222.2,
          226.0
        ],
        [
          195.9,
          226.5
        ],
        [
          196.2,
          224.0
        ],
        [
          196.7,
          217.9
        ],
        [
          198.2,
          212.4
        ],
        [
          200.2,
          208.4
        ],
        [
          203.4,
          204.4
        ],
        [
          207.0,
          201.2
        ],
        [
          211.2,
          198.7
        ],
        [
          215.6,
          196.8
        ],
        [
          221.5,
          196.0
        ],
        [
          221.5,
          198.5
        ],
        [
          216.9,
          199.0
        ],
        [
          213.3,
          200.8
        ],
        [
          209.9,
          202.8
        ],
        [
          206.6,
          205.4
        ],
        [
          204.5,
          207.9
        ],
        [
          202.4,
          211.7
        ],
        [
          200.3,
          215.0
        ],
        [
          199.0,
          219.1
        ],
        [
          199.0,
          224.2
        ],
        [
          222.7,
          223.9
        ]
      ],
      "group_id": null,
      "shape_type": "polygon",
      "flags": {}
    },
    {
      "label": "door",
      "points": [
        [
          291.3461538461538,
          176.8028846153846
        ],
        [
          291.7067307692308,
          172.2355769230769
        ],
        [
          290.5048076923077,
          166.70673076923077
        ],
        [
          287.9807692307692,
          161.65865384615384
        ],
        [
          285.4567307692308,
          157.45192307692307
        ],
        [
          280.7692307692308,
          152.52403846153845
        ],
        [
          275.3605769230769,
          149.39903846153845
        ],
        [
          269.9519230769231,
          148.4375
        ],
        [
          265.7451923076923,
          148.31730769230768
        ],
        [
          264.3028846153846,
          148.31730769230768
        ],
        [
          264.1826923076923,
          176.6826923076923
        ],
        [
          266.22596153846155,
          176.8028846153846
        ],
        [
          266.46634615384613,
          150.60096153846155
        ],
        [
          270.1923076923077,
          150.84134615384616
        ],
        [
          273.7980769230769,
          152.04326923076923
        ],
        [
          277.52403846153845,
          153.60576923076923
        ],
        [
          280.4086538461538,
          155.88942307692307
        ],
        [
          283.0528846153846,
          159.25480769230768
        ],
        [
          285.33653846153845,
          163.10096153846152
        ],
        [
          288.2211538461538,
          167.90865384615384
        ],
        [
          289.7836538461538,
          172.35576923076923
        ],
        [
          290.1442307692308,
          176.3221153846154
        ]
      ],
      "group_id": null,
      "shape_type": "polygon",
      "flags": {}
    },
    {
      "label": "door",
      "points": [
        [
          222.5,
          313.0
        ],
        [
          249.3,
          313.4
        ],
        [
          249.4,
          310.1
        ],
        [
          248.1,
          301.5
        ],
        [
          245.8,
          295.6
        ],
        [
          242.0,
          289.1
        ],
        [
          237.0,
          285.1
        ],
        [
          232.3,
          282.2
        ],
        [
          227.5,
          280.9
        ],
        [
          221.9,
          280.3
        ],
        [
          222.4,
          282.2
        ],
        [
          226.9,
          282.6
        ],
        [
          231.3,
          284.4
        ],
        [
          234.7,
          286.7
        ],
        [
          237.3,
          289.5
        ],
        [
          241.1,
          294.2
        ],
        [
          244.0,
          299.3
        ],
        [
          246.0,
          305.2
        ],
        [
          247.1,
          310.6
        ],
        [
          222.0,
          310.7
        ]
      ],
      "group_id": null,
      "shape_type": "polygon",
      "flags": {}
    },
    {
      "label": "door",
      "points": [
        [
          283.4231805929919,
          413.47708894878707
        ],
        [
          257.27762803234504,
          413.61185983827494
        ],
        [
          257.0080862533693,
          410.5121293800539
        ],
        [
          257.8167115902965,
          405.3908355795148
        ],
        [
          259.4339622641509,
          400.0
        ],
        [
          261.99460916442047,
          394.74393530997304
        ],
        [
          266.4420485175202,
          388.6792452830189
        ],
        [
          271.02425876010784,
          385.17520215633425
        ],
        [
          275.87601078167114,
          383.1536388140162
        ],
        [
          281.6711590296496,
          382.47978436657684
        ],
        [
          283.0188679245283,
          382.2102425876011
        ],
        [
          283.1536388140162,
          384.6361185983828
        ],
        [
          280.05390835579516,
          384.6361185983828
        ],
        [
          275.33692722371967,
          385.98382749326146
        ],
        [
          271.83288409703505,
          388.1401617250674
        ],
        [
          268.4636118598383,
          391.10512129380055
        ],
        [
          265.49865229110515,
          394.8787061994609
        ],
        [
          263.3423180592992,
          398.24797843665766
        ],
        [
          261.59029649595686,
          402.96495956873315
        ],
        [
          260.5121293800539,
          407.8167115902965
        ],
        [
          260.2425876010782,
          411.0512129380054
        ],
        [
          283.5579514824798,
          410.6469002695418
        ]
      ],
      "group_id": null,
      "shape_type": "polygon",
      "flags": {}
    },
    {
      "label": "door",
      "points": [
        [
          332.84671532846716,
          393.43065693430657
        ],
        [
          358.9155370177268,
          393.3263816475495
        ],
        [
          359.0198123044838,
          398.3315954118874
        ],
        [
          358.0813347236705,
          403.8581856100104
        ],
        [
          355.3701772679875,
          409.3847758081335
        ],
        [
          352.1376433785193,
          414.5985401459854
        ],
        [
          349.32221063607926,
          418.5610010427529
        ],
        [
          343.7956204379562,
          421.48070907194995
        ],
        [
          338.1647549530761,
          423.87904066736183
        ],
        [
          332.6381647549531,
          424.71324296141813
        ],
        [
          332.84671532846716,
          422.31491136600624
        ],
        [
          337.4348279457769,
          421.79353493222106
        ],
        [
          342.54431699687177,
          419.08237747653806
        ],
        [
          346.7153284671533,
          415.84984358706987
        ],
        [
          350.4692387904067,
          411.8873826903024
        ],
        [
          353.1803962460897,
          407.92492179353496
        ],
        [
          355.3701772679875,
          403.9624608967675
        ],
        [
          356.10010427528675,
          399.06152241918664
        ],
        [
          356.62148070907193,
          395.9332638164755
        ],
        [
          332.53388946819604,
          395.82898852971846
        ]
      ],
      "group_id": null,
      "shape_type": "polygon",
      "flags": {}
    },
    {
      "label": "door",
      "points": [
        [
          305.6910569105691,
          216.58536585365852
        ],
        [
          326.1788617886179,
          216.58536585365852
        ],
        [
          326.0162601626016,
          220.16260162601625
        ],
        [
          324.5528455284553,
          226.66666666666666
        ],
        [
          322.4390243902439,
          232.84552845528455
        ],
        [
          318.04878048780483,
          237.56097560975607
        ],
        [
          312.0325203252032,
          240.8130081300813
        ],
        [
          310.73170731707313,
          241.30081300813006
        ],
        [
          316.260162601626,
          242.92682926829266
        ],
        [
          320.1626016260162,
          247.3170731707317
        ],
        [
          323.739837398374,
          253.8211382113821
        ],
        [
          325.6910569105691,
          260.9756097560975
        ],
        [
          326.1788617886179,
          265.2032520325203
        ],
        [
          305.3658536585366,
          265.5284552845528
        ],
        [
          305.2032520325203,
          263.0894308943089
        ],
        [
          315.6,
          262.9
        ],
        [
          322.9,
          262.9
        ],
        [
          323.4,
          261.6
        ],
        [
          322.0,
          256.6
        ],
        [
          320.2,
          251.8
        ],
        [
          316.7,
          247.6
        ],
        [
          313.3,
          245.1
        ],
        [
          310.2,
          243.7
        ],
        [
          305.6,
          243.3
        ],
        [
          303.8,
          243.3
        ],
        [
          303.8,
          239.3
        ],
        [
          308.4,
          239.6
        ],
        [
          311.5,
          238.2
        ],
        [
          315.8,
          235.6
        ],
        [
          319.1,
          231.6
        ],
        [
          320.7,
          228.6
        ],
        [
          322.2,
          224.5
        ],
        [
          323.3,
          219.5
        ],
        [
          305.9,
          219.5
        ]
      ],
      "group_id": null,
      "shape_type": "polygon",
      "flags": {}
    },
    {
      "label": "door",
      "points": [
        [
          482.6783114992722,
          84.27947598253274
        ],
        [
          502.4745269286754,
          84.4250363901019
        ],
        [
          502.7656477438137,
          88.79184861717613
        ],
        [
          501.4556040756914,
          94.32314410480349
        ],
        [
          499.8544395924309,
          99.2721979621543
        ],
        [
          497.2343522561863,
          103.20232896652111
        ],
        [
          493.44978165938863,
          106.11353711790393
        ],
        [
          490.97525473071323,
          107.71470160116448
        ],
        [
          487.04512372634645,
          108.44250363901018
        ],
        [
          490.97525473071323,
          109.75254730713246
        ],
        [
          494.46870451237265,
          111.49927219796216
        ],
        [
          498.39883551673944,
          116.01164483260553
        ],
        [
          500.4366812227074,
          120.23289665211063
        ],
        [
          502.3289665211062,
          124.89082969432314
        ],
        [
          503.05676855895194,
          129.98544395924307
        ],
        [
          502.4745269286754,
          132.45997088791847
        ],
        [
          482.24163027656476,
          132.60553129548762
        ],
        [
          482.3871906841339,
          130.42212518195052
        ],
        [
          500.4366812227074,
          130.42212518195052
        ],
        [
          499.8544395924309,
          125.03639010189228
        ],
        [
          497.3799126637555,
          120.66957787481805
        ],
        [
          496.36098981077146,
          117.90393013100436
        ],
        [
          493.74090247452693,
          115.5749636098981
        ],
        [
          490.97525473071323,
          112.80931586608442
        ],
        [
          487.19068413391557,
          111.20815138282387
        ],
        [
          483.2605531295488,
          109.8981077147016
        ],
        [
          480.2037845705968,
          110.04366812227074
        ],
        [
          480.2037845705968,
          107.86026200873363
        ],
        [
          484.27947598253274,
          106.98689956331877
        ],
        [
          488.20960698689953,
          105.67685589519651
        ],
        [
          491.55749636098983,
          103.63901018922853
        ],
        [
          495.0509461426492,
          100.43668122270742
        ],
        [
          497.6,
          96.6
        ],
        [
          499.6,
          92.4
        ],
        [
          500.2,
          89.4
        ],
        [
          500.3,
          86.6
        ],
        [
          482.1,
          86.5
        ]
      ],
      "group_id": null,
      "shape_type": "polygon",
      "flags": {}
    },
    {
      "label": "door",
      "points": [
        [
          483.36192109777016,
          362.60720411663806
        ],
        [
          502.7444253859348,
          362.60720411663806
        ],
        [
          503.08747855917665,
          366.5523156089194
        ],
        [
          502.57289879931386,
          370.6689536878216
        ],
        [
          501.7152658662093,
          374.7855917667238
        ],
        [
          499.14236706689536,
          378.3876500857633
        ],
        [
          494.6826758147513,
          383.87650085763295
        ],
        [
          489.70840480274444,
          386.4493996569468
        ],
        [
          488.1646655231561,
          386.79245283018867
        ],
        [
          493.6535162950257,
          389.3653516295026
        ],
        [
          497.94168096054887,
          393.13893653516294
        ],
        [
          499.8284734133791,
          396.9125214408233
        ],
        [
          501.3722126929674,
          401.2006861063465
        ],
        [
          502.7444253859348,
          405.66037735849056
        ],
        [
          502.57289879931386,
          409.26243567753
        ],
        [
          502.7444253859348,
          411.49228130360206
        ],
        [
          482.16123499142367,
          411.49228130360206
        ],
        [
          482.5042881646655,
          408.06174957118355
        ],
        [
          500.0,
          408.7478559176672
        ],
        [
          500.34305317324186,
          406.3464837049743
        ],
        [
          499.65694682675814,
          403.4305317324185
        ],
        [
          497.77015437392794,
          399.65694682675814
        ],
        [
          495.02572898799315,
          395.54030874785593
        ],
        [
          491.0806174957118,
          392.2813036020583
        ],
        [
          486.62092624356774,
          389.70840480274444
        ],
        [
          481.1320754716981,
          387.99313893653516
        ],
        [
          480.27444253859346,
          386.10634648370495
        ],
        [
          484.90566037735846,
          385.59176672384217
        ],
        [
          489.87993138936537,
          382.8473413379074
        ],
        [
          495.1972555746141,
          379.07375643224697
        ],
        [
          497.0840480274442,
          375.64322469982847
        ],
        [
          499.4854202401372,
          370.6689536878216
        ],
        [
          500.34305317324186,
          365.00857632933105
        ],
        [
          483.5334476843911,
          364.8370497427101
        ]
      ],
      "group_id": null,
      "shape_type": "polygon",
      "flags": {}
    }
  ],
  "imagePath": "31889856.jpg",
  "imageData": null,
  "imageHeight": 513,
  "imageWidth": 513
}