{
  "version": "4.5.9",
  "flags": {},
  "shapes": [
    {
      "label": "door",
      "points": [
        [
          256.3235294117647,
          267.05882352941177
        ],
        [
          256.47058823529414,
          245.14705882352942
        ],
        [
          253.82352941176472,
          245.0
        ],
        [
          248.6764705882353,
          246.02941176470588
        ],
        [
          243.6764705882353,
          248.82352941176472
        ],
        [
          240.44117647058823,
          252.5
        ],
        [
          237.5,
          258.0882352941177
        ],
        [
          235.88235294117646,
          263.5294117647059
        ],
        [
          235.88235294117646,
          266.61764705882354
        ],
        [
          238.08823529411765,
          266.7647058823529
        ],
        [
          238.82352941176472,
          262.6470588235294
        ],
        [
          240.58823529411765,
          258.0882352941177
        ],
        [
          243.6764705882353,
          254.55882352941177
        ],
        [
          248.08823529411765,
          250.0
        ],
        [
          251.91176470588235,
          248.23529411764707
        ],
        [
          253.6764705882353,
          248.08823529411765
        ],
        [
          253.08823529411765,
          266.1764705882353
        ]
      ],
      "group_id": null,
      "shape_type": "polygon",
      "flags": {}
    },
    {
      "label": "door",
      "points": [
        [
          267.2106824925816,
          275.66765578635017
        ],
        [
          272.106824925816,
          276.70623145400594
        ],
        [
          276.1127596439169,
          280.56379821958456
        ],
        [
          279.67359050445106,
          286.4985163204748
        ],
        [
          282.1958456973294,
          293.4718100890208
        ],
        [
          283.0860534124629,
          298.9614243323442
        ],
        [
          282.93768545994067,
          302.37388724035605
        ],
        [
          265.8753709198813,
          301.92878338278933
        ],
        [
          266.61721068249255,
          298.51632047477744
        ],
        [
          280.1186943620178,
          299.2581602373887
        ],
        [
          280.26706231454006,
          295.10385756676556
        ],
        [
          278.1,
          288.7
        ],
        [
          274.7,
          283.3
        ],
        [
          271.3,
          280.9
        ],
        [
          266.9,
          278.6
        ]
      ],
      "group_id": null,
      "shape_type": "polygon",
      "flags": {}
    },
    {
      "label": "door",
      "points": [
        [
          214.54326923076923,
          321.27403846153845
        ],
        [
          210.21634615384616,
          322.9567307692308
        ],
        [
          205.76923076923077,
          326.32211538461536
        ],
        [
          203.00480769230768,
          329.44711538461536
        ],
        [
          199.87980769230768,
          335.21634615384613
        ],
        [
          197.83653846153845,
          340.9855769230769
        ],
        [
          197.95673076923077,
          347.2355769230769
        ],
        [
          198.4375,
          348.5576923076923
        ],
        [
          214.66346153846152,
          348.6778846153846
        ],
        [
          214.54326923076923,
          344.59134615384613
        ],
        [
          199.7596153846154,
          344.95192307692304
        ],
        [
          200.84134615384616,
          340.38461538461536
        ],
        [
          202.64423076923077,
          336.4182692307692
        ],
        [
          204.8076923076923,
          331.4903846153846
        ],
        [
          207.5721153846154,
          328.125
        ],
        [
          211.77884615384616,
          325.0
        ],
        [
          215.02403846153845,
          323.6778846153846
        ]
      ],
      "group_id": null,
      "shape_type": "polygon",
      "flags": {}
    },
    {
      "label": "door",
      "points": [
        [
          229.32692307692307,
          348.6778846153846
        ],
        [
          226.20192307692307,
          348.4375
        ],
        [
          226.44230769230768,
          327.2836538461538
        ],
        [
          228.60576923076923,
          327.16346153846155
        ],
        [
          231.6105769230769,
          327.0432692307692
        ],
        [
          236.53846153846152,
          329.08653846153845
        ],
        [
          240.26442307692307,
          332.09134615384613
        ],
        [
          243.02884615384613,
          335.69711538461536
        ],
        [
          245.5528846153846,
          339.1826923076923
        ],
        [
          246.27403846153845,
          342.1875
        ],
        [
          247.47596153846152,
          346.51442307692304
        ],
        [
          248.07692307692307,
          348.9182692307692
        ],
        [
          244.83173076923077,
          348.9182692307692
        ],
        [
          244.71153846153845,
          346.27403846153845
        ],
        [
          243.26923076923077,
          341.58653846153845
        ],
        [
          240.8653846153846,
          337.5
        ],
        [
          237.8605769230769,
          334.375
        ],
        [
          235.21634615384613,
          332.21153846153845
        ],
        [
          231.4903846153846,
          330.52884615384613
        ],
        [
          229.4471153846154,
          329.9278846153846
        ]
      ],
      "group_id": null,
      "shape_type": "polygon",
      "flags": {}
    },
    {
      "label": "door",
      "points": [
        [
          258.0528846153846,
          315.7451923076923
        ],
        [
          274.75961538461536,
          315.8653846153846
        ],
        [
          275.0,
          319.1105769230769
        ],
        [
          275.0,
          323.5576923076923
        ],
        [
          273.7980769230769,
          328.8461538461538
        ],
        [
          271.3942307692308,
          333.2932692307692
        ],
        [
          267.9086538461538,
          337.6201923076923
        ],
        [
          263.9423076923077,
          341.1057692307692
        ],
        [
          258.2932692307692,
          343.02884615384613
        ],
        [
          255.52884615384613,
          343.02884615384613
        ],
        [
          255.88942307692307,
          340.1442307692308
        ],
        [
          258.41346153846155,
          340.26442307692304
        ],
        [
          263.34134615384613,
          337.9807692307692
        ],
        [
          266.46634615384613,
          334.6153846153846
        ],
        [
          269.1105769230769,
          331.4903846153846
        ],
        [
          270.91346153846155,
          327.88461538461536
        ],
        [
          272.2355769230769,
          323.6778846153846
        ],
        [
          272.71634615384613,
          319.9519230769231
        ],
        [
          258.1730769230769,
          319.59134615384613
        ]
      ],
      "group_id": null,
      "shape_type": "polygon",
      "flags": {}
    },
    {
      "label": "door",
      "points": [
        [
          251.33495145631068,
          366.86893203883494
        ],
        [
          249.1504854368932,
          366.747572815534
        ],
        [
          242.59708737864077,
          380.21844660194176
        ],
        [
          243.44660194174756,
          381.91747572815535
        ],
        [
          245.3883495145631,
          383.373786407767
        ],
        [
          247.69417475728156,
          383.61650485436894
        ],
        [
          248.7864077669903,
          381.06796116504853
        ],
        [
          246.7233009708738,
          380.58252427184465
        ],
        [
          245.63106796116503,
          379.7330097087379
        ]
      ],
      "group_id": null,
      "shape_type": "polygon",
      "flags": {}
    }
  ],
  "imagePath": "31883016.jpg",
  "imageData": null,
  "imageHeight": 513,
  "imageWidth": 513
}