{
  "version": "4.5.9",
  "flags": {},
  "shapes": [
    {
      "label": "door",
      "points": [
        [
          139.0,
          119.5
        ],
        [
          138.9,
          123.8
        ],
        [
          139.1,
          125.8
        ],
        [
          146.0,
          125.5
        ],
        [
          152.0,
          124.0
        ],
        [
          156.5,
          120.1
        ],
        [
          157.4,
          119.1
        ],
        [
          161.3,
          122.8
        ],
        [
          166.6,
          124.4
        ],
        [
          173.8,
          126.3
        ],
        [
          176.5,
          126.2
        ],
        [
          176.7,
          118.7
        ],
        [
          173.9,
          118.9
        ],
        [
          173.7,
          122.7
        ],
        [
          169.4,
          122.5
        ],
        [
          165.8,
          121.6
        ],
        [
          162.3,
          119.8
        ],
        [
          160.1,
          117.4
        ],
        [
          159.5,
          114.0
        ],
        [
          156.0,
          113.8
        ],
        [
          155.7,
          116.4
        ],
        [
          154.1,
          119.0
        ],
        [
          150.1,
          120.8
        ],
        [
          146.7,
          122.2
        ],
        [
          142.3,
          122.6
        ],
        [
          142.4,
          118.9
        ]
      ],
      "group_id": null,
      "shape_type": "polygon",
      "flags": {}
    },
    {
      "label": "door",
      "points": [
        [
          84.7,
          260.5
        ],
        [
          85.1,
          250.2
        ],
        [
          89.9,
          250.3
        ],
        [
          96.6,
          251.2
        ],
        [
          102.1,
          253.7
        ],
        [
          106.9,
          256.6
        ],
        [
          109.3,
          260.2
        ],
        [
          111.8,
          256.6
        ],
        [
          117.3,
          253.8
        ],
        [
          121.1,
          252.3
        ],
        [
          126.5,
          250.8
        ],
        [
          131.0,
          250.6
        ],
        [
          134.1,
          250.6
        ],
        [
          134.1,
          260.2
        ],
        [
          131.8,
          260.2
        ],
        [
          131.8,
          252.9
        ],
        [
          128.4,
          253.1
        ],
        [
          123.8,
          253.7
        ],
        [
          119.3,
          255.7
        ],
        [
          115.4,
          257.8
        ],
        [
          112.3,
          260.6
        ],
        [
          111.2,
          264.0
        ],
        [
          110.9,
          265.0
        ],
        [
          108.4,
          264.8
        ],
        [
          107.6,
          264.7
        ],
        [
          107.6,
          261.7
        ],
        [
          106.1,
          259.5
        ],
        [
          103.9,
          257.9
        ],
        [
          99.8,
          255.6
        ],
        [
          96.3,
          254.5
        ],
        [
          92.2,
          253.3
        ],
        [
          88.9,
          253.3
        ],
        [
          87.6,
          253.4
        ],
        [
          87.3,
          260.7
        ]
      ],
      "group_id": null,
      "shape_type": "polygon",
      "flags": {}
    },
    {
      "label": "door",
      "points": [
        [
          55.37938844847112,
          310.30577576443943
        ],
        [
          55.49263873159683,
          303.3975084937712
        ],
        [
          52.774631936579844,
          303.3975084937712
        ],
        [
          48.47112117780294,
          303.73725934314837
        ],
        [
          44.73386183465458,
          304.64326160815403
        ],
        [
          41.10985277463194,
          306.45526613816537
        ],
        [
          39.41109852774632,
          308.6070215175538
        ],
        [
          36.80634201585504,
          305.7757644394111
        ],
        [
          32.955832389580976,
          304.3035107587769
        ],
        [
          30.124575311438278,
          303.73725934314837
        ],
        [
          25.934314835787088,
          303.3975084937712
        ],
        [
          23.32955832389581,
          303.3975084937712
        ],
        [
          22.87655719139298,
          303.6240090600227
        ],
        [
          22.650056625141563,
          309.8527746319366
        ],
        [
          25.821064552661383,
          309.8527746319366
        ],
        [
          25.481313703284258,
          305.7757644394111
        ],
        [
          28.312570781426952,
          305.8890147225368
        ],
        [
          32.84258210645527,
          306.90826727066815
        ],
        [
          35.78708946772367,
          309.0600226500566
        ],
        [
          36.57984144960362,
          310.5322763306908
        ],
        [
          37.25934314835787,
          311.7780294450736
        ],
        [
          37.82559456398641,
          312.34428086070216
        ],
        [
          40.770101925254814,
          312.004530011325
        ],
        [
          41.676104190260475,
          310.4190260475651
        ],
        [
          42.80860702151755,
          308.3805209513024
        ],
        [
          45.75311438278596,
          306.79501698754245
        ],
        [
          49.037372593431485,
          306.3420158550396
        ],
        [
          51.75537938844847,
          305.5492638731597
        ],
        [
          52.54813137032843,
          306.3420158550396
        ],
        [
          52.43488108720272,
          310.5322763306908
        ]
      ],
      "group_id": null,
      "shape_type": "polygon",
      "flags": {}
    },
    {
      "label": "door",
      "points": [
        [
          85.5039637599094,
          284.3714609286523
        ],
        [
          66.8176670441676,
          284.3714609286523
        ],
        [
          67.15741789354473,
          287.65571913929784
        ],
        [
          68.40317100792753,
          288.33522083805207
        ],
        [
          70.89467723669308,
          293.43148357870894
        ],
        [
          76.21744054360136,
          296.6024915062288
        ],
        [
          81.0872027180068,
          297.62174405436014
        ],
        [
          85.39071347678369,
          298.98074745186864
        ],
        [
          89.920724801812,
          299.09399773499433
        ],
        [
          91.05322763306908,
          298.30124575311436
        ],
        [
          90.60022650056625,
          296.14949037372594
        ],
        [
          87.88221970554926,
          296.3759909399773
        ],
        [
          83.46545866364666,
          296.03624009060024
        ],
        [
          80.06795016987543,
          294.4507361268403
        ],
        [
          76.44394110985277,
          292.9784824462061
        ],
        [
          74.06568516421291,
          291.16647791619476
        ],
        [
          72.02718006795017,
          289.4677236693092
        ],
        [
          71.57417893544734,
          288.2219705549264
        ],
        [
          85.5039637599094,
          287.65571913929784
        ]
      ],
      "group_id": null,
      "shape_type": "polygon",
      "flags": {}
    },
    {
      "label": "door",
      "points": [
        [
          78.14269535673839,
          329.55832389580974
        ],
        [
          77.91619479048697,
          338.8448471121178
        ],
        [
          81.87995469988675,
          339.7508493771234
        ],
        [
          87.42921857304643,
          338.9580973952435
        ],
        [
          93.54473386183466,
          337.03284258210647
        ],
        [
          98.64099660249151,
          333.63533408833524
        ],
        [
          101.35900339750849,
          330.4643261608154
        ],
        [
          102.71800679501699,
          330.6908267270668
        ],
        [
          104.98301245753115,
          333.63533408833524
        ],
        [
          108.94677236693092,
          336.2400906002265
        ],
        [
          113.59003397508494,
          338.50509626274066
        ],
        [
          119.13929784824462,
          339.6375990939977
        ],
        [
          124.12231030577577,
          339.524348810872
        ],
        [
          126.72706681766704,
          339.41109852774633
        ],
        [
          127.18006795016987,
          329.2185730464326
        ],
        [
          124.00906002265006,
          329.2185730464326
        ],
        [
          123.78255945639864,
          336.806342015855
        ],
        [
          119.36579841449604,
          336.2400906002265
        ],
        [
          114.26953567383919,
          335.10758776896944
        ],
        [
          111.21177802944507,
          333.74858437146094
        ],
        [
          107.58776896942243,
          331.1438278595696
        ],
        [
          104.64326160815402,
          328.76557191392976
        ],
        [
          104.19026047565119,
          325.48131370328423
        ],
        [
          100.11325028312571,
          325.02831257078145
        ],
        [
          100.22650056625142,
          327.7463193657984
        ],
        [
          99.88674971687429,
          328.9920724801812
        ],
        [
          96.82899207248018,
          331.03057757644393
        ],
        [
          94.3374858437146,
          332.95583238958096
        ],
        [
          91.05322763306908,
          334.31483578708946
        ],
        [
          87.65571913929784,
          335.4473386183465
        ],
        [
          83.35220838052095,
          336.69309173272933
        ],
        [
          81.31370328425821,
          336.806342015855
        ],
        [
          81.0872027180068,
          328.8788221970555
        ]
      ],
      "group_id": null,
      "shape_type": "polygon",
      "flags": {}
    },
    {
      "label": "door",
      "points": [
        [
          331.0344827586207,
          256.17352614015573
        ],
        [
          314.460511679644,
          256.39599555061176
        ],
        [
          313.6818687430478,
          256.0622914349277
        ],
        [
          314.0155728587319,
          251.16796440489432
        ],
        [
          315.6840934371524,
          248.38709677419354
        ],
        [
          318.90989988876527,
          246.27363737486095
        ],
        [
          321.6907675194661,
          244.49388209121244
        ],
        [
          325.80645161290323,
          243.15906562847607
        ],
        [
          329.9221357063404,
          242.38042269187986
        ],
        [
          331.4794215795328,
          242.1579532814238
        ],
        [
          331.4794215795328,
          244.71635150166853
        ],
        [
          329.0322580645161,
          244.93882091212458
        ],
        [
          326.25139043381535,
          245.7174638487208
        ],
        [
          321.9132369299221,
          247.38598442714127
        ],
        [
          318.79866518353725,
          250.055617352614
        ],
        [
          317.1301446051168,
          252.1690767519466
        ],
        [
          317.1301446051168,
          254.2825361512792
        ],
        [
          331.0344827586207,
          253.72636262513905
        ]
      ],
      "group_id": null,
      "shape_type": "polygon",
      "flags": {}
    },
    {
      "label": "door",
      "points": [
        [
          337.8197997775306,
          239.82202447163513
        ],
        [
          338.0422691879866,
          249.83314794215795
        ],
        [
          340.60066740823135,
          250.50055617352612
        ],
        [
          345.0500556173526,
          250.3893214682981
        ],
        [
          349.72191323692994,
          249.6106785317019
        ],
        [
          353.503893214683,
          248.49833147942158
        ],
        [
          356.39599555061176,
          246.496106785317
        ],
        [
          359.3993325917686,
          244.16017797552837
        ],
        [
          361.6240266963292,
          241.26807563959954
        ],
        [
          362.1802002224694,
          238.9321468298109
        ],
        [
          359.3993325917686,
          239.04338153503892
        ],
        [
          359.06562847608456,
          240.60066740823137
        ],
        [
          356.17352614015573,
          243.2703003337041
        ],
        [
          354.0600667408231,
          244.93882091212458
        ],
        [
          350.27808676307006,
          246.8298109010011
        ],
        [
          346.8298109010011,
          247.60845383759732
        ],
        [
          342.60289210233594,
          248.49833147942158
        ],
        [
          340.82313681868743,
          248.05339265850944
        ],
        [
          340.60066740823135,
          238.37597330367075
        ],
        [
          337.7085650723026,
          237.9310344827586
        ]
      ],
      "group_id": null,
      "shape_type": "polygon",
      "flags": {}
    },
    {
      "label": "door",
      "points": [
        [
          340.7569141193595,
          265.0655021834061
        ],
        [
          340.90247452692864,
          274.38136826783114
        ],
        [
          343.81368267831147,
          275.40029112081515
        ],
        [
          348.61717612809315,
          274.67248908296943
        ],
        [
          354.5851528384279,
          272.7802037845706
        ],
        [
          360.55312954876274,
          270.3056768558952
        ],
        [
          365.0655021834061,
          264.7743813682678
        ],
        [
          362.0087336244541,
          264.3377001455604
        ],
        [
          359.825327510917,
          266.8122270742358
        ],
        [
          355.1673944687045,
          269.1411935953421
        ],
        [
          350.36390101892283,
          270.88791848617177
        ],
        [
          345.9970887918486,
          271.7612809315866
        ],
        [
          344.10480349344977,
          271.90684133915573
        ],
        [
          344.10480349344977,
          264.91994177583695
        ]
      ],
      "group_id": null,
      "shape_type": "polygon",
      "flags": {}
    },
    {
      "label": "door",
      "points": [
        [
          331.5,
          308.3
        ],
        [
          338.2,
          310.2
        ],
        [
          342.9,
          312.4
        ],
        [
          346.4,
          316.0
        ],
        [
          348.6,
          320.5
        ],
        [
          349.0,
          322.4
        ],
        [
          330.1,
          322.4
        ],
        [
          330.4,
          320.0
        ],
        [
          345.2,
          320.7
        ],
        [
          344.1,
          318.0
        ],
        [
          340.8,
          315.4
        ],
        [
          336.5,
          312.8
        ],
        [
          331.3,
          311.8
        ]
      ],
      "group_id": null,
      "shape_type": "polygon",
      "flags": {}
    },
    {
      "label": "door",
      "points": [
        [
          331.1,
          207.2
        ],
        [
          322.0,
          207.0
        ],
        [
          323.2,
          211.4
        ],
        [
          326.6,
          213.8
        ],
        [
          328.3,
          214.1
        ],
        [
          324.3,
          215.9
        ],
        [
          321.8,
          218.6
        ],
        [
          322.1,
          220.8
        ],
        [
          331.8,
          221.4
        ],
        [
          331.8,
          219.0
        ],
        [
          325.3,
          218.9
        ],
        [
          326.8,
          217.5
        ],
        [
          330.0,
          216.2
        ],
        [
          334.1,
          215.8
        ],
        [
          336.1,
          215.4
        ],
        [
          336.2,
          213.7
        ],
        [
          334.0,
          212.9
        ],
        [
          330.4,
          212.6
        ],
        [
          329.1,
          212.3
        ],
        [
          327.1,
          211.1
        ],
        [
          326.6,
          209.4
        ],
        [
          331.8,
          209.5
        ]
      ],
      "group_id": null,
      "shape_type": "polygon",
      "flags": {}
    },
    {
      "label": "door",
      "points": [
        [
          382.8,
          225.5
        ],
        [
          380.6,
          225.1
        ],
        [
          380.9,
          214.3
        ],
        [
          386.7,
          215.2
        ],
        [
          395.5,
          217.4
        ],
        [
          399.9,
          219.7
        ],
        [
          403.4,
          223.5
        ],
        [
          403.7,
          224.7
        ],
        [
          400.6,
          224.9
        ],
        [
          399.8,
          223.0
        ],
        [
          398.2,
          221.5
        ],
        [
          395.8,
          220.4
        ],
        [
          393.1,
          219.1
        ],
        [
          389.6,
          217.9
        ],
        [
          386.1,
          217.5
        ],
        [
          383.4,
          217.7
        ]
      ],
      "group_id": null,
      "shape_type": "polygon",
      "flags": {}
    },
    {
      "label": "door",
      "points": [
        [
          422.5,
          213.7
        ],
        [
          419.8,
          213.7
        ],
        [
          419.9,
          206.5
        ],
        [
          423.1,
          206.4
        ],
        [
          428.9,
          207.4
        ],
        [
          434.7,
          209.8
        ],
        [
          436.9,
          212.6
        ],
        [
          438.7,
          209.9
        ],
        [
          443.1,
          208.2
        ],
        [
          448.9,
          206.6
        ],
        [
          452.9,
          206.4
        ],
        [
          453.4,
          205.8
        ],
        [
          453.5,
          214.0
        ],
        [
          451.6,
          213.8
        ],
        [
          451.6,
          208.5
        ],
        [
          449.0,
          209.1
        ],
        [
          446.5,
          209.9
        ],
        [
          443.6,
          210.9
        ],
        [
          440.8,
          212.5
        ],
        [
          439.0,
          214.4
        ],
        [
          438.6,
          216.1
        ],
        [
          438.5,
          216.8
        ],
        [
          435.8,
          216.8
        ],
        [
          435.4,
          214.5
        ],
        [
          433.7,
          212.4
        ],
        [
          432.5,
          211.2
        ],
        [
          429.5,
          210.3
        ],
        [
          426.9,
          209.7
        ],
        [
          423.3,
          209.1
        ],
        [
          422.5,
          209.1
        ]
      ],
      "group_id": null,
      "shape_type": "polygon",
      "flags": {}
    },
    {
      "label": "door",
      "points": [
        [
          456.9,
          214.0
        ],
        [
          454.9,
          214.1
        ],
        [
          454.8,
          206.2
        ],
        [
          457.1,
          206.2
        ],
        [
          460.4,
          206.6
        ],
        [
          465.5,
          207.9
        ],
        [
          468.6,
          209.9
        ],
        [
          471.3,
          212.5
        ],
        [
          473.2,
          209.6
        ],
        [
          477.6,
          208.1
        ],
        [
          481.0,
          207.0
        ],
        [
          485.6,
          206.5
        ],
        [
          488.3,
          207.0
        ],
        [
          488.4,
          213.1
        ],
        [
          485.9,
          213.4
        ],
        [
          486.0,
          208.6
        ],
        [
          483.2,
          209.1
        ],
        [
          478.2,
          210.7
        ],
        [
          475.3,
          211.9
        ],
        [
          473.5,
          213.6
        ],
        [
          472.7,
          216.0
        ],
        [
          472.8,
          216.9
        ],
        [
          471.0,
          217.1
        ],
        [
          469.6,
          216.7
        ],
        [
          469.8,
          214.8
        ],
        [
          468.3,
          213.4
        ],
        [
          465.2,
          210.9
        ],
        [
          462.1,
          209.5
        ],
        [
          457.5,
          209.1
        ]
      ],
      "group_id": null,
      "shape_type": "polygon",
      "flags": {}
    },
    {
      "label": "door",
      "points": [
        [
          225.9,
          230.6
        ],
        [
          215.3,
          230.6
        ],
        [
          217.8,
          234.1
        ],
        [
          221.8,
          236.2
        ],
        [
          223.0,
          236.8
        ],
        [
          217.8,
          239.1
        ],
        [
          216.4,
          242.1
        ],
        [
          217.4,
          243.8
        ],
        [
          226.0,
          244.2
        ],
        [
          226.0,
          242.4
        ],
        [
          219.9,
          242.4
        ],
        [
          220.1,
          241.3
        ],
        [
          223.2,
          239.6
        ],
        [
          225.0,
          238.6
        ],
        [
          228.4,
          238.3
        ],
        [
          231.3,
          238.2
        ],
        [
          231.3,
          236.7
        ],
        [
          228.7,
          235.9
        ],
        [
          226.1,
          235.6
        ],
        [
          224.3,
          235.1
        ],
        [
          222.0,
          234.1
        ],
        [
          220.4,
          232.5
        ],
        [
          226.5,
          232.4
        ]
      ],
      "group_id": null,
      "shape_type": "polygon",
      "flags": {}
    },
    {
      "label": "door",
      "points": [
        [
          226.1,
          244.3
        ],
        [
          216.0,
          244.6
        ],
        [
          216.8,
          248.3
        ],
        [
          219.9,
          251.0
        ],
        [
          220.8,
          251.5
        ],
        [
          218.5,
          253.2
        ],
        [
          216.6,
          254.7
        ],
        [
          216.7,
          257.8
        ],
        [
          226.6,
          258.2
        ],
        [
          226.3,
          256.3
        ],
        [
          220.0,
          256.3
        ],
        [
          223.3,
          254.3
        ],
        [
          226.2,
          253.0
        ],
        [
          229.4,
          252.7
        ],
        [
          231.0,
          251.6
        ],
        [
          229.3,
          250.3
        ],
        [
          226.0,
          250.1
        ],
        [
          222.3,
          248.9
        ],
        [
          220.3,
          247.3
        ],
        [
          220.2,
          246.8
        ],
        [
          226.2,
          246.6
        ]
      ],
      "group_id": null,
      "shape_type": "polygon",
      "flags": {}
    },
    {
      "label": "door",
      "points": [
        [
          489.17910447761193,
          139.36567164179104
        ],
        [
          478.7313432835821,
          138.99253731343282
        ],
        [
          479.66417910447757,
          143.84328358208955
        ],
        [
          485.26119402985074,
          146.08208955223878
        ],
        [
          486.19402985074623,
          146.2686567164179
        ],
        [
          480.5970149253731,
          148.32089552238804
        ],
        [
          479.1044776119403,
          150.5597014925373
        ],
        [
          479.47761194029846,
          154.1044776119403
        ],
        [
          488.9925373134328,
          154.4776119402985
        ],
        [
          488.9925373134328,
          152.05223880597015
        ],
        [
          482.08955223880594,
          152.23880597014926
        ],
        [
          482.8358208955224,
          150.7462686567164
        ],
        [
          486.56716417910445,
          148.88059701492537
        ],
        [
          491.2313432835821,
          147.38805970149252
        ],
        [
          494.4029850746268,
          146.82835820895522
        ],
        [
          494.0298507462686,
          145.52238805970148
        ],
        [
          489.7388059701492,
          145.14925373134326
        ],
        [
          487.49999999999994,
          144.40298507462686
        ],
        [
          484.1417910447761,
          142.91044776119404
        ],
        [
          482.64925373134326,
          140.85820895522386
        ],
        [
          489.5,
          141.3
        ]
      ],
      "group_id": null,
      "shape_type": "polygon",
      "flags": {}
    },
    {
      "label": "door",
      "points": [
        [
          294.2643391521197,
          330.67331670822944
        ],
        [
          305.1122194513716,
          331.04738154613466
        ],
        [
          304.1147132169576,
          334.28927680798006
        ],
        [
          300.8728179551122,
          336.90773067331673
        ],
        [
          297.6309226932668,
          338.1546134663342
        ],
        [
          301.74563591022445,
          339.77556109725685
        ],
        [
          304.73815461346635,
          342.89276807980053
        ],
        [
          304.73815461346635,
          346.25935162094765
        ],
        [
          293.01745635910225,
          346.00997506234415
        ],
        [
          293.01745635910225,
          344.3890274314215
        ],
        [
          301.49625935162095,
          344.3890274314215
        ],
        [
          300.3740648379053,
          342.14463840399003
        ],
        [
          296.3840399002494,
          339.90024937655863
        ],
        [
          293.76558603491276,
          339.40149625935163
        ],
        [
          290.27431421446386,
          339.40149625935163
        ],
        [
          290.3990024937656,
          337.15710723192024
        ],
        [
          295.63591022443893,
          337.15710723192024
        ],
        [
          298.87780548628433,
          335.5361596009975
        ],
        [
          301.3715710723192,
          332.9177057356609
        ],
        [
          294.0149625935162,
          332.7930174563591
        ]
      ],
      "group_id": null,
      "shape_type": "polygon",
      "flags": {}
    },
    {
      "label": "door",
      "points": [
        [
          294.1346633416459,
          346.8778054862843
        ],
        [
          304.98254364089775,
          347.2518703241895
        ],
        [
          303.9850374064838,
          350.4937655860349
        ],
        [
          300.7431421446384,
          353.1122194513716
        ],
        [
          297.501246882793,
          354.359102244389
        ],
        [
          301.6159600997506,
          355.9800498753117
        ],
        [
          304.6084788029925,
          359.09725685785537
        ],
        [
          304.6084788029925,
          362.4638403990025
        ],
        [
          292.8877805486284,
          362.214463840399
        ],
        [
          292.8877805486284,
          360.5935162094763
        ],
        [
          301.3665835411471,
          360.5935162094763
        ],
        [
          300.24438902743145,
          358.34912718204487
        ],
        [
          296.25436408977555,
          356.1047381546135
        ],
        [
          293.63591022443893,
          355.60598503740647
        ],
        [
          290.14463840399003,
          355.60598503740647
        ],
        [
          290.26932668329175,
          353.3615960099751
        ],
        [
          295.5062344139651,
          353.3615960099751
        ],
        [
          298.7481296758105,
          351.74064837905235
        ],
        [
          301.2418952618454,
          349.1221945137157
        ],
        [
          293.8852867830424,
          348.99750623441395
        ]
      ],
      "group_id": null,
      "shape_type": "polygon",
      "flags": {}
    },
    {
      "label": "door",
      "points": [
        [
          294.62842892768083,
          362.08478802992516
        ],
        [
          305.4763092269327,
          362.4588528678304
        ],
        [
          304.47880299251875,
          365.7007481296758
        ],
        [
          301.23690773067335,
          368.31920199501246
        ],
        [
          297.99501246882795,
          369.5660847880299
        ],
        [
          302.1097256857856,
          371.1870324189526
        ],
        [
          305.1022443890275,
          374.30423940149626
        ],
        [
          305.1022443890275,
          377.6708229426434
        ],
        [
          293.3815461346634,
          377.4214463840399
        ],
        [
          293.3815461346634,
          375.8004987531172
        ],
        [
          301.8603491271821,
          375.8004987531172
        ],
        [
          300.7381546134664,
          373.55610972568576
        ],
        [
          296.7481296758105,
          371.31172069825436
        ],
        [
          294.1296758104739,
          370.81296758104736
        ],
        [
          290.638403990025,
          370.81296758104736
        ],
        [
          290.7630922693267,
          368.56857855361596
        ],
        [
          296.00000000000006,
          368.56857855361596
        ],
        [
          299.24189526184546,
          366.94763092269324
        ],
        [
          301.73566084788035,
          364.3291770573566
        ],
        [
          294.3790523690773,
          364.20448877805484
        ]
      ],
      "group_id": null,
      "shape_type": "polygon",
      "flags": {}
    },
    {
      "label": "door",
      "points": [
        [
          293.62593516209483,
          378.28927680798006
        ],
        [
          304.4738154613467,
          378.6633416458853
        ],
        [
          303.47630922693276,
          381.9052369077307
        ],
        [
          300.23441396508736,
          384.52369077306736
        ],
        [
          296.99251870324196,
          385.7705735660848
        ],
        [
          301.1072319201996,
          387.3915211970075
        ],
        [
          304.0997506234415,
          390.50872817955116
        ],
        [
          304.0997506234415,
          393.8753117206983
        ],
        [
          292.3790523690774,
          393.6259351620948
        ],
        [
          292.3790523690774,
          392.0049875311721
        ],
        [
          300.8578553615961,
          392.0049875311721
        ],
        [
          299.7356608478804,
          389.76059850374065
        ],
        [
          295.7456359102245,
          387.51620947630926
        ],
        [
          293.1271820448879,
          387.01745635910225
        ],
        [
          289.635910224439,
          387.01745635910225
        ],
        [
          289.7605985037407,
          384.77306733167086
        ],
        [
          294.99750623441406,
          384.77306733167086
        ],
        [
          298.23940149625946,
          383.15211970074813
        ],
        [
          300.73316708229436,
          380.5336658354115
        ],
        [
          293.37655860349133,
          380.40897755610973
        ]
      ],
      "group_id": null,
      "shape_type": "polygon",
      "flags": {}
    },
    {
      "label": "door",
      "points": [
        [
          293.995012468828,
          394.3690773067331
        ],
        [
          304.8428927680799,
          394.74314214463834
        ],
        [
          303.84538653366593,
          397.98503740648374
        ],
        [
          300.60349127182053,
          400.6034912718204
        ],
        [
          297.36159600997513,
          401.85037406483787
        ],
        [
          301.47630922693276,
          403.47132169576054
        ],
        [
          304.46882793017465,
          406.5885286783042
        ],
        [
          304.46882793017465,
          409.95511221945134
        ],
        [
          292.74812967581056,
          409.70573566084784
        ],
        [
          292.74812967581056,
          408.08478802992516
        ],
        [
          301.22693266832925,
          408.08478802992516
        ],
        [
          300.1047381546136,
          405.8403990024937
        ],
        [
          296.1147132169577,
          403.5960099750623
        ],
        [
          293.49625935162106,
          403.0972568578553
        ],
        [
          290.00498753117216,
          403.0972568578553
        ],
        [
          290.1296758104739,
          400.8528678304239
        ],
        [
          295.36658354114724,
          400.8528678304239
        ],
        [
          298.60847880299264,
          399.2319201995012
        ],
        [
          301.10224438902753,
          396.61346633416457
        ],
        [
          293.7456359102245,
          396.4887780548628
        ]
      ],
      "group_id": null,
      "shape_type": "polygon",
      "flags": {}
    },
    {
      "label": "door",
      "points": [
        [
          488.862837045721,
          408.44079718640097
        ],
        [
          472.0984759671747,
          408.55803048065656
        ],
        [
          471.5123094958969,
          405.50996483001177
        ],
        [
          472.2157092614303,
          402.2274325908558
        ],
        [
          474.91207502930837,
          399.4138335287222
        ],
        [
          479.01524032825324,
          396.7174677608441
        ],
        [
          483.82180539273156,
          395.42790152403285
        ],
        [
          488.042203985932,
          395.19343493552174
        ],
        [
          488.39390386869877,
          398.00703399765536
        ],
        [
          484.525205158265,
          398.35873388042205
        ],
        [
          481.9460726846425,
          399.179366940211
        ],
        [
          478.31184056271985,
          401.2895662368113
        ],
        [
          475.4982415005862,
          403.28253223915596
        ],
        [
          474.4431418522861,
          405.50996483001177
        ],
        [
          474.4431418522861,
          406.21336459554516
        ],
        [
          488.6283704572099,
          406.0961313012896
        ]
      ],
      "group_id": null,
      "shape_type": "polygon",
      "flags": {}
    },
    {
      "label": "door",
      "points": [
        [
          488.2056451612903,
          345.36290322580646
        ],
        [
          483.77016129032256,
          344.9596774193548
        ],
        [
          478.52822580645164,
          343.3467741935484
        ],
        [
          473.38709677419354,
          340.625
        ],
        [
          471.5725806451613,
          336.491935483871
        ],
        [
          471.6733870967742,
          333.366935483871
        ],
        [
          471.7741935483871,
          332.86290322580646
        ],
        [
          488.508064516129,
          332.66129032258067
        ],
        [
          488.508064516129,
          334.8790322580645
        ],
        [
          473.58870967741933,
          334.7782258064516
        ],
        [
          476.2096774193548,
          338.91129032258067
        ],
        [
          479.23387096774195,
          340.4233870967742
        ],
        [
          483.77016129032256,
          342.03629032258067
        ],
        [
          487.6008064516129,
          343.0443548387097
        ]
      ],
      "group_id": null,
      "shape_type": "polygon",
      "flags": {}
    },
    {
      "label": "door",
      "points": [
        [
          488.3,
          197.6
        ],
        [
          478.3,
          197.5
        ],
        [
          477.9,
          200.9
        ],
        [
          481.9,
          204.6
        ],
        [
          486.6,
          206.3
        ],
        [
          480.5,
          208.1
        ],
        [
          477.6,
          211.0
        ],
        [
          477.6,
          213.7
        ],
        [
          484.9,
          214.2
        ],
        [
          486.4,
          212.1
        ],
        [
          482.0,
          212.6
        ],
        [
          480.3,
          212.2
        ],
        [
          481.1,
          210.0
        ],
        [
          483.9,
          208.4
        ],
        [
          487.5,
          207.8
        ],
        [
          491.6,
          207.2
        ],
        [
          492.5,
          205.6
        ],
        [
          489.6,
          205.0
        ],
        [
          485.3,
          203.6
        ],
        [
          482.3,
          202.8
        ],
        [
          480.8,
          201.1
        ],
        [
          480.8,
          199.8
        ],
        [
          488.2,
          199.8
        ]
      ],
      "group_id": null,
      "shape_type": "polygon",
      "flags": {}
    }
  ],
  "imagePath": "31890228.jpg",
  "imageData": null,
  "imageHeight": 513,
  "imageWidth": 513
}