{
  "version": "4.5.9",
  "flags": {},
  "shapes": [
    {
      "label": "door",
      "points": [
        [
          224.82915717539865,
          134.85193621867882
        ],
        [
          243.05239179954444,
          149.8861047835991
        ],
        [
          242.36902050113898,
          153.0751708428246
        ],
        [
          235.30751708428247,
          157.1753986332574
        ],
        [
          225.5125284738041,
          160.13667425968112
        ],
        [
          224.60136674259684,
          158.0865603644647
        ],
        [
          232.11845102505697,
          156.0364464692483
        ],
        [
          239.17995444191345,
          152.61958997722095
        ],
        [
          223.2346241457859,
          138.04100227790434
        ]
      ],
      "group_id": null,
      "shape_type": "polygon",
      "flags": {}
    },
    {
      "label": "door",
      "points": [
        [
          192.31080739053405,
          232.85193621867882
        ],
        [
          210.53404201467984,
          247.8861047835991
        ],
        [
          209.85067071627438,
          251.0751708428246
        ],
        [
          202.78916729941787,
          255.1753986332574
        ],
        [
          192.9941786889395,
          258.1366742596814
        ],
        [
          192.08301695773224,
          256.08656036446473
        ],
        [
          199.60010124019237,
          254.0364464692483
        ],
        [
          206.66160465704885,
          250.61958997722095
        ],
        [
          190.7162743609213,
          236.04100227790434
        ]
      ],
      "group_id": null,
      "shape_type": "polygon",
      "flags": {}
    },
    {
      "label": "door",
      "points": [
        [
          151.64414072386737,
          171.29638066312324
        ],
        [
          169.86737534801316,
          186.33054922804354
        ],
        [
          169.1840040496077,
          189.51961528726903
        ],
        [
          162.12250063275118,
          193.61984307770183
        ],
        [
          152.32751202227283,
          196.58111870412583
        ],
        [
          151.41635029106556,
          194.53100480890916
        ],
        [
          158.9334345735257,
          192.48089091369272
        ],
        [
          165.99493799038217,
          189.06403442166538
        ],
        [
          150.0496076942546,
          174.48544672234877
        ]
      ],
      "group_id": null,
      "shape_type": "polygon",
      "flags": {}
    },
    {
      "label": "door",
      "points": [
        [
          97.0290805397133,
          342.14255977025624
        ],
        [
          115.25231516385911,
          357.1767283351765
        ],
        [
          114.56894386545365,
          360.36579439440203
        ],
        [
          107.50744044859711,
          364.4660221848348
        ],
        [
          97.71245183811877,
          367.4272978112588
        ],
        [
          96.8012901069115,
          365.37718391604216
        ],
        [
          104.31837438937163,
          363.3270700208257
        ],
        [
          111.37987780622811,
          359.91021352879835
        ],
        [
          95.43454751010054,
          345.33162582948177
        ]
      ],
      "group_id": null,
      "shape_type": "polygon",
      "flags": {}
    },
    {
      "label": "door",
      "points": [
        [
          110.85594989561586,
          370.7724425887265
        ],
        [
          128.39248434237996,
          354.90605427974947
        ],
        [
          132.5678496868476,
          356.9937369519833
        ],
        [
          135.28183716075156,
          360.5427974947808
        ],
        [
          137.78705636743214,
          364.7181628392484
        ],
        [
          139.03966597077243,
          369.10229645093943
        ],
        [
          135.90814196242172,
          369.937369519833
        ],
        [
          134.6555323590814,
          365.76200417536535
        ],
        [
          132.5678496868476,
          362.00417536534445
        ],
        [
          129.85386221294362,
          358.455114822547
        ],
        [
          110.64718162839249,
          374.7390396659708
        ]
      ],
      "group_id": null,
      "shape_type": "polygon",
      "flags": {}
    },
    {
      "label": "door",
      "points": [
        [
          194.1544885177453,
          337.36951983298536
        ],
        [
          211.6910229645094,
          321.5031315240083
        ],
        [
          209.60334029227556,
          318.78914405010437
        ],
        [
          202.71398747390396,
          314.40501043841334
        ],
        [
          196.65970772442589,
          312.10855949895614
        ],
        [
          193.1106471816284,
          311.27348643006263
        ],
        [
          192.69311064718164,
          313.9874739039666
        ],
        [
          196.4509394572025,
          314.8225469728601
        ],
        [
          199.16492693110646,
          315.86638830897704
        ],
        [
          202.92275574112736,
          318.3716075156576
        ],
        [
          205.42797494780794,
          320.0417536534447
        ],
        [
          206.68058455114823,
          321.5031315240083
        ],
        [
          190.8141962421712,
          336.3256784968685
        ]
      ],
      "group_id": null,
      "shape_type": "polygon",
      "flags": {}
    },
    {
      "label": "door",
      "points": [
        [
          126.75521821631878,
          298.10246679316884
        ],
        [
          125.04743833017076,
          299.6204933586337
        ],
        [
          141.5559772296015,
          313.85199240986714
        ],
        [
          144.59203036053128,
          311.7647058823529
        ],
        [
          149.5256166982922,
          306.0721062618596
        ],
        [
          151.99240986717265,
          299.8102466793169
        ],
        [
          151.61290322580643,
          296.9639468690702
        ],
        [
          148.00759013282732,
          297.5332068311195
        ],
        [
          148.38709677419354,
          299.8102466793169
        ],
        [
          146.2998102466793,
          305.31309297912713
        ],
        [
          142.50474383301707,
          310.62618595825427
        ]
      ],
      "group_id": null,
      "shape_type": "polygon",
      "flags": {}
    },
    {
      "label": "door",
      "points": [
        [
          94.87666034155598,
          326.1859582542694
        ],
        [
          90.7020872865275,
          325.9962049335863
        ],
        [
          73.0550284629981,
          309.8671726755218
        ],
        [
          75.71157495256166,
          307.9696394686907
        ],
        [
          79.69639468690701,
          304.3643263757115
        ],
        [
          85.57874762808349,
          302.2770398481973
        ],
        [
          91.46110056925995,
          301.32827324478177
        ],
        [
          91.65085388994306,
          303.03605313092976
        ],
        [
          88.42504743833017,
          304.1745730550284
        ],
        [
          83.30170777988614,
          306.0721062618596
        ],
        [
          79.69639468690701,
          308.1593927893738
        ],
        [
          77.98861480075901,
          310.0569259962049
        ]
      ],
      "group_id": null,
      "shape_type": "polygon",
      "flags": {}
    },
    {
      "label": "door",
      "points": [
        [
          146.6,
          251.0
        ],
        [
          128.2,
          234.4
        ],
        [
          129.0,
          232.3
        ],
        [
          131.0,
          231.7
        ],
        [
          134.1,
          228.7
        ],
        [
          139.7,
          226.8
        ],
        [
          147.8,
          225.3
        ],
        [
          147.5,
          227.8
        ],
        [
          142.8,
          228.6
        ],
        [
          137.8,
          230.6
        ],
        [
          132.6,
          233.4
        ],
        [
          150.6,
          250.2
        ]
      ],
      "group_id": null,
      "shape_type": "polygon",
      "flags": {}
    },
    {
      "label": "door",
      "points": [
        [
          21.35593220338983,
          199.4915254237288
        ],
        [
          40.847457627118644,
          216.27118644067795
        ],
        [
          44.91525423728813,
          211.864406779661
        ],
        [
          49.66101694915254,
          202.88135593220338
        ],
        [
          50.67796610169491,
          197.45762711864407
        ],
        [
          47.79661016949152,
          197.96610169491524
        ],
        [
          46.61016949152542,
          202.88135593220338
        ],
        [
          43.559322033898304,
          207.96610169491524
        ],
        [
          41.016949152542374,
          211.52542372881354
        ],
        [
          21.01694915254237,
          194.9152542372881
        ]
      ],
      "group_id": null,
      "shape_type": "polygon",
      "flags": {}
    },
    {
      "label": "door",
      "points": [
        [
          192.60780287474333,
          124.6406570841889
        ],
        [
          192.40246406570841,
          128.13141683778233
        ],
        [
          174.12731006160163,
          113.14168377823408
        ],
        [
          172.27926078028747,
          115.81108829568788
        ],
        [
          168.58316221765912,
          119.30184804928132
        ],
        [
          166.94045174537987,
          124.84599589322382
        ],
        [
          164.47638603696097,
          125.05133470225873
        ],
        [
          165.0924024640657,
          119.30184804928132
        ],
        [
          167.55646817248459,
          114.98973305954826
        ],
        [
          172.07392197125256,
          110.47227926078028
        ],
        [
          175.15400410677617,
          109.24024640657083
        ]
      ],
      "group_id": null,
      "shape_type": "polygon",
      "flags": {}
    }
  ],
  "imagePath": "42761030.jpg",
  "imageData": null,
  "imageHeight": 513,
  "imageWidth": 513
}