{
  "version": "4.5.9",
  "flags": {},
  "shapes": [
    {
      "label": "door",
      "points": [
        [
          206.4102564102564,
          327.4725274725275
        ],
        [
          207.14285714285714,
          303.2967032967033
        ],
        [
          212.0879120879121,
          303.1135531135531
        ],
        [
          219.41391941391942,
          304.3956043956044
        ],
        [
          227.47252747252747,
          306.7765567765568
        ],
        [
          234.24908424908426,
          310.0732600732601
        ],
        [
          239.01098901098902,
          314.65201465201466
        ],
        [
          242.49084249084248,
          320.5128205128205
        ],
        [
          244.13919413919413,
          326.7399267399267
        ],
        [
          241.75824175824175,
          327.1062271062271
        ],
        [
          240.1098901098901,
          322.5274725274725
        ],
        [
          237.17948717948718,
          317.76556776556777
        ],
        [
          233.88278388278388,
          314.65201465201466
        ],
        [
          228.75457875457874,
          312.27106227106225
        ],
        [
          224.17582417582418,
          309.8901098901099
        ],
        [
          218.3150183150183,
          307.6923076923077
        ],
        [
          211.17216117216117,
          306.4102564102564
        ],
        [
          209.52380952380952,
          306.4102564102564
        ],
        [
          209.52380952380952,
          327.1062271062271
        ]
      ],
      "group_id": null,
      "shape_type": "polygon",
      "flags": {}
    },
    {
      "label": "door",
      "points": [
        [
          267.76556776556777,
          327.2893772893773
        ],
        [
          268.13186813186815,
          303.84615384615387
        ],
        [
          271.97802197802196,
          303.84615384615387
        ],
        [
          277.83882783882785,
          304.3956043956044
        ],
        [
          284.43223443223445,
          305.86080586080584
        ],
        [
          290.65934065934067,
          307.6923076923077
        ],
        [
          296.8864468864469,
          311.53846153846155
        ],
        [
          301.28205128205127,
          316.6666666666667
        ],
        [
          304.3956043956044,
          321.61172161172163
        ],
        [
          304.94505494505495,
          327.4725274725275
        ],
        [
          302.1978021978022,
          327.4725274725275
        ],
        [
          301.0989010989011,
          321.97802197802196
        ],
        [
          297.98534798534797,
          317.94871794871796
        ],
        [
          293.7728937728938,
          314.1025641025641
        ],
        [
          288.46153846153845,
          310.8058608058608
        ],
        [
          282.967032967033,
          308.7912087912088
        ],
        [
          278.20512820512823,
          308.05860805860806
        ],
        [
          272.7106227106227,
          306.7765567765568
        ],
        [
          271.42857142857144,
          307.14285714285717
        ],
        [
          270.5128205128205,
          327.83882783882785
        ]
      ],
      "group_id": null,
      "shape_type": "polygon",
      "flags": {}
    },
    {
      "label": "door",
      "points": [
        [
          192.64705882352942,
          416.01307189542484
        ],
        [
          155.0653594771242,
          416.33986928104576
        ],
        [
          156.04575163398692,
          411.437908496732
        ],
        [
          159.96732026143792,
          404.4117647058823
        ],
        [
          165.52287581699346,
          399.01960784313724
        ],
        [
          172.71241830065358,
          393.9542483660131
        ],
        [
          180.55555555555554,
          391.33986928104576
        ],
        [
          187.58169934640523,
          390.0326797385621
        ],
        [
          192.64705882352942,
          389.0522875816993
        ],
        [
          192.64705882352942,
          392.156862745098
        ],
        [
          186.76470588235293,
          392.6470588235294
        ],
        [
          180.39215686274508,
          394.11764705882354
        ],
        [
          176.30718954248366,
          395.42483660130716
        ],
        [
          171.5686274509804,
          398.3660130718954
        ],
        [
          167.81045751633985,
          401.96078431372547
        ],
        [
          163.72549019607843,
          405.718954248366
        ],
        [
          161.43790849673204,
          410.4575163398693
        ],
        [
          160.45751633986927,
          413.88888888888886
        ],
        [
          192.64705882352942,
          413.2352941176471
        ]
      ],
      "group_id": null,
      "shape_type": "polygon",
      "flags": {}
    },
    {
      "label": "door",
      "points": [
        [
          88.2,
          421.7
        ],
        [
          95.1,
          408.9
        ],
        [
          93.3,
          408.0
        ],
        [
          89.6,
          406.8
        ],
        [
          87.4,
          406.8
        ],
        [
          87.4,
          409.2
        ],
        [
          90.2,
          409.6
        ],
        [
          91.9,
          410.4
        ],
        [
          86.3,
          420.6
        ]
      ],
      "group_id": null,
      "shape_type": "polygon",
      "flags": {}
    },
    {
      "label": "door",
      "points": [
        [
          360.655737704918,
          422.40437158469945
        ],
        [
          324.3169398907104,
          422.40437158469945
        ],
        [
          323.4972677595628,
          420.08196721311475
        ],
        [
          324.18032786885243,
          415.8469945355191
        ],
        [
          325.95628415300547,
          412.1584699453552
        ],
        [
          330.1912568306011,
          406.55737704918033
        ],
        [
          335.24590163934425,
          403.0054644808743
        ],
        [
          341.53005464480873,
          399.5901639344262
        ],
        [
          348.4972677595628,
          397.8142076502732
        ],
        [
          352.86885245901635,
          397.2677595628415
        ],
        [
          353.41530054644807,
          399.18032786885243
        ],
        [
          349.3169398907104,
          400.0
        ],
        [
          344.9453551912568,
          401.22950819672127
        ],
        [
          340.02732240437155,
          403.1420765027322
        ],
        [
          336.06557377049177,
          405.60109289617486
        ],
        [
          333.06010928961746,
          408.3333333333333
        ],
        [
          330.1912568306011,
          411.6120218579235
        ],
        [
          327.59562841530055,
          415.71038251366116
        ],
        [
          326.775956284153,
          418.7158469945355
        ],
        [
          326.91256830601094,
          419.2622950819672
        ],
        [
          360.92896174863387,
          418.8524590163934
        ]
      ],
      "group_id": null,
      "shape_type": "polygon",
      "flags": {}
    },
    {
      "label": "door",
      "points": [
        [
          350.9283819628647,
          294.42970822281166
        ],
        [
          351.0610079575597,
          271.0875331564987
        ],
        [
          348.54111405835545,
          270.9549071618037
        ],
        [
          341.6445623342175,
          271.2201591511936
        ],
        [
          335.80901856763927,
          272.54641909814325
        ],
        [
          330.6366047745358,
          274.2705570291777
        ],
        [
          325.19893899204243,
          277.18832891246683
        ],
        [
          320.15915119363393,
          281.56498673740055
        ],
        [
          318.43501326259945,
          284.8806366047745
        ],
        [
          314.58885941644564,
          290.45092838196285
        ],
        [
          313.9257294429708,
          294.56233421750665
        ],
        [
          316.0477453580902,
          294.6949602122016
        ],
        [
          318.16976127320953,
          288.9920424403183
        ],
        [
          321.0875331564987,
          284.7480106100796
        ],
        [
          325.19893899204243,
          280.7692307692308
        ],
        [
          330.6366047745358,
          277.45358090185675
        ],
        [
          338.3289124668435,
          274.6684350132626
        ],
        [
          342.83819628647217,
          274.2705570291777
        ],
        [
          348.54111405835545,
          274.13793103448273
        ],
        [
          348.54111405835545,
          294.2970822281167
        ]
      ],
      "group_id": null,
      "shape_type": "polygon",
      "flags": {}
    },
    {
      "label": "door",
      "points": [
        [
          386.47214854111405,
          294.42970822281166
        ],
        [
          383.81962864721487,
          294.42970822281166
        ],
        [
          383.6870026525199,
          271.48541114058355
        ],
        [
          385.9416445623342,
          271.3527851458886
        ],
        [
          390.9814323607427,
          271.2201591511936
        ],
        [
          396.9496021220159,
          271.7506631299735
        ],
        [
          403.44827586206895,
          274.0053050397878
        ],
        [
          411.6710875331565,
          277.7188328912467
        ],
        [
          416.9761273209549,
          282.7586206896552
        ],
        [
          420.42440318302386,
          287.79840848806367
        ],
        [
          421.48541114058355,
          293.7665782493369
        ],
        [
          418.3023872679045,
          294.16445623342173
        ],
        [
          418.0371352785146,
          290.84880636604777
        ],
        [
          415.11936339522543,
          285.9416445623342
        ],
        [
          412.46684350132625,
          282.7586206896552
        ],
        [
          407.9575596816976,
          279.17771883289123
        ],
        [
          404.2440318302387,
          277.58620689655174
        ],
        [
          398.6737400530504,
          275.59681697612734
        ],
        [
          395.6233421750663,
          274.2705570291777
        ],
        [
          390.45092838196285,
          273.60742705570294
        ],
        [
          386.8700265251989,
          273.47480106100795
        ],
        [
          386.0742705570292,
          273.60742705570294
        ]
      ],
      "group_id": null,
      "shape_type": "polygon",
      "flags": {}
    },
    {
      "label": "door",
      "points": [
        [
          432.4763193504736,
          322.59810554803784
        ],
        [
          429.9052774018944,
          323.4100135317997
        ],
        [
          417.7266576454668,
          307.03653585926924
        ],
        [
          419.7564276048714,
          305.00676589986466
        ],
        [
          425.03382949932336,
          304.05953991880915
        ],
        [
          430.8525033829499,
          303.65358592692826
        ],
        [
          430.98782138024353,
          305.41271989174555
        ],
        [
          426.65764546684704,
          306.2246278755074
        ],
        [
          423.4100135317997,
          306.76589986468196
        ],
        [
          420.83897158322054,
          307.3071718538565
        ]
      ],
      "group_id": null,
      "shape_type": "polygon",
      "flags": {}
    },
    {
      "label": "door",
      "points": [
        [
          361.1637347767253,
          364.54668470906626
        ],
        [
          396.2110960757781,
          364.54668470906626
        ],
        [
          396.0757780784844,
          360.893098782138
        ],
        [
          394.85791610284167,
          356.02165087956695
        ],
        [
          392.0162381596752,
          350.744248985115
        ],
        [
          386.87415426251687,
          346.6847090663058
        ],
        [
          382.1380243572395,
          343.0311231393775
        ],
        [
          376.86062246278755,
          340.595399188092
        ],
        [
          370.6359945872801,
          339.10690121786195
        ],
        [
          361.43437077131256,
          338.2949932341001
        ],
        [
          361.84032476319345,
          341.1366711772666
        ],
        [
          370.9066305818674,
          341.81326116373475
        ],
        [
          377.94316644113667,
          343.978349120433
        ],
        [
          384.43843031123134,
          347.90257104194853
        ],
        [
          389.85115020297695,
          353.04465493910686
        ],
        [
          391.6102841677943,
          357.510148849797
        ],
        [
          393.0987821380243,
          361.2990527740189
        ],
        [
          361.2990527740189,
          360.75778078484433
        ]
      ],
      "group_id": null,
      "shape_type": "polygon",
      "flags": {}
    }
  ],
  "imagePath": "43661446.jpg",
  "imageData": null,
  "imageHeight": 513,
  "imageWidth": 513
}