{
  "version": "4.5.9",
  "flags": {},
  "shapes": [
    {
      "label": "door",
      "points": [
        [
          75.5,
          102.6
        ],
        [
          93.4,
          102.2
        ],
        [
          93.8,
          104.8
        ],
        [
          93.3,
          108.7
        ],
        [
          91.9,
          113.0
        ],
        [
          88.7,
          117.4
        ],
        [
          83.6,
          121.0
        ],
        [
          81.3,
          122.1
        ],
        [
          85.1,
          124.1
        ],
        [
          89.3,
          128.5
        ],
        [
          92.6,
          134.8
        ],
        [
          93.5,
          139.3
        ],
        [
          93.0,
          141.9
        ],
        [
          92.6,
          142.7
        ],
        [
          75.2,
          142.6
        ],
        [
          75.2,
          139.3
        ],
        [
          90.9,
          139.2
        ],
        [
          90.2,
          136.1
        ],
        [
          88.5,
          132.5
        ],
        [
          86.2,
          129.2
        ],
        [
          82.9,
          126.5
        ],
        [
          79.3,
          124.3
        ],
        [
          74.9,
          123.7
        ],
        [
          72.7,
          123.8
        ],
        [
          72.3,
          121.4
        ],
        [
          77.2,
          121.3
        ],
        [
          79.4,
          120.4
        ],
        [
          83.4,
          118.2
        ],
        [
          86.5,
          115.4
        ],
        [
          88.6,
          112.8
        ],
        [
          90.2,
          109.2
        ],
        [
          90.5,
          105.9
        ],
        [
          90.4,
          105.4
        ],
        [
          75.6,
          105.6
        ]
      ],
      "group_id": null,
      "shape_type": "polygon",
      "flags": {}
    },
    {
      "label": "door",
      "points": [
        [
          189.5,
          233.8
        ],
        [
          189.8,
          215.1
        ],
        [
          192.8,
          215.0
        ],
        [
          197.6,
          215.9
        ],
        [
          201.5,
          218.3
        ],
        [
          205.4,
          221.8
        ],
        [
          208.6,
          226.7
        ],
        [
          209.3,
          230.8
        ],
        [
          209.5,
          233.5
        ],
        [
          207.5,
          233.7
        ],
        [
          207.1,
          231.0
        ],
        [
          205.9,
          228.1
        ],
        [
          204.2,
          225.1
        ],
        [
          201.6,
          222.2
        ],
        [
          198.2,
          219.9
        ],
        [
          195.1,
          218.0
        ],
        [
          192.6,
          217.8
        ],
        [
          192.8,
          234.2
        ]
      ],
      "group_id": null,
      "shape_type": "polygon",
      "flags": {}
    },
    {
      "label": "door",
      "points": [
        [
          182.1,
          272.4
        ],
        [
          163.1,
          272.3
        ],
        [
          163.1,
          269.9
        ],
        [
          163.7,
          266.7
        ],
        [
          165.1,
          263.5
        ],
        [
          166.8,
          259.6
        ],
        [
          169.0,
          256.2
        ],
        [
          172.6,
          253.8
        ],
        [
          176.3,
          251.9
        ],
        [
          180.3,
          250.8
        ],
        [
          182.0,
          250.6
        ],
        [
          182.0,
          252.9
        ],
        [
          178.9,
          253.7
        ],
        [
          175.4,
          255.0
        ],
        [
          173.1,
          256.8
        ],
        [
          170.7,
          259.0
        ],
        [
          168.7,
          261.6
        ],
        [
          167.3,
          264.9
        ],
        [
          167.0,
          267.5
        ],
        [
          167.1,
          268.4
        ],
        [
          167.1,
          269.1
        ],
        [
          182.4,
          269.1
        ]
      ],
      "group_id": null,
      "shape_type": "polygon",
      "flags": {}
    },
    {
      "label": "door",
      "points": [
        [
          218.5,
          237.1
        ],
        [
          218.6,
          240.3
        ],
        [
          228.0,
          232.2
        ],
        [
          229.0,
          234.1
        ],
        [
          229.8,
          236.5
        ],
        [
          230.1,
          237.6
        ],
        [
          232.2,
          237.4
        ],
        [
          231.7,
          234.2
        ],
        [
          230.5,
          230.9
        ],
        [
          228.5,
          228.9
        ],
        [
          227.6,
          228.5
        ]
      ],
      "group_id": null,
      "shape_type": "polygon",
      "flags": {}
    },
    {
      "label": "door",
      "points": [
        [
          238.9,
          276.1
        ],
        [
          241.6,
          276.4
        ],
        [
          229.8,
          287.5
        ],
        [
          227.8,
          287.2
        ],
        [
          227.3,
          286.0
        ],
        [
          225.6,
          283.8
        ],
        [
          224.6,
          281.1
        ],
        [
          224.5,
          278.9
        ],
        [
          224.5,
          276.4
        ],
        [
          226.8,
          276.3
        ],
        [
          227.0,
          278.2
        ],
        [
          227.4,
          280.3
        ],
        [
          228.7,
          282.9
        ],
        [
          229.5,
          283.9
        ]
      ],
      "group_id": null,
      "shape_type": "polygon",
      "flags": {}
    },
    {
      "label": "door",
      "points": [
        [
          193.6,
          331.4
        ],
        [
          175.6,
          331.4
        ],
        [
          175.4,
          333.7
        ],
        [
          175.4,
          336.2
        ],
        [
          175.4,
          338.9
        ],
        [
          176.3,
          342.3
        ],
        [
          177.7,
          345.2
        ],
        [
          179.6,
          347.6
        ],
        [
          182.4,
          350.0
        ],
        [
          185.6,
          351.6
        ],
        [
          189.5,
          352.8
        ],
        [
          193.7,
          353.4
        ],
        [
          193.6,
          351.1
        ],
        [
          190.0,
          350.4
        ],
        [
          186.3,
          349.0
        ],
        [
          183.7,
          347.3
        ],
        [
          181.9,
          345.4
        ],
        [
          180.0,
          343.2
        ],
        [
          178.7,
          340.1
        ],
        [
          178.0,
          336.9
        ],
        [
          178.0,
          335.1
        ],
        [
          193.5,
          335.0
        ]
      ],
      "group_id": null,
      "shape_type": "polygon",
      "flags": {}
    },
    {
      "label": "door",
      "points": [
        [
          280.53855569155445,
          267.31946144430844
        ],
        [
          283.72093023255815,
          267.56425948592414
        ],
        [
          272.09302325581393,
          278.70257037943696
        ],
        [
          270.0122399020808,
          277.84577723378214
        ],
        [
          267.9314565483476,
          275.03059975520193
        ],
        [
          266.4626682986536,
          271.6034271725826
        ],
        [
          266.3402692778458,
          268.2986536107711
        ],
        [
          269.4002447980416,
          267.9314565483476
        ],
        [
          269.4002447980416,
          270.25703794369645
        ],
        [
          270.1346389228886,
          272.4602203182375
        ],
        [
          271.35862913096696,
          274.5410036719706
        ],
        [
          271.8482252141983,
          275.03059975520193
        ]
      ],
      "group_id": null,
      "shape_type": "polygon",
      "flags": {}
    },
    {
      "label": "door",
      "points": [
        [
          295.593635250918,
          281.64014687882496
        ],
        [
          278.4577723378213,
          282.00734394124845
        ],
        [
          278.21297429620563,
          286.65850673194615
        ],
        [
          279.436964504284,
          290.5752753977968
        ],
        [
          282.25214198286415,
          295.47123623011015
        ],
        [
          285.18971848225215,
          298.7760097919217
        ],
        [
          289.1064871481028,
          301.95838433292533
        ],
        [
          294.24724602203185,
          302.69277845777236
        ],
        [
          295.2264381884945,
          302.81517747858015
        ],
        [
          295.2264381884945,
          300.2447980416157
        ],
        [
          291.43206854345163,
          299.265605875153
        ],
        [
          288.249694002448,
          298.1640146878825
        ],
        [
          285.6793145654835,
          295.47123623011015
        ],
        [
          283.10893512851897,
          292.53365973072215
        ],
        [
          282.00734394124845,
          290.0856793145655
        ],
        [
          280.905752753978,
          286.1689106487148
        ],
        [
          280.6609547123623,
          284.2105263157895
        ],
        [
          295.9608323133415,
          283.9657282741738
        ]
      ],
      "group_id": null,
      "shape_type": "polygon",
      "flags": {}
    },
    {
      "label": "door",
      "points": [
        [
          284.2046718576196,
          314.6829810901001
        ],
        [
          280.64516129032256,
          314.460511679644
        ],
        [
          280.53392658509455,
          297.99777530589546
        ],
        [
          277.4193548387097,
          299.1101223581757
        ],
        [
          274.41601779755285,
          300.5561735261401
        ],
        [
          271.63515016685204,
          302.2246941045606
        ],
        [
          269.5216907675195,
          304.89432703003337
        ],
        [
          268.4093437152392,
          307.5639599555061
        ],
        [
          267.29699666295886,
          310.23359288097885
        ],
        [
          266.29588431590656,
          314.12680756395997
        ],
        [
          266.4071190211346,
          314.9054505005562
        ],
        [
          264.07119021134594,
          314.12680756395997
        ],
        [
          264.62736373748606,
          310.67853170189096
        ],
        [
          266.0734149054505,
          306.8965517241379
        ],
        [
          268.0756395995551,
          303.44827586206895
        ],
        [
          270.52280311457173,
          300.22246941045603
        ],
        [
          274.19354838709677,
          298.2202447163515
        ],
        [
          277.8642936596218,
          296.7741935483871
        ],
        [
          280.97886540600666,
          295.99555061179086
        ],
        [
          283.5372636262514,
          295.99555061179086
        ],
        [
          284.3159065628476,
          295.77308120133483
        ]
      ],
      "group_id": null,
      "shape_type": "polygon",
      "flags": {}
    },
    {
      "label": "door",
      "points": [
        [
          182.09121245828698,
          286.8743047830923
        ],
        [
          163.40378197997774,
          287.09677419354836
        ],
        [
          163.07007786429367,
          290.3225806451613
        ],
        [
          163.62625139043382,
          293.8820912124583
        ],
        [
          165.2947719688543,
          297.66407119021136
        ],
        [
          166.85205784204672,
          301.1123470522803
        ],
        [
          170.18909899888766,
          304.22691879866517
        ],
        [
          174.63848720800888,
          306.6740823136819
        ],
        [
          179.08787541713014,
          308.3426028921023
        ],
        [
          181.31256952169076,
          308.45383759733033
        ],
        [
          181.75750834260288,
          306.5628476084538
        ],
        [
          179.19911012235818,
          306.22914349276977
        ],
        [
          176.4182424916574,
          305.22803114571747
        ],
        [
          173.41490545050056,
          303.00333704115684
        ],
        [
          170.41156840934372,
          300.4449388209121
        ],
        [
          168.5205784204672,
          298.1090100111235
        ],
        [
          166.96329254727473,
          294.6607341490545
        ],
        [
          166.29588431590656,
          291.8798665183537
        ],
        [
          166.40711902113458,
          290.4338153503893
        ],
        [
          182.31368186874303,
          290.4338153503893
        ]
      ],
      "group_id": null,
      "shape_type": "polygon",
      "flags": {}
    },
    {
      "label": "door",
      "points": [
        [
          76.5625,
          319.35096153846155
        ],
        [
          93.50961538461539,
          319.2307692307692
        ],
        [
          93.8701923076923,
          322.83653846153845
        ],
        [
          93.02884615384615,
          327.16346153846155
        ],
        [
          91.22596153846153,
          331.25
        ],
        [
          88.34134615384615,
          334.7355769230769
        ],
        [
          84.61538461538461,
          337.25961538461536
        ],
        [
          81.3701923076923,
          338.82211538461536
        ],
        [
          80.64903846153845,
          338.9423076923077
        ],
        [
          84.4951923076923,
          340.7451923076923
        ],
        [
          87.6201923076923,
          342.6682692307692
        ],
        [
          90.86538461538461,
          346.15384615384613
        ],
        [
          92.78846153846153,
          350.3605769230769
        ],
        [
          93.75,
          354.08653846153845
        ],
        [
          93.26923076923076,
          358.2932692307692
        ],
        [
          93.38942307692308,
          359.6153846153846
        ],
        [
          75.24038461538461,
          359.6153846153846
        ],
        [
          75.48076923076923,
          356.4903846153846
        ],
        [
          90.26442307692308,
          356.3701923076923
        ],
        [
          90.26442307692308,
          353.3653846153846
        ],
        [
          89.54326923076923,
          350.60096153846155
        ],
        [
          87.74038461538461,
          347.71634615384613
        ],
        [
          85.09615384615384,
          345.07211538461536
        ],
        [
          82.21153846153845,
          342.5480769230769
        ],
        [
          78.125,
          340.625
        ],
        [
          73.91826923076923,
          340.1442307692308
        ],
        [
          73.79807692307692,
          338.10096153846155
        ],
        [
          78.36538461538461,
          337.8605769230769
        ],
        [
          83.05288461538461,
          335.69711538461536
        ],
        [
          85.8173076923077,
          332.6923076923077
        ],
        [
          88.70192307692308,
          329.6875
        ],
        [
          90.02403846153845,
          326.5625
        ],
        [
          90.625,
          322.83653846153845
        ],
        [
          76.5625,
          322.71634615384613
        ]
      ],
      "group_id": null,
      "shape_type": "polygon",
      "flags": {}
    }
  ],
  "imagePath": "43949851.jpg",
  "imageData": null,
  "imageHeight": 513,
  "imageWidth": 513
}