{
  "version": "4.5.9",
  "flags": {},
  "shapes": [
    {
      "label": "door",
      "points": [
        [
          302.99500831946756,
          241.26455906821965
        ],
        [
          303.49417637271216,
          243.92678868552414
        ],
        [
          323.1281198003328,
          239.10149750415974
        ],
        [
          324.9584026622296,
          241.26455906821965
        ],
        [
          325.7903494176373,
          243.261231281198
        ],
        [
          328.9517470881864,
          243.09484193011647
        ],
        [
          328.4525790349418,
          239.76705490848587
        ],
        [
          325.62396006655575,
          236.77204658901832
        ],
        [
          322.96173044925126,
          236.2728785357737
        ]
      ],
      "group_id": null,
      "shape_type": "polygon",
      "flags": {}
    },
    {
      "label": "door",
      "points": [
        [
          262.39600665557407,
          211.8136439267887
        ],
        [
          248.75207986688852,
          222.79534109816973
        ],
        [
          252.74542429284526,
          225.12479201331115
        ],
        [
          262.063227953411,
          226.4559068219634
        ],
        [
          270.216306156406,
          226.4559068219634
        ],
        [
          279.53410981697175,
          224.95840266222962
        ],
        [
          286.8552412645591,
          222.96173044925126
        ],
        [
          289.1846921797005,
          220.96505823627288
        ],
        [
          288.1863560732113,
          219.30116472545757
        ],
        [
          283.1946755407654,
          221.63061564059902
        ],
        [
          277.03826955074874,
          223.29450915141433
        ],
        [
          270.0499168053245,
          223.96006655574044
        ],
        [
          264.05990016638935,
          224.2928452579035
        ],
        [
          257.9034941763727,
          223.7936772046589
        ],
        [
          253.57737104825293,
          222.46256239600666
        ],
        [
          266.22296173044924,
          212.14642262895177
        ]
      ],
      "group_id": null,
      "shape_type": "polygon",
      "flags": {}
    },
    {
      "label": "door",
      "points": [
        [
          249.00249376558605,
          281.42144638403994
        ],
        [
          253.99002493765587,
          281.9201995012469
        ],
        [
          258.852867830424,
          283.41645885286783
        ],
        [
          263.84039900249377,
          286.0349127182045
        ],
        [
          267.4563591022444,
          288.90274314214463
        ],
        [
          269.45137157107234,
          292.14463840399003
        ],
        [
          270.8229426433915,
          295.38653366583543
        ],
        [
          270.57356608478807,
          296.8827930174564
        ],
        [
          270.4488778054863,
          297.5062344139651
        ],
        [
          247.63092269326685,
          297.5062344139651
        ],
        [
          247.7556109725686,
          295.76059850374065
        ],
        [
          267.58104738154617,
          295.51122194513715
        ],
        [
          266.45885286783044,
          292.51870324189525
        ],
        [
          264.4638403990025,
          289.90024937655863
        ],
        [
          261.4713216957606,
          288.02992518703246
        ],
        [
          258.354114713217,
          286.284289276808
        ],
        [
          252.86783042394018,
          284.53865336658356
        ],
        [
          248.37905236907733,
          283.66583541147133
        ]
      ],
      "group_id": null,
      "shape_type": "polygon",
      "flags": {}
    },
    {
      "label": "door",
      "points": [
        [
          271.1970074812968,
          280.5486284289277
        ],
        [
          270.9476309226933,
          293.26683291770576
        ],
        [
          272.44389027431424,
          294.139650872818
        ],
        [
          276.05985037406487,
          294.2643391521197
        ],
        [
          280.67331670822944,
          294.3890274314215
        ],
        [
          286.284289276808,
          292.89276807980053
        ],
        [
          292.39401496259353,
          290.6483790523691
        ],
        [
          297.8802992518703,
          287.15710723192024
        ],
        [
          300.6234413965087,
          284.16458852867834
        ],
        [
          301.74563591022445,
          279.925187032419
        ],
        [
          298.3790523690773,
          279.925187032419
        ],
        [
          297.2568578553616,
          283.5411471321696
        ],
        [
          294.0149625935162,
          286.5336658354115
        ],
        [
          290.02493765586036,
          288.4039900249377
        ],
        [
          285.785536159601,
          290.14962593516213
        ],
        [
          281.17206982543644,
          291.1471321695761
        ],
        [
          276.9326683291771,
          291.5211970074813
        ],
        [
          273.5660847880299,
          291.3965087281796
        ],
        [
          273.8154613466334,
          280.17456359102243
        ]
      ],
      "group_id": null,
      "shape_type": "polygon",
      "flags": {}
    },
    {
      "label": "door",
      "points": [
        [
          330.8,
          338.2
        ],
        [
          303.4,
          338.3
        ],
        [
          303.4,
          335.3
        ],
        [
          305.1,
          331.5
        ],
        [
          308.5,
          328.4
        ],
        [
          313.0,
          326.1
        ],
        [
          317.3,
          324.0
        ],
        [
          322.0,
          322.2
        ],
        [
          327.4,
          321.4
        ],
        [
          330.4,
          321.4
        ],
        [
          330.5,
          323.6
        ],
        [
          326.8,
          323.7
        ],
        [
          322.2,
          325.0
        ],
        [
          317.0,
          326.7
        ],
        [
          312.9,
          329.6
        ],
        [
          309.8,
          331.7
        ],
        [
          308.1,
          335.2
        ],
        [
          308.2,
          336.3
        ],
        [
          330.7,
          336.1
        ]
      ],
      "group_id": null,
      "shape_type": "polygon",
      "flags": {}
    },
    {
      "label": "door",
      "points": [
        [
          375.2,
          343.1
        ],
        [
          375.2,
          357.0
        ],
        [
          372.5,
          357.3
        ],
        [
          368.0,
          357.2
        ],
        [
          362.8,
          356.3
        ],
        [
          358.1,
          355.0
        ],
        [
          351.9,
          352.5
        ],
        [
          347.5,
          349.8
        ],
        [
          344.4,
          346.6
        ],
        [
          343.4,
          343.3
        ],
        [
          347.3,
          343.2
        ],
        [
          348.2,
          346.0
        ],
        [
          351.5,
          349.0
        ],
        [
          354.9,
          350.6
        ],
        [
          358.9,
          352.4
        ],
        [
          363.9,
          354.1
        ],
        [
          369.2,
          354.5
        ],
        [
          372.6,
          354.6
        ],
        [
          373.0,
          342.9
        ]
      ],
      "group_id": null,
      "shape_type": "polygon",
      "flags": {}
    },
    {
      "label": "door",
      "points": [
        [
          365.1,
          407.0
        ],
        [
          361.6,
          407.2
        ],
        [
          361.8,
          402.6
        ],
        [
          357.8,
          402.4
        ],
        [
          352.4,
          403.7
        ],
        [
          348.5,
          405.6
        ],
        [
          346.0,
          407.6
        ],
        [
          345.1,
          408.8
        ],
        [
          344.7,
          411.8
        ],
        [
          341.6,
          411.5
        ],
        [
          341.3,
          408.6
        ],
        [
          339.3,
          406.7
        ],
        [
          337.0,
          404.6
        ],
        [
          333.9,
          403.4
        ],
        [
          330.6,
          402.3
        ],
        [
          325.5,
          402.0
        ],
        [
          324.7,
          402.0
        ],
        [
          324.8,
          407.4
        ],
        [
          322.4,
          406.9
        ],
        [
          322.7,
          399.9
        ],
        [
          326.0,
          400.0
        ],
        [
          330.8,
          400.3
        ],
        [
          334.8,
          401.0
        ],
        [
          338.5,
          402.4
        ],
        [
          341.3,
          404.4
        ],
        [
          343.2,
          406.2
        ],
        [
          343.3,
          406.5
        ],
        [
          346.0,
          404.4
        ],
        [
          348.7,
          402.8
        ],
        [
          352.5,
          401.5
        ],
        [
          356.4,
          400.5
        ],
        [
          361.4,
          400.2
        ],
        [
          365.3,
          400.2
        ]
      ],
      "group_id": null,
      "shape_type": "polygon",
      "flags": {}
    },
    {
      "label": "door",
      "points": [
        [
          308.7048832271762,
          152.86624203821657
        ],
        [
          314.3312101910828,
          151.69851380042462
        ],
        [
          322.0806794055202,
          150.5307855626327
        ],
        [
          329.1932059447983,
          150.74309978768576
        ],
        [
          337.2611464968153,
          152.12314225053078
        ],
        [
          344.1613588110403,
          154.3524416135881
        ],
        [
          348.9384288747346,
          157.0063694267516
        ],
        [
          349.25690021231424,
          158.17409766454352
        ],
        [
          328.5562632696391,
          166.66666666666666
        ],
        [
          325.9023354564756,
          165.3927813163482
        ],
        [
          343.84288747346073,
          157.53715498938428
        ],
        [
          340.12738853503186,
          156.2632696390658
        ],
        [
          336.1995753715499,
          154.77707006369428
        ],
        [
          331.6348195329087,
          154.0339702760085
        ],
        [
          326.32696390658174,
          153.29087048832272
        ],
        [
          319.0021231422505,
          153.29087048832272
        ],
        [
          311.78343949044586,
          154.67091295116774
        ],
        [
          310.1910828025478,
          154.8832271762208
        ]
      ],
      "group_id": null,
      "shape_type": "polygon",
      "flags": {}
    },
    {
      "label": "door",
      "points": [
        [
          377.32067510548524,
          187.86919831223628
        ],
        [
          377.2151898734177,
          173.9451476793249
        ],
        [
          374.4725738396624,
          174.1561181434599
        ],
        [
          369.62025316455697,
          174.26160337552741
        ],
        [
          364.4514767932489,
          175.21097046413502
        ],
        [
          359.49367088607596,
          176.16033755274262
        ],
        [
          355.2742616033755,
          177.95358649789029
        ],
        [
          351.5822784810126,
          179.957805907173
        ],
        [
          348.83966244725735,
          182.38396624472574
        ],
        [
          346.4135021097046,
          186.18143459915612
        ],
        [
          346.0970464135021,
          187.44725738396625
        ],
        [
          348.52320675105483,
          187.86919831223628
        ],
        [
          350.0,
          185.54852320675104
        ],
        [
          352.63713080168776,
          183.1223628691983
        ],
        [
          356.5400843881856,
          180.80168776371306
        ],
        [
          361.4978902953586,
          179.0084388185654
        ],
        [
          367.0886075949367,
          177.2151898734177
        ],
        [
          372.57383966244726,
          176.58227848101265
        ],
        [
          374.3670886075949,
          176.47679324894514
        ],
        [
          374.4725738396624,
          188.81856540084388
        ]
      ],
      "group_id": null,
      "shape_type": "polygon",
      "flags": {}
    },
    {
      "label": "door",
      "points": [
        [
          335.60693641618496,
          273.52601156069363
        ],
        [
          338.72832369942194,
          274.10404624277453
        ],
        [
          343.8150289017341,
          262.3121387283237
        ],
        [
          341.73410404624275,
          261.15606936416185
        ],
        [
          339.0751445086705,
          259.6531791907514
        ],
        [
          337.4566473988439,
          259.8843930635838
        ],
        [
          337.3410404624277,
          261.73410404624275
        ],
        [
          339.53757225433526,
          262.65895953757223
        ]
      ],
      "group_id": null,
      "shape_type": "polygon",
      "flags": {}
    }
  ],
  "imagePath": "44591497.jpg",
  "imageData": null,
  "imageHeight": 513,
  "imageWidth": 513
}