{
  "version": "4.5.9",
  "flags": {},
  "shapes": [
    {
      "label": "door",
      "points": [
        [
          88.7,
          136.9
        ],
        [
          67.5,
          136.8
        ],
        [
          67.2,
          141.3
        ],
        [
          69.1,
          145.4
        ],
        [
          71.8,
          148.4
        ],
        [
          74.8,
          150.3
        ],
        [
          77.9,
          152.0
        ],
        [
          82.1,
          153.2
        ],
        [
          86.2,
          154.2
        ],
        [
          88.4,
          154.5
        ],
        [
          89.6,
          154.5
        ],
        [
          89.6,
          152.4
        ],
        [
          87.2,
          152.1
        ],
        [
          84.3,
          151.5
        ],
        [
          81.4,
          150.9
        ],
        [
          77.6,
          148.9
        ],
        [
          74.8,
          147.1
        ],
        [
          72.3,
          144.7
        ],
        [
          71.0,
          141.5
        ],
        [
          70.5,
          139.5
        ],
        [
          89.1,
          139.4
        ]
      ],
      "group_id": null,
      "shape_type": "polygon",
      "flags": {}
    },
    {
      "label": "door",
      "points": [
        [
          141.7,
          135.7
        ],
        [
          118.3,
          135.4
        ],
        [
          118.0,
          138.6
        ],
        [
          119.1,
          142.0
        ],
        [
          121.2,
          145.2
        ],
        [
          124.9,
          148.4
        ],
        [
          129.6,
          150.5
        ],
        [
          135.6,
          152.0
        ],
        [
          140.8,
          152.4
        ],
        [
          141.8,
          152.4
        ],
        [
          141.9,
          149.5
        ],
        [
          138.6,
          149.5
        ],
        [
          134.9,
          149.1
        ],
        [
          131.0,
          148.3
        ],
        [
          127.7,
          146.9
        ],
        [
          125.7,
          145.2
        ],
        [
          123.5,
          143.3
        ],
        [
          121.5,
          141.0
        ],
        [
          120.7,
          139.0
        ],
        [
          120.5,
          137.7
        ],
        [
          141.8,
          137.9
        ]
      ],
      "group_id": null,
      "shape_type": "polygon",
      "flags": {}
    },
    {
      "label": "door",
      "points": [
        [
          92.8,
          169.7
        ],
        [
          115.6,
          169.5
        ],
        [
          115.4,
          172.6
        ],
        [
          114.5,
          176.9
        ],
        [
          111.4,
          179.9
        ],
        [
          108.1,
          182.6
        ],
        [
          104.4,
          184.5
        ],
        [
          100.4,
          186.3
        ],
        [
          97.5,
          186.5
        ],
        [
          97.0,
          185.0
        ],
        [
          100.0,
          184.3
        ],
        [
          104.1,
          182.3
        ],
        [
          107.8,
          179.8
        ],
        [
          110.5,
          177.5
        ],
        [
          112.2,
          175.3
        ],
        [
          112.8,
          172.4
        ],
        [
          92.8,
          172.6
        ]
      ],
      "group_id": null,
      "shape_type": "polygon",
      "flags": {}
    },
    {
      "label": "door",
      "points": [
        [
          93.6,
          227.5
        ],
        [
          115.2,
          227.0
        ],
        [
          115.5,
          230.2
        ],
        [
          115.2,
          233.6
        ],
        [
          113.1,
          236.7
        ],
        [
          109.6,
          239.6
        ],
        [
          104.9,
          242.6
        ],
        [
          101.2,
          243.7
        ],
        [
          96.6,
          244.4
        ],
        [
          93.7,
          244.4
        ],
        [
          93.6,
          242.8
        ],
        [
          97.0,
          242.8
        ],
        [
          100.9,
          242.1
        ],
        [
          104.7,
          241.0
        ],
        [
          107.3,
          238.8
        ],
        [
          110.0,
          236.7
        ],
        [
          111.5,
          234.0
        ],
        [
          112.7,
          230.5
        ],
        [
          93.5,
          230.6
        ]
      ],
      "group_id": null,
      "shape_type": "polygon",
      "flags": {}
    },
    {
      "label": "door",
      "points": [
        [
          143.4,
          206.4
        ],
        [
          161.4,
          206.5
        ],
        [
          161.3,
          209.5
        ],
        [
          160.1,
          212.4
        ],
        [
          157.3,
          215.4
        ],
        [
          153.1,
          217.9
        ],
        [
          148.6,
          219.2
        ],
        [
          152.9,
          219.8
        ],
        [
          155.9,
          221.1
        ],
        [
          158.1,
          223.2
        ],
        [
          160.1,
          225.4
        ],
        [
          160.9,
          227.7
        ],
        [
          161.7,
          231.0
        ],
        [
          161.6,
          232.0
        ],
        [
          142.9,
          232.1
        ],
        [
          143.1,
          230.5
        ],
        [
          158.4,
          230.3
        ],
        [
          156.9,
          226.7
        ],
        [
          155.3,
          224.5
        ],
        [
          152.3,
          222.7
        ],
        [
          148.6,
          221.8
        ],
        [
          145.4,
          220.8
        ],
        [
          142.3,
          220.5
        ],
        [
          142.2,
          218.5
        ],
        [
          144.9,
          218.4
        ],
        [
          147.7,
          217.4
        ],
        [
          151.0,
          216.0
        ],
        [
          154.8,
          214.4
        ],
        [
          157.1,
          212.4
        ],
        [
          158.1,
          210.0
        ],
        [
          158.7,
          208.6
        ],
        [
          143.4,
          208.7
        ]
      ],
      "group_id": null,
      "shape_type": "polygon",
      "flags": {}
    },
    {
      "label": "door",
      "points": [
        [
          143.6,
          240.6
        ],
        [
          160.7,
          240.6
        ],
        [
          161.0,
          243.6
        ],
        [
          160.1,
          245.5
        ],
        [
          158.6,
          247.7
        ],
        [
          156.5,
          249.5
        ],
        [
          152.7,
          251.5
        ],
        [
          149.5,
          252.6
        ],
        [
          152.8,
          253.6
        ],
        [
          156.6,
          255.3
        ],
        [
          159.1,
          258.7
        ],
        [
          160.6,
          261.2
        ],
        [
          160.9,
          263.4
        ],
        [
          161.7,
          265.7
        ],
        [
          142.7,
          265.2
        ],
        [
          142.8,
          263.5
        ],
        [
          159.0,
          263.5
        ],
        [
          157.1,
          260.3
        ],
        [
          154.7,
          257.6
        ],
        [
          151.8,
          256.2
        ],
        [
          148.3,
          254.6
        ],
        [
          145.6,
          253.7
        ],
        [
          142.2,
          253.7
        ],
        [
          142.3,
          251.4
        ],
        [
          145.5,
          251.3
        ],
        [
          147.4,
          251.4
        ],
        [
          150.2,
          250.6
        ],
        [
          152.8,
          249.4
        ],
        [
          155.3,
          247.6
        ],
        [
          156.8,
          245.9
        ],
        [
          158.1,
          243.4
        ],
        [
          158.4,
          242.7
        ],
        [
          143.4,
          242.6
        ]
      ],
      "group_id": null,
      "shape_type": "polygon",
      "flags": {}
    },
    {
      "label": "door",
      "points": [
        [
          270.5,
          242.5
        ],
        [
          291.8,
          242.2
        ],
        [
          292.0,
          244.7
        ],
        [
          291.3,
          247.0
        ],
        [
          289.6,
          250.2
        ],
        [
          287.2,
          252.4
        ],
        [
          284.3,
          254.7
        ],
        [
          279.2,
          257.0
        ],
        [
          274.2,
          257.9
        ],
        [
          270.2,
          258.2
        ],
        [
          270.3,
          256.1
        ],
        [
          274.0,
          256.0
        ],
        [
          278.6,
          255.0
        ],
        [
          282.6,
          253.1
        ],
        [
          285.2,
          251.1
        ],
        [
          287.5,
          248.3
        ],
        [
          288.3,
          245.6
        ],
        [
          270.2,
          245.5
        ]
      ],
      "group_id": null,
      "shape_type": "polygon",
      "flags": {}
    },
    {
      "label": "door",
      "points": [
        [
          265.0,
          232.29999999999998
        ],
        [
          241.1,
          232.2
        ],
        [
          241.29999999999998,
          229.5
        ],
        [
          242.4,
          228.0
        ],
        [
          244.0,
          225.7
        ],
        [
          246.6,
          222.1
        ],
        [
          252.0,
          219.1
        ],
        [
          256.70000000000005,
          217.2
        ],
        [
          262.6,
          216.2
        ],
        [
          263.70000000000005,
          216.29999999999998
        ],
        [
          263.5,
          218.2
        ],
        [
          259.5,
          218.7
        ],
        [
          255.79999999999998,
          219.7
        ],
        [
          252.1,
          221.29999999999998
        ],
        [
          248.4,
          223.5
        ],
        [
          246.2,
          226.29999999999998
        ],
        [
          244.4,
          229.6
        ],
        [
          244.79999999999998,
          229.79999999999998
        ],
        [
          265.20000000000005,
          229.7
        ]
      ],
      "group_id": null,
      "shape_type": "polygon",
      "flags": {}
    },
    {
      "label": "door",
      "points": [
        [
          264.12213740458014,
          307.5063613231552
        ],
        [
          282.95165394402034,
          307.7608142493639
        ],
        [
          282.95165394402034,
          311.4503816793893
        ],
        [
          281.04325699745544,
          314.5038167938931
        ],
        [
          277.2264631043257,
          318.3206106870229
        ],
        [
          271.882951653944,
          320.8651399491094
        ],
        [
          265.52162849872775,
          322.264631043257
        ],
        [
          265.52162849872775,
          319.8473282442748
        ],
        [
          270.2290076335878,
          319.3384223918575
        ],
        [
          273.28244274809157,
          318.19338422391854
        ],
        [
          275.6997455470738,
          315.9033078880407
        ],
        [
          277.48091603053433,
          314.12213740458014
        ],
        [
          278.3715012722646,
          312.4681933842239
        ],
        [
          279.3893129770992,
          310.68702290076334
        ],
        [
          263.74045801526717,
          310.43256997455467
        ]
      ],
      "group_id": null,
      "shape_type": "polygon",
      "flags": {}
    },
    {
      "label": "door",
      "points": [
        [
          256.36132315521627,
          282.0610687022901
        ],
        [
          256.23409669211196,
          279.51653944020353
        ],
        [
          233.84223918575063,
          279.6437659033079
        ],
        [
          234.2239185750636,
          283.3333333333333
        ],
        [
          236.89567430025446,
          287.0229007633588
        ],
        [
          239.6946564885496,
          290.8396946564885
        ],
        [
          243.25699745547072,
          292.36641221374043
        ],
        [
          247.70992366412213,
          294.02035623409665
        ],
        [
          252.41730279898218,
          295.29262086513995
        ],
        [
          255.21628498727733,
          295.67430025445293
        ],
        [
          255.08905852417303,
          293.38422391857506
        ],
        [
          253.0534351145038,
          293.38422391857506
        ],
        [
          250.1272264631043,
          292.7480916030534
        ],
        [
          246.18320610687022,
          290.7124681933842
        ],
        [
          241.6030534351145,
          287.91348600508906
        ],
        [
          239.56743002544528,
          286.13231552162847
        ],
        [
          237.91348600508906,
          281.93384223918576
        ]
      ],
      "group_id": null,
      "shape_type": "polygon",
      "flags": {}
    },
    {
      "label": "door",
      "points": [
        [
          287.5318066157761,
          326.59033078880407
        ],
        [
          287.5318066157761,
          341.85750636132315
        ],
        [
          284.60559796437656,
          341.73027989821884
        ],
        [
          280.40712468193385,
          341.2213740458015
        ],
        [
          275.9541984732824,
          340.33078880407123
        ],
        [
          270.10178117048343,
          337.7862595419847
        ],
        [
          266.9211195928753,
          334.60559796437656
        ],
        [
          264.8854961832061,
          331.2977099236641
        ],
        [
          263.61323155216286,
          326.3358778625954
        ],
        [
          266.28498727735365,
          326.0814249363868
        ],
        [
          266.5394402035623,
          328.62595419847327
        ],
        [
          269.08396946564886,
          332.82442748091603
        ],
        [
          272.0101781170483,
          335.1145038167939
        ],
        [
          275.9541984732824,
          337.0229007633588
        ],
        [
          280.2798982188295,
          337.7862595419847
        ],
        [
          285.1145038167939,
          338.676844783715
        ],
        [
          285.2417302798982,
          326.46310432569976
        ]
      ],
      "group_id": null,
      "shape_type": "polygon",
      "flags": {}
    },
    {
      "label": "door",
      "points": [
        [
          399.5,
          229.9
        ],
        [
          384.0,
          240.7
        ],
        [
          384.3,
          243.4
        ],
        [
          386.1,
          244.2
        ],
        [
          389.5,
          245.5
        ],
        [
          393.2,
          246.8
        ],
        [
          396.6,
          246.3
        ],
        [
          398.2,
          246.1
        ],
        [
          398.0,
          244.4
        ],
        [
          395.7,
          244.3
        ],
        [
          393.2,
          244.1
        ],
        [
          390.6,
          243.5
        ],
        [
          387.7,
          241.7
        ],
        [
          388.0,
          241.1
        ],
        [
          401.4,
          231.7
        ]
      ],
      "group_id": null,
      "shape_type": "polygon",
      "flags": {}
    },
    {
      "label": "door",
      "points": [
        [
          446.6340269277846,
          292.0440636474908
        ],
        [
          430.5997552019584,
          291.92166462668297
        ],
        [
          430.11015911872704,
          288.98408812729497
        ],
        [
          430.35495716034274,
          285.31211750306
        ],
        [
          432.1909424724602,
          282.9865361077111
        ],
        [
          434.14932680538556,
          280.905752753978
        ],
        [
          436.71970624235007,
          279.06976744186045
        ],
        [
          440.02447980416156,
          277.23378212974296
        ],
        [
          442.2276621787026,
          276.2545899632803
        ],
        [
          445.6548347613219,
          275.3977968176255
        ],
        [
          447.7356181150551,
          275.1529987760098
        ],
        [
          447.61321909424726,
          277.1113831089351
        ],
        [
          445.28763769889844,
          277.7233782129743
        ],
        [
          442.83965728274177,
          278.70257037943696
        ],
        [
          439.2900856793146,
          280.41615667074666
        ],
        [
          435.7405140758874,
          282.4969400244798
        ],
        [
          433.5373317013464,
          285.18971848225215
        ],
        [
          432.68053855569156,
          287.02570379436963
        ],
        [
          432.8029375764994,
          289.59608323133415
        ],
        [
          446.51162790697674,
          289.718482252142
        ]
      ],
      "group_id": null,
      "shape_type": "polygon",
      "flags": {}
    },
    {
      "label": "door",
      "points": [
        [
          404.6242774566474,
          260.5491329479769
        ],
        [
          404.6242774566474,
          245.95375722543352
        ],
        [
          407.94797687861274,
          245.95375722543352
        ],
        [
          413.4393063583815,
          246.82080924855492
        ],
        [
          417.91907514450867,
          248.41040462427745
        ],
        [
          422.1098265895954,
          250.4335260115607
        ],
        [
          425.0,
          253.17919075144508
        ],
        [
          428.32369942196533,
          256.7919075144509
        ],
        [
          430.63583815028903,
          259.8265895953757
        ],
        [
          430.9248554913295,
          260.5491329479769
        ],
        [
          427.1676300578035,
          260.6936416184971
        ],
        [
          425.8670520231214,
          258.09248554913296
        ],
        [
          423.4104046242775,
          254.91329479768785
        ],
        [
          421.242774566474,
          252.89017341040463
        ],
        [
          418.4971098265896,
          251.30057803468208
        ],
        [
          415.3179190751445,
          250.14450867052022
        ],
        [
          411.70520231213874,
          248.5549132947977
        ],
        [
          408.09248554913296,
          248.5549132947977
        ],
        [
          407.08092485549133,
          248.98843930635837
        ],
        [
          407.6589595375723,
          260.5491329479769
        ]
      ],
      "group_id": null,
      "shape_type": "polygon",
      "flags": {}
    },
    {
      "label": "door",
      "points": [
        [
          370.54945054945057,
          333.5164835164835
        ],
        [
          369.7802197802198,
          337.3626373626374
        ],
        [
          367.5824175824176,
          340.65934065934067
        ],
        [
          363.62637362637366,
          342.5274725274725
        ],
        [
          349.1208791208791,
          333.84615384615387
        ],
        [
          350.32967032967036,
          331.75824175824175
        ],
        [
          362.6373626373626,
          339.34065934065933
        ],
        [
          363.95604395604397,
          339.6703296703297
        ],
        [
          364.94505494505495,
          339.1208791208791
        ],
        [
          366.8131868131868,
          337.3626373626374
        ],
        [
          367.91208791208794,
          335.8241758241758
        ],
        [
          368.13186813186815,
          333.62637362637366
        ]
      ],
      "group_id": null,
      "shape_type": "polygon",
      "flags": {}
    },
    {
      "label": "door",
      "points": [
        [
          429.5,
          195.6
        ],
        [
          423.3,
          202.9
        ],
        [
          424.8,
          204.4
        ],
        [
          426.8,
          205.0
        ],
        [
          429.7,
          205.1
        ],
        [
          430.2,
          203.4
        ],
        [
          427.3,
          202.8
        ],
        [
          426.7,
          202.5
        ],
        [
          431.3,
          196.4
        ]
      ],
      "group_id": null,
      "shape_type": "polygon",
      "flags": {}
    },
    {
      "label": "door",
      "points": [
        [
          429.9,
          229.3
        ],
        [
          425.3,
          239.9
        ],
        [
          428.1,
          240.3
        ],
        [
          430.0,
          240.4
        ],
        [
          430.3,
          238.5
        ],
        [
          428.5,
          238.0
        ],
        [
          431.7,
          229.5
        ]
      ],
      "group_id": null,
      "shape_type": "polygon",
      "flags": {}
    }
  ],
  "imagePath": "44637031.jpg",
  "imageData": null,
  "imageHeight": 513,
  "imageWidth": 513
}