{
  "version": "4.5.9",
  "flags": {},
  "shapes": [
    {
      "label": "door",
      "points": [
        [
          29.2,
          349.9
        ],
        [
          2.8,
          365.2
        ],
        [
          4.2,
          368.2
        ],
        [
          7.0,
          370.3
        ],
        [
          10.7,
          372.9
        ],
        [
          15.1,
          374.9
        ],
        [
          19.8,
          376.5
        ],
        [
          25.7,
          378.0
        ],
        [
          30.8,
          379.4
        ],
        [
          35.4,
          380.0
        ],
        [
          39.0,
          380.3
        ],
        [
          34.8,
          383.2
        ],
        [
          31.5,
          387.5
        ],
        [
          29.0,
          391.9
        ],
        [
          27.6,
          396.4
        ],
        [
          25.8,
          401.7
        ],
        [
          25.1,
          407.5
        ],
        [
          25.7,
          413.2
        ],
        [
          27.9,
          417.0
        ],
        [
          29.5,
          420.2
        ],
        [
          30.2,
          422.8
        ],
        [
          31.5,
          423.3
        ],
        [
          60.0,
          405.9
        ],
        [
          58.3,
          402.9
        ],
        [
          31.7,
          419.2
        ],
        [
          29.8,
          415.5
        ],
        [
          28.6,
          411.8
        ],
        [
          27.9,
          406.9
        ],
        [
          28.7,
          400.8
        ],
        [
          30.5,
          396.1
        ],
        [
          32.5,
          391.5
        ],
        [
          36.1,
          386.1
        ],
        [
          39.8,
          382.7
        ],
        [
          42.1,
          381.8
        ],
        [
          43.4,
          381.7
        ],
        [
          42.1,
          378.2
        ],
        [
          39.1,
          377.7
        ],
        [
          35.5,
          377.5
        ],
        [
          27.9,
          375.9
        ],
        [
          22.4,
          374.2
        ],
        [
          17.2,
          372.6
        ],
        [
          13.4,
          371.3
        ],
        [
          8.6,
          368.6
        ],
        [
          7.6,
          366.7
        ],
        [
          31.19906868451688,
          352.8521536670547
        ]
      ],
      "group_id": null,
      "shape_type": "polygon",
      "flags": {}
    },
    {
      "label": "door",
      "points": [
        [
          171.9,
          172.4
        ],
        [
          138.6,
          172.2
        ],
        [
          138.3,
          176.1
        ],
        [
          138.8,
          179.8
        ],
        [
          140.3,
          183.8
        ],
        [
          141.8,
          187.3
        ],
        [
          144.2,
          191.2
        ],
        [
          147.5,
          194.6
        ],
        [
          151.3,
          198.0
        ],
        [
          155.5,
          200.4
        ],
        [
          160.2,
          202.0
        ],
        [
          166.1,
          203.0
        ],
        [
          167.8,
          202.9
        ],
        [
          168.0,
          200.5
        ],
        [
          163.3,
          200.1
        ],
        [
          158.9,
          199.2
        ],
        [
          154.8,
          196.9
        ],
        [
          151.1,
          193.9
        ],
        [
          148.7,
          191.4
        ],
        [
          146.6,
          188.5
        ],
        [
          144.1,
          184.9
        ],
        [
          142.1,
          180.7
        ],
        [
          141.4,
          176.2
        ],
        [
          141.2,
          174.9
        ],
        [
          171.4,
          174.8
        ]
      ],
      "group_id": null,
      "shape_type": "polygon",
      "flags": {}
    },
    {
      "label": "door",
      "points": [
        [
          210.37593984962405,
          164.21052631578945
        ],
        [
          210.52631578947367,
          129.92481203007517
        ],
        [
          206.16541353383457,
          130.37593984962405
        ],
        [
          198.04511278195488,
          132.33082706766916
        ],
        [
          191.42857142857142,
          136.09022556390977
        ],
        [
          186.16541353383457,
          140.6015037593985
        ],
        [
          181.05263157894737,
          146.76691729323306
        ],
        [
          178.04511278195488,
          153.2330827067669
        ],
        [
          176.69172932330827,
          159.24812030075188
        ],
        [
          176.2406015037594,
          164.66165413533832
        ],
        [
          176.54135338345864,
          167.6691729323308
        ],
        [
          179.09774436090225,
          167.51879699248119
        ],
        [
          179.09774436090225,
          164.06015037593983
        ],
        [
          179.69924812030075,
          157.74436090225564
        ],
        [
          181.35338345864662,
          152.18045112781954
        ],
        [
          185.26315789473682,
          146.3157894736842
        ],
        [
          188.72180451127818,
          141.35338345864662
        ],
        [
          193.53383458646616,
          137.74436090225564
        ],
        [
          199.09774436090225,
          134.88721804511277
        ],
        [
          203.75939849624058,
          133.53383458646616
        ],
        [
          208.42105263157893,
          133.08270676691728
        ],
        [
          208.2706766917293,
          164.66165413533832
        ]
      ],
      "group_id": null,
      "shape_type": "polygon",
      "flags": {}
    },
    {
      "label": "door",
      "points": [
        [
          288.73483535528595,
          192.2010398613518
        ],
        [
          284.2287694974003,
          191.8544194107452
        ],
        [
          284.4020797227036,
          158.0589254766031
        ],
        [
          288.04159445407277,
          157.8856152512998
        ],
        [
          294.97400346620446,
          158.75216637781628
        ],
        [
          300.34662045060657,
          160.6585788561525
        ],
        [
          306.9324090121317,
          164.64471403812823
        ],
        [
          312.82495667244365,
          170.3639514731369
        ],
        [
          316.98440207972266,
          177.64298093587522
        ],
        [
          319.2374350086655,
          185.44194107452338
        ],
        [
          320.45060658578853,
          191.33448873483533
        ],
        [
          316.8110918544194,
          191.50779896013864
        ],
        [
          315.7712305025996,
          184.05545927209704
        ],
        [
          312.99826689774693,
          177.1230502599653
        ],
        [
          309.1854419410745,
          171.92374350086655
        ],
        [
          304.5060658578856,
          167.24436741767764
        ],
        [
          299.6533795493934,
          164.47140381282495
        ],
        [
          296.5337954939341,
          162.91161178509532
        ],
        [
          293.41421143847487,
          161.35181975736566
        ],
        [
          290.29462738301555,
          160.83188908145578
        ],
        [
          288.04159445407277,
          160.48526863084922
        ]
      ],
      "group_id": null,
      "shape_type": "polygon",
      "flags": {}
    },
    {
      "label": "door",
      "points": [
        [
          216.66666666666666,
          207.44680851063828
        ],
        [
          220.68557919621747,
          207.56501182033094
        ],
        [
          226.12293144208036,
          209.57446808510636
        ],
        [
          232.26950354609926,
          212.6477541371158
        ],
        [
          236.99763593380612,
          217.02127659574467
        ],
        [
          240.30732860520092,
          221.3947990543735
        ],
        [
          243.61702127659572,
          227.18676122931438
        ],
        [
          245.50827423167846,
          231.20567375886523
        ],
        [
          247.04491725768318,
          236.05200945626476
        ],
        [
          247.16312056737587,
          238.17966903073284
        ],
        [
          219.62174940898342,
          238.2978723404255
        ],
        [
          219.7399527186761,
          236.05200945626476
        ],
        [
          243.49881796690306,
          235.57919621749406
        ],
        [
          242.9078014184397,
          231.91489361702125
        ],
        [
          241.13475177304963,
          227.54137115839242
        ],
        [
          238.6524822695035,
          223.52245862884158
        ],
        [
          235.4609929078014,
          220.44917257683213
        ],
        [
          232.86052009456262,
          217.49408983451534
        ],
        [
          229.78723404255317,
          214.53900709219857
        ],
        [
          226.3593380614657,
          212.7659574468085
        ],
        [
          222.81323877068556,
          211.58392434988178
        ],
        [
          219.7399527186761,
          210.63829787234042
        ],
        [
          216.0756501182033,
          210.75650118203308
        ]
      ],
      "group_id": null,
      "shape_type": "polygon",
      "flags": {}
    },
    {
      "label": "door",
      "points": [
        [
          327.519818799547,
          80.29445073612683
        ],
        [
          294.67723669309174,
          79.84144960362401
        ],
        [
          294.4507361268403,
          84.71121177802945
        ],
        [
          294.90373725934313,
          89.80747451868629
        ],
        [
          296.3759909399773,
          94.11098527746319
        ],
        [
          298.98074745186864,
          99.09399773499433
        ],
        [
          301.69875424688564,
          103.28425821064553
        ],
        [
          305.20951302378256,
          106.00226500566251
        ],
        [
          309.9660249150623,
          108.49377123442808
        ],
        [
          312.45753114382785,
          109.96602491506229
        ],
        [
          316.76104190260475,
          110.98527746319365
        ],
        [
          321.7440543601359,
          111.5515288788222
        ],
        [
          324.80181200453,
          111.5515288788222
        ],
        [
          327.8595696489241,
          111.43827859569649
        ],
        [
          327.6330690826727,
          109.28652321630804
        ],
        [
          322.19705549263875,
          109.17327293318233
        ],
        [
          317.2140430351076,
          108.49377123442808
        ],
        [
          313.13703284258213,
          107.47451868629672
        ],
        [
          310.079275198188,
          105.54926387315969
        ],
        [
          306.00226500566254,
          103.39750849377123
        ],
        [
          303.6240090600227,
          100.90600226500567
        ],
        [
          301.4722536806342,
          97.0554926387316
        ],
        [
          298.98074745186864,
          93.54473386183466
        ],
        [
          297.62174405436014,
          90.37372593431483
        ],
        [
          297.0554926387316,
          86.74971687429219
        ],
        [
          296.71574178935447,
          82.55945639864099
        ],
        [
          327.6330690826727,
          82.89920724801812
        ]
      ],
      "group_id": null,
      "shape_type": "polygon",
      "flags": {}
    },
    {
      "label": "door",
      "points": [
        [
          253.9205155746509,
          101.93340494092374
        ],
        [
          257.46509129967774,
          101.18152524167562
        ],
        [
          271.6433941997852,
          113.31901181525241
        ],
        [
          270.6766917293233,
          116.21911922663801
        ],
        [
          268.5284640171858,
          117.83029001074114
        ],
        [
          266.4876476906552,
          119.76369495166487
        ],
        [
          263.4801288936627,
          120.62298603651986
        ],
        [
          259.2910848549946,
          121.48227712137486
        ],
        [
          258.968850698174,
          119.2266380236305
        ],
        [
          263.1578947368421,
          118.3673469387755
        ],
        [
          265.7357679914071,
          116.3265306122449
        ],
        [
          267.13211600429645,
          114.71535982814177
        ]
      ],
      "group_id": null,
      "shape_type": "polygon",
      "flags": {}
    },
    {
      "label": "door",
      "points": [
        [
          444.6397188049209,
          308.0843585237258
        ],
        [
          443.23374340949033,
          338.66432337434094
        ],
        [
          449.2,
          338.6
        ],
        [
          454.9,
          337.6
        ],
        [
          458.8,
          336.2
        ],
        [
          463.5,
          334.1
        ],
        [
          467.0,
          331.4
        ],
        [
          467.5,
          330.4
        ],
        [
          465.4,
          328.3
        ],
        [
          462.6,
          330.6
        ],
        [
          459.6,
          332.2
        ],
        [
          456.1,
          333.9
        ],
        [
          450.5,
          335.3
        ],
        [
          445.8,
          335.7
        ],
        [
          447.7,
          307.4
        ]
      ],
      "group_id": null,
      "shape_type": "polygon",
      "flags": {}
    }
  ],
  "imagePath": "45.jpg",
  "imageData": null,
  "imageHeight": 513,
  "imageWidth": 513
}