{
  "version": "4.5.9",
  "flags": {},
  "shapes": [
    {
      "label": "door",
      "points": [
        [
          25.594563986409966,
          198.41449603624008
        ],
        [
          25.594563986409966,
          178.1426953567384
        ],
        [
          29.44507361268403,
          178.0294450736127
        ],
        [
          34.65458663646659,
          178.59569648924122
        ],
        [
          39.41109852774632,
          180.18120045300114
        ],
        [
          43.71460928652321,
          182.559456398641
        ],
        [
          47.338618346545864,
          185.5039637599094
        ],
        [
          50.84937712344281,
          189.58097395243487
        ],
        [
          52.661381653454136,
          193.20498301245752
        ],
        [
          52.887882219705546,
          197.96149490373725
        ],
        [
          50.056625141562854,
          198.3012457531144
        ],
        [
          50.28312570781427,
          195.13023782559455
        ],
        [
          48.69762174405436,
          191.84597961494904
        ],
        [
          45.97961494903737,
          189.01472253680635
        ],
        [
          42.0158550396376,
          185.5039637599094
        ],
        [
          38.052095130237824,
          182.78595696489242
        ],
        [
          32.84258210645527,
          181.87995469988675
        ],
        [
          28.87882219705549,
          181.65345413363534
        ],
        [
          28.765571913929783,
          198.41449603624008
        ]
      ],
      "group_id": null,
      "shape_type": "polygon",
      "flags": {}
    },
    {
      "label": "door",
      "points": [
        [
          160.36184210526315,
          149.67105263157896
        ],
        [
          160.0328947368421,
          129.11184210526315
        ],
        [
          155.42763157894737,
          129.27631578947367
        ],
        [
          148.68421052631578,
          130.26315789473685
        ],
        [
          142.26973684210526,
          133.38815789473685
        ],
        [
          136.18421052631578,
          139.14473684210526
        ],
        [
          133.38815789473685,
          144.73684210526315
        ],
        [
          132.89473684210526,
          148.8486842105263
        ],
        [
          135.85526315789474,
          149.17763157894737
        ],
        [
          135.85526315789474,
          146.2171052631579
        ],
        [
          137.17105263157896,
          143.0921052631579
        ],
        [
          140.46052631578948,
          139.80263157894737
        ],
        [
          144.73684210526315,
          136.18421052631578
        ],
        [
          150.4934210526316,
          133.8815789473684
        ],
        [
          157.40131578947367,
          132.56578947368422
        ],
        [
          157.23684210526315,
          149.5065789473684
        ]
      ],
      "group_id": null,
      "shape_type": "polygon",
      "flags": {}
    },
    {
      "label": "door",
      "points": [
        [
          404.1509433962264,
          249.43396226415095
        ],
        [
          404.33962264150944,
          230.0
        ],
        [
          399.811320754717,
          230.18867924528303
        ],
        [
          392.07547169811323,
          231.13207547169813
        ],
        [
          386.0377358490566,
          233.9622641509434
        ],
        [
          379.24528301886795,
          239.43396226415095
        ],
        [
          376.9811320754717,
          246.60377358490567
        ],
        [
          376.9811320754717,
          249.05660377358492
        ],
        [
          379.62264150943395,
          248.8679245283019
        ],
        [
          380.188679245283,
          244.9056603773585
        ],
        [
          383.0188679245283,
          240.37735849056605
        ],
        [
          387.54716981132077,
          236.98113207547172
        ],
        [
          392.26415094339626,
          234.52830188679246
        ],
        [
          397.1698113207547,
          232.45283018867926
        ],
        [
          400.7547169811321,
          232.45283018867926
        ],
        [
          401.50943396226415,
          233.39622641509436
        ],
        [
          401.3207547169811,
          249.62264150943398
        ]
      ],
      "group_id": null,
      "shape_type": "polygon",
      "flags": {}
    },
    {
      "label": "door",
      "points": [
        [
          365.8,
          256.3
        ],
        [
          339.5,
          256.3
        ],
        [
          339.7,
          259.0
        ],
        [
          340.4,
          262.7
        ],
        [
          341.7,
          266.1
        ],
        [
          343.5,
          268.9
        ],
        [
          346.2,
          271.9
        ],
        [
          349.3,
          273.7
        ],
        [
          351.9,
          275.0
        ],
        [
          355.2,
          275.8
        ],
        [
          358.7,
          276.9
        ],
        [
          361.5,
          277.4
        ],
        [
          364.3,
          277.5
        ],
        [
          364.4,
          275.3
        ],
        [
          361.3,
          275.1
        ],
        [
          358.1,
          274.5
        ],
        [
          355.3,
          273.7
        ],
        [
          352.5,
          272.3
        ],
        [
          350.4,
          271.2
        ],
        [
          348.2,
          269.7
        ],
        [
          345.9,
          267.7
        ],
        [
          344.1,
          265.4
        ],
        [
          343.3,
          263.2
        ],
        [
          342.2,
          260.3
        ],
        [
          342.2,
          259.8
        ],
        [
          365.6,
          259.7
        ]
      ],
      "group_id": null,
      "shape_type": "polygon",
      "flags": {}
    },
    {
      "label": "door",
      "points": [
        [
          369.7,
          327.5
        ],
        [
          372.1,
          328.3
        ],
        [
          383.7,
          311.8
        ],
        [
          380.1,
          310.0
        ],
        [
          376.1,
          308.9
        ],
        [
          372.0,
          308.4
        ],
        [
          371.7,
          310.1
        ],
        [
          374.1,
          310.4
        ],
        [
          376.4,
          311.3
        ],
        [
          379.1,
          311.8
        ],
        [
          380.1,
          312.4
        ]
      ],
      "group_id": null,
      "shape_type": "polygon",
      "flags": {}
    },
    {
      "label": "door",
      "points": [
        [
          294.62857142857143,
          335.0857142857143
        ],
        [
          294.4,
          355.0857142857143
        ],
        [
          297.37142857142857,
          354.9714285714286
        ],
        [
          301.0285714285714,
          354.74285714285713
        ],
        [
          306.62857142857143,
          353.25714285714287
        ],
        [
          310.51428571428573,
          351.3142857142857
        ],
        [
          313.8285714285714,
          348.8
        ],
        [
          316.57142857142856,
          346.2857142857143
        ],
        [
          319.0857142857143,
          343.8857142857143
        ],
        [
          320.45714285714286,
          341.7142857142857
        ],
        [
          321.37142857142857,
          339.0857142857143
        ],
        [
          321.9428571428571,
          334.9714285714286
        ],
        [
          319.54285714285714,
          334.9714285714286
        ],
        [
          318.9714285714286,
          337.6
        ],
        [
          317.6,
          340.9142857142857
        ],
        [
          315.42857142857144,
          343.8857142857143
        ],
        [
          313.0285714285714,
          346.0571428571429
        ],
        [
          309.6,
          348.57142857142856
        ],
        [
          306.0571428571429,
          350.62857142857143
        ],
        [
          302.9714285714286,
          351.8857142857143
        ],
        [
          299.65714285714284,
          352.45714285714286
        ],
        [
          297.48571428571427,
          352.57142857142856
        ],
        [
          297.37142857142857,
          334.74285714285713
        ]
      ],
      "group_id": null,
      "shape_type": "polygon",
      "flags": {}
    },
    {
      "label": "door",
      "points": [
        [
          404.126213592233,
          335.43689320388347
        ],
        [
          404.4902912621359,
          354.6116504854369
        ],
        [
          402.18446601941747,
          354.7330097087379
        ],
        [
          399.2718446601942,
          354.49029126213594
        ],
        [
          394.0533980582524,
          353.88349514563106
        ],
        [
          388.34951456310677,
          351.6990291262136
        ],
        [
          384.1019417475728,
          349.1504854368932
        ],
        [
          380.21844660194176,
          345.1456310679612
        ],
        [
          377.9126213592233,
          341.0194174757281
        ],
        [
          376.94174757281553,
          335.6796116504854
        ],
        [
          378.03398058252424,
          334.5873786407767
        ],
        [
          379.9757281553398,
          335.31553398058253
        ],
        [
          379.8543689320388,
          338.2281553398058
        ],
        [
          381.06796116504853,
          341.1407766990291
        ],
        [
          382.7669902912621,
          343.81067961165047
        ],
        [
          385.43689320388347,
          346.4805825242718
        ],
        [
          388.95631067961165,
          348.7864077669903
        ],
        [
          394.0533980582524,
          351.33495145631065
        ],
        [
          397.4514563106796,
          352.18446601941747
        ],
        [
          401.33495145631065,
          352.18446601941747
        ],
        [
          401.45631067961165,
          334.9514563106796
        ]
      ],
      "group_id": null,
      "shape_type": "polygon",
      "flags": {}
    },
    {
      "label": "door",
      "points": [
        [
          439.3244873341375,
          303.6188178528347
        ],
        [
          441.49577804583834,
          303.6188178528347
        ],
        [
          440.530759951749,
          307.84077201447525
        ],
        [
          438.4800965018094,
          311.94209891435463
        ],
        [
          435.8262967430639,
          315.0784077201447
        ],
        [
          431.7249698431845,
          318.2147165259348
        ],
        [
          427.8648974668275,
          320.3860072376357
        ],
        [
          423.28106151990346,
          322.07478890229186
        ],
        [
          417.85283474065136,
          322.79855247285883
        ],
        [
          414.4752714113389,
          322.91917973462
        ],
        [
          414.4752714113389,
          303.0156815440289
        ],
        [
          417.49095295536785,
          303.25693606755124
        ],
        [
          416.76718938480093,
          320.50663449939685
        ],
        [
          420.5066344993968,
          320.62726176115797
        ],
        [
          424.72858866103735,
          319.7828709288299
        ],
        [
          428.82991556091673,
          317.85283474065136
        ],
        [
          433.1724969843184,
          313.9927623642943
        ],
        [
          435.7056694813027,
          310.61519903498186
        ],
        [
          438.3594692400482,
          305.79010856453556
        ]
      ],
      "group_id": null,
      "shape_type": "polygon",
      "flags": {}
    },
    {
      "label": "door",
      "points": [
        [
          444.7534766118837,
          283.5651074589128
        ],
        [
          415.8027812895069,
          283.5651074589128
        ],
        [
          415.6763590391909,
          280.6573957016435
        ],
        [
          416.18204804045513,
          276.48546144121366
        ],
        [
          418.0783817951959,
          272.56637168141594
        ],
        [
          420.3539823008849,
          268.9001264222503
        ],
        [
          423.3881163084703,
          265.992414664981
        ],
        [
          427.43362831858406,
          263.3375474083439
        ],
        [
          431.73198482933,
          261.0619469026549
        ],
        [
          436.283185840708,
          259.67130214917825
        ],
        [
          440.7079646017699,
          258.9127686472819
        ],
        [
          444.37420986093554,
          258.6599241466498
        ],
        [
          444.37420986093554,
          261.1883691529709
        ],
        [
          440.58154235145383,
          261.31479140328696
        ],
        [
          436.40960809102404,
          262.0733249051833
        ],
        [
          432.1112515802781,
          263.59039190897596
        ],
        [
          428.3185840707965,
          265.36030341340074
        ],
        [
          424.7787610619469,
          268.6472819216182
        ],
        [
          422.75600505689,
          270.543615676359
        ],
        [
          420.480404551201,
          275.094816687737
        ],
        [
          419.5954487989886,
          278.1289506953224
        ],
        [
          419.0897597977244,
          281.4159292035398
        ],
        [
          444.6270543615676,
          281.1630847029077
        ]
      ],
      "group_id": null,
      "shape_type": "polygon",
      "flags": {}
    },
    {
      "label": "door",
      "points": [
        [
          308.61141011840687,
          102.79870828848223
        ],
        [
          308.39612486544667,
          122.82023681377824
        ],
        [
          311.41011840688907,
          123.14316469321851
        ],
        [
          315.2852529601722,
          122.92787944025832
        ],
        [
          320.45209903121633,
          121.74381054897738
        ],
        [
          324.97308934337997,
          119.91388589881592
        ],
        [
          328.4176533907427,
          117.7610333692142
        ],
        [
          332.4004305705059,
          114.74703982777179
        ],
        [
          335.19913885898814,
          110.65662002152851
        ],
        [
          337.0290635091496,
          107.21205597416576
        ],
        [
          338.4284176533907,
          110.22604951560817
        ],
        [
          341.6576964477933,
          115.06996770721204
        ],
        [
          345.20990312163616,
          117.7610333692142
        ],
        [
          349.83853606027986,
          120.12917115177609
        ],
        [
          355.86652314316467,
          121.95909580193755
        ],
        [
          361.8945102260495,
          122.71259418729815
        ],
        [
          364.47793326157154,
          122.71259418729815
        ],
        [
          364.47793326157154,
          100.6458557588805
        ],
        [
          362.4327233584499,
          100.75349838536059
        ],
        [
          362.21743810548975,
          120.34445640473626
        ],
        [
          359.3110871905274,
          120.23681377825618
        ],
        [
          356.4047362755651,
          119.69860064585575
        ],
        [
          352.85252960172227,
          118.40688912809472
        ],
        [
          349.3003229278794,
          116.8998923573735
        ],
        [
          346.39397201291706,
          115.17761033369213
        ],
        [
          344.0258342303552,
          113.24004305705058
        ],
        [
          341.44241119483314,
          109.58019375672765
        ],
        [
          340.1506996770721,
          105.92034445640472
        ],
        [
          338.8589881593111,
          103.0139935414424
        ],
        [
          338.5360602798708,
          99.78471474703981
        ],
        [
          336.59849300322924,
          99.67707212055973
        ],
        [
          335.6297093649085,
          101.5069967707212
        ],
        [
          334.98385360602794,
          105.16684607104412
        ],
        [
          334.0150699677072,
          106.8891280947255
        ],
        [
          332.50807319698595,
          109.68783638320774
        ],
        [
          329.8170075349838,
          112.3789020452099
        ],
        [
          327.556512378902,
          114.42411194833153
        ],
        [
          324.75780409041977,
          116.46932185145316
        ],
        [
          322.9278794402583,
          117.7610333692142
        ],
        [
          318.9451022604951,
          119.16038751345532
        ],
        [
          315.60818083961243,
          120.021528525296
        ],
        [
          312.0559741657696,
          120.12917115177609
        ],
        [
          311.94833153928954,
          102.2604951560818
        ]
      ],
      "group_id": null,
      "shape_type": "polygon",
      "flags": {}
    },
    {
      "label": "door",
      "points": [
        [
          284.8,
          410.7
        ],
        [
          286.9,
          411.1
        ],
        [
          294.1,
          400.2
        ],
        [
          292.4,
          398.3
        ],
        [
          288.6,
          397.8
        ],
        [
          286.6,
          397.7
        ],
        [
          286.1,
          399.6
        ],
        [
          289.3,
          399.6
        ],
        [
          291.3,
          400.3
        ]
      ],
      "group_id": null,
      "shape_type": "polygon",
      "flags": {}
    },
    {
      "label": "door",
      "points": [
        [
          415.4,
          183.8
        ],
        [
          416.7,
          185.9
        ],
        [
          434.0,
          177.5
        ],
        [
          435.2,
          179.2
        ],
        [
          435.8,
          181.2
        ],
        [
          436.4,
          183.7
        ],
        [
          436.5,
          184.5
        ],
        [
          439.4,
          184.2
        ],
        [
          438.6,
          180.1
        ],
        [
          437.4,
          176.1
        ],
        [
          435.8,
          174.3
        ],
        [
          432.9,
          175.2
        ]
      ],
      "group_id": null,
      "shape_type": "polygon",
      "flags": {}
    },
    {
      "label": "door",
      "points": [
        [
          476.94641051567237,
          125.48028311425682
        ],
        [
          474.41860465116275,
          125.68250758341759
        ],
        [
          467.74519716885743,
          117.2901921132457
        ],
        [
          467.54297269969663,
          115.3690596562184
        ],
        [
          469.5652173913043,
          114.0546006066734
        ],
        [
          472.8008088978766,
          113.54903943377148
        ],
        [
          474.51971688574315,
          113.4479271991911
        ],
        [
          475.53083923154696,
          113.54903943377148
        ],
        [
          475.4297269969666,
          116.07684529828109
        ],
        [
          473.40748230535894,
          116.27906976744185
        ],
        [
          471.28412537917086,
          116.68351870576339
        ],
        [
          470.4752275025278,
          117.08796764408493
        ]
      ],
      "group_id": null,
      "shape_type": "polygon",
      "flags": {}
    }
  ],
  "imagePath": "45098284.jpg",
  "imageData": null,
  "imageHeight": 513,
  "imageWidth": 513
}