{
  "version": "4.5.9",
  "flags": {},
  "shapes": [
    {
      "label": "door",
      "points": [
        [
          169.9029126213592,
          12.62135922330097
        ],
        [
          170.09708737864077,
          26.019417475728154
        ],
        [
          174.5631067961165,
          26.213592233009706
        ],
        [
          180.97087378640776,
          25.8252427184466
        ],
        [
          186.40776699029124,
          24.66019417475728
        ],
        [
          191.65048543689318,
          22.718446601941746
        ],
        [
          197.66990291262135,
          19.611650485436893
        ],
        [
          200.97087378640776,
          15.728155339805824
        ],
        [
          203.6893203883495,
          19.611650485436893
        ],
        [
          208.3495145631068,
          21.747572815533978
        ],
        [
          213.98058252427182,
          23.883495145631066
        ],
        [
          220.7766990291262,
          25.048543689320386
        ],
        [
          226.6019417475728,
          25.436893203883493
        ],
        [
          231.45631067961165,
          25.8252427184466
        ],
        [
          231.84466019417474,
          11.844660194174757
        ],
        [
          226.79611650485435,
          12.03883495145631
        ],
        [
          226.9902912621359,
          22.718446601941746
        ],
        [
          222.0,
          22.6
        ],
        [
          216.1,
          21.6
        ],
        [
          211.7,
          20.0
        ],
        [
          207.5,
          17.7
        ],
        [
          204.6,
          14.8
        ],
        [
          202.6,
          12.1
        ],
        [
          202.3,
          9.6
        ],
        [
          199.8,
          9.5
        ],
        [
          199.1,
          13.6
        ],
        [
          194.8,
          17.2
        ],
        [
          190.5,
          19.7
        ],
        [
          186.7,
          20.9
        ],
        [
          182.4,
          22.4
        ],
        [
          178.0,
          23.2
        ],
        [
          175.0,
          23.3
        ],
        [
          175.0,
          11.4
        ],
        [
          169.7,
          11.3
        ]
      ],
      "group_id": null,
      "shape_type": "polygon",
      "flags": {}
    },
    {
      "label": "door",
      "points": [
        [
          133.38278931750742,
          139.3175074183976
        ],
        [
          128.33827893175075,
          139.3175074183976
        ],
        [
          128.18991097922847,
          124.4807121661721
        ],
        [
          132.34421364985164,
          124.4807121661721
        ],
        [
          136.79525222551928,
          124.4807121661721
        ],
        [
          141.98813056379822,
          125.22255192878337
        ],
        [
          148.51632047477744,
          127.1513353115727
        ],
        [
          153.7091988130564,
          129.37685459940653
        ],
        [
          157.566765578635,
          132.34421364985164
        ],
        [
          159.64391691394658,
          135.60830860534125
        ],
        [
          160.08902077151336,
          138.87240356083086
        ],
        [
          156.82492581602372,
          138.87240356083086
        ],
        [
          156.08308605341244,
          135.90504451038575
        ],
        [
          154.0059347181009,
          133.23442136498517
        ],
        [
          150.59347181008903,
          131.89910979228486
        ],
        [
          147.3293768545994,
          130.4154302670623
        ],
        [
          141.98813056379822,
          128.7833827893175
        ],
        [
          138.57566765578633,
          128.04154302670622
        ],
        [
          135.90504451038575,
          127.74480712166172
        ],
        [
          133.23442136498517,
          127.74480712166172
        ]
      ],
      "group_id": null,
      "shape_type": "polygon",
      "flags": {}
    },
    {
      "label": "door",
      "points": [
        [
          169.58456973293767,
          155.9347181008902
        ],
        [
          165.28189910979228,
          156.23145400593472
        ],
        [
          151.18694362017803,
          148.6646884272997
        ],
        [
          151.6320474777448,
          147.0326409495549
        ],
        [
          153.41246290801186,
          145.9940652818991
        ],
        [
          156.82492581602372,
          145.10385756676558
        ],
        [
          161.12759643916914,
          144.3620178041543
        ],
        [
          165.72700296735906,
          143.76854599406528
        ],
        [
          167.06231454005933,
          143.76854599406528
        ],
        [
          166.32047477744806,
          146.58753709198814
        ],
        [
          162.9080118694362,
          146.88427299703264
        ],
        [
          159.1988130563798,
          147.62611275964392
        ],
        [
          156.52818991097922,
          148.07121661721067
        ]
      ],
      "group_id": null,
      "shape_type": "polygon",
      "flags": {}
    },
    {
      "label": "door",
      "points": [
        [
          172.70029673590503,
          178.486646884273
        ],
        [
          203.85756676557864,
          178.33827893175075
        ],
        [
          204.15430267062314,
          175.96439169139467
        ],
        [
          202.07715133531156,
          172.25519287833828
        ],
        [
          199.40652818991097,
          168.99109792284867
        ],
        [
          195.40059347181008,
          166.61721068249258
        ],
        [
          190.35608308605342,
          164.98516320474778
        ],
        [
          186.35014836795253,
          163.94658753709197
        ],
        [
          180.7121661721068,
          163.2047477744807
        ],
        [
          177.00296735905044,
          163.2047477744807
        ],
        [
          177.1513353115727,
          165.43026706231453
        ],
        [
          180.56379821958456,
          165.43026706231453
        ],
        [
          184.86646884272997,
          166.02373887240356
        ],
        [
          190.0593471810089,
          167.65578635014836
        ],
        [
          193.3234421364985,
          169.13946587537092
        ],
        [
          195.84569732937686,
          171.2166172106825
        ],
        [
          197.92284866468842,
          173.1454005934718
        ],
        [
          198.81305637982194,
          175.37091988130564
        ],
        [
          172.99703264094956,
          175.0741839762611
        ]
      ],
      "group_id": null,
      "shape_type": "polygon",
      "flags": {}
    },
    {
      "label": "door",
      "points": [
        [
          121.66172106824925,
          234.56973293768544
        ],
        [
          121.66172106824925,
          236.64688427299703
        ],
        [
          150.59347181008903,
          236.79525222551928
        ],
        [
          150.59347181008903,
          232.7893175074184
        ],
        [
          148.21958456973294,
          228.63501483679525
        ],
        [
          143.91691394658753,
          225.2225519287834
        ],
        [
          137.6854599406528,
          222.99703264094956
        ],
        [
          133.82789317507417,
          221.95845697329375
        ],
        [
          128.33827893175075,
          220.47477744807122
        ],
        [
          123.29376854599406,
          219.8813056379822
        ],
        [
          120.62314540059347,
          219.8813056379822
        ],
        [
          120.47477744807121,
          223.1454005934718
        ],
        [
          123.88724035608308,
          222.99703264094956
        ],
        [
          127.59643916913946,
          223.88724035608308
        ],
        [
          132.0474777448071,
          224.62908011869436
        ],
        [
          136.64688427299703,
          225.8160237388724
        ],
        [
          139.7626112759644,
          227.4480712166172
        ],
        [
          142.58160237388722,
          229.37685459940653
        ],
        [
          145.10385756676558,
          232.4925816023739
        ],
        [
          145.54896142433233,
          233.23442136498517
        ],
        [
          121.95845697329376,
          232.7893175074184
        ]
      ],
      "group_id": null,
      "shape_type": "polygon",
      "flags": {}
    },
    {
      "label": "door",
      "points": [
        [
          145.2830188679245,
          256.31349782293177
        ],
        [
          149.63715529753264,
          256.7489114658926
        ],
        [
          162.699564586357,
          249.34687953555877
        ],
        [
          161.1030478955007,
          247.31494920174163
        ],
        [
          158.49056603773585,
          245.86357039187226
        ],
        [
          152.83018867924528,
          245.13788098693757
        ],
        [
          148.18577648766328,
          245.57329462989838
        ],
        [
          148.47605224963715,
          247.1698113207547
        ],
        [
          152.2496371552975,
          246.87953555878082
        ],
        [
          156.16835994194483,
          247.46008708272856
        ],
        [
          157.1843251088534,
          248.6211901306241
        ]
      ],
      "group_id": null,
      "shape_type": "polygon",
      "flags": {}
    },
    {
      "label": "door",
      "points": [
        [
          214.07837445573293,
          261.3933236574746
        ],
        [
          214.07837445573293,
          273.4397677793904
        ],
        [
          211.90130624092888,
          274.8911465892598
        ],
        [
          209.57910014513786,
          274.7460087082728
        ],
        [
          203.9187227866473,
          274.7460087082728
        ],
        [
          197.96806966618286,
          273.8751814223512
        ],
        [
          192.88824383164004,
          271.988388969521
        ],
        [
          186.9375907111756,
          269.5210449927431
        ],
        [
          183.8896952104499,
          267.19883889695205
        ],
        [
          180.98693759071116,
          264.1509433962264
        ],
        [
          180.6966618287373,
          260.377358490566
        ],
        [
          184.6153846153846,
          260.0870827285921
        ],
        [
          185.92162554426704,
          262.40928882438317
        ],
        [
          187.6632801161103,
          265.4571843251088
        ],
        [
          191.43686502177067,
          267.92452830188677
        ],
        [
          196.22641509433961,
          269.811320754717
        ],
        [
          200.29027576197385,
          271.26269956458634
        ],
        [
          204.93468795355585,
          271.6981132075471
        ],
        [
          208.27285921625543,
          271.6981132075471
        ],
        [
          208.5631349782293,
          260.81277213352683
        ]
      ],
      "group_id": null,
      "shape_type": "polygon",
      "flags": {}
    },
    {
      "label": "door",
      "points": [
        [
          256.29420084865626,
          40.169731258840166
        ],
        [
          252.1923620933522,
          39.46251768033946
        ],
        [
          239.3210749646393,
          46.81753889674682
        ],
        [
          241.7256011315417,
          49.08062234794908
        ],
        [
          244.97878359264496,
          49.78783592644979
        ],
        [
          247.94908062234794,
          50.35360678925035
        ],
        [
          251.6265912305516,
          50.35360678925035
        ],
        [
          251.06082036775106,
          48.373408769448375
        ],
        [
          248.2319660537482,
          48.373408769448375
        ],
        [
          245.8274398868458,
          47.66619519094766
        ],
        [
          244.69589816124468,
          46.81753889674682
        ]
      ],
      "group_id": null,
      "shape_type": "polygon",
      "flags": {}
    },
    {
      "label": "door",
      "points": [
        [
          255.7284299858557,
          137.34087694483733
        ],
        [
          252.3338048090523,
          137.6237623762376
        ],
        [
          239.03818953323903,
          130.69306930693068
        ],
        [
          240.45261669024043,
          129.13719943422913
        ],
        [
          244.4130127298444,
          127.43988684582743
        ],
        [
          246.95898161244696,
          126.87411598302687
        ],
        [
          249.50495049504948,
          126.73267326732673
        ],
        [
          251.34370579915134,
          126.3083451202263
        ],
        [
          251.9094766619519,
          129.13719943422913
        ],
        [
          249.64639321074964,
          128.99575671852898
        ],
        [
          245.40311173974538,
          129.7029702970297
        ],
        [
          244.1301272984441,
          130.26874115983026
        ]
      ],
      "group_id": null,
      "shape_type": "polygon",
      "flags": {}
    },
    {
      "label": "door",
      "points": [
        [
          322.74881516587675,
          258.60979462875196
        ],
        [
          322.90679304897316,
          261.13744075829385
        ],
        [
          336.01895734597156,
          265.8767772511848
        ],
        [
          338.38862559241704,
          265.4028436018957
        ],
        [
          340.6003159557662,
          263.50710900473933
        ],
        [
          342.18009478672985,
          260.18957345971563
        ],
        [
          339.33649289099526,
          259.87361769352293
        ],
        [
          337.91469194312793,
          262.5592417061611
        ],
        [
          336.9668246445498,
          263.349131121643
        ]
      ],
      "group_id": null,
      "shape_type": "polygon",
      "flags": {}
    },
    {
      "label": "door",
      "points": [
        [
          346.7614533965245,
          184.83412322274881
        ],
        [
          342.3380726698262,
          184.83412322274881
        ],
        [
          329.2259083728278,
          177.56714060031595
        ],
        [
          330.64770932069507,
          175.98736176935228
        ],
        [
          333.0173775671406,
          175.5134281200632
        ],
        [
          337.1248025276461,
          174.24960505529225
        ],
        [
          341.8641390205371,
          173.93364928909952
        ],
        [
          342.4960505529226,
          175.98736176935228
        ],
        [
          339.9684044233807,
          176.14533965244865
        ],
        [
          336.650868878357,
          177.09320695102684
        ],
        [
          335.7030015797788,
          177.25118483412322
        ]
      ],
      "group_id": null,
      "shape_type": "polygon",
      "flags": {}
    },
    {
      "label": "door",
      "points": [
        [
          328.4552845528455,
          393.0081300813008
        ],
        [
          332.35772357723573,
          393.0081300813008
        ],
        [
          331.7073170731707,
          407.3170731707317
        ],
        [
          326.9918699186992,
          407.3170731707317
        ],
        [
          321.6260162601626,
          406.8292682926829
        ],
        [
          315.2845528455284,
          405.5284552845528
        ],
        [
          308.780487804878,
          403.5772357723577
        ],
        [
          304.5528455284553,
          400.9756097560975
        ],
        [
          301.9512195121951,
          398.04878048780483
        ],
        [
          300.0,
          400.0
        ],
        [
          297.3983739837398,
          401.7886178861788
        ],
        [
          293.3333333333333,
          403.5772357723577
        ],
        [
          287.9674796747967,
          405.5284552845528
        ],
        [
          282.2764227642276,
          407.1544715447154
        ],
        [
          277.8861788617886,
          407.9674796747967
        ],
        [
          271.54471544715443,
          408.130081300813
        ],
        [
          270.2439024390244,
          407.6422764227642
        ],
        [
          270.73170731707313,
          392.35772357723573
        ],
        [
          275.1219512195122,
          392.520325203252
        ],
        [
          274.9593495934959,
          405.36585365853654
        ],
        [
          280.650406504065,
          404.7154471544715
        ],
        [
          286.3414634146341,
          403.2520325203252
        ],
        [
          290.8943089430894,
          401.9512195121951
        ],
        [
          295.60975609756093,
          399.1869918699187
        ],
        [
          298.2113821138211,
          397.0731707317073
        ],
        [
          299.0243902439024,
          393.17073170731703
        ],
        [
          300.0,
          390.8943089430894
        ],
        [
          303.739837398374,
          391.0569105691057
        ],
        [
          304.0650406504065,
          394.4715447154471
        ],
        [
          305.2032520325203,
          397.23577235772353
        ],
        [
          308.9430894308943,
          400.0
        ],
        [
          313.0081300813008,
          401.9512195121951
        ],
        [
          318.5365853658536,
          403.73983739837394
        ],
        [
          325.5284552845528,
          405.36585365853654
        ],
        [
          326.9918699186992,
          405.2032520325203
        ]
      ],
      "group_id": null,
      "shape_type": "polygon",
      "flags": {}
    }
  ],
  "imagePath": "45157357.jpg",
  "imageData": null,
  "imageHeight": 513,
  "imageWidth": 513
}