{
  "version": "4.5.9",
  "flags": {},
  "shapes": [
    {
      "label": "door",
      "points": [
        [
          84.44108761329305,
          233.98791540785498
        ],
        [
          84.29003021148036,
          250.0
        ],
        [
          88.36858006042296,
          249.8489425981873
        ],
        [
          94.25981873111782,
          249.6978851963746
        ],
        [
          100.4,
          247.7
        ],
        [
          105.0,
          245.8
        ],
        [
          108.7,
          243.8
        ],
        [
          111.5,
          240.6
        ],
        [
          114.5,
          237.2
        ],
        [
          115.2,
          234.1
        ],
        [
          115.3,
          233.4
        ],
        [
          112.1,
          233.4
        ],
        [
          111.7,
          234.9
        ],
        [
          111.4,
          236.7
        ],
        [
          109.6,
          239.3
        ],
        [
          107.9,
          241.0
        ],
        [
          104.9,
          242.7
        ],
        [
          101.4,
          244.3
        ],
        [
          98.6,
          245.3
        ],
        [
          96.3,
          246.3
        ],
        [
          93.0,
          247.1
        ],
        [
          89.6,
          247.5
        ],
        [
          88.0,
          247.6
        ],
        [
          87.2,
          247.7
        ],
        [
          87.5,
          233.3
        ]
      ],
      "group_id": null,
      "shape_type": "polygon",
      "flags": {}
    },
    {
      "label": "door",
      "points": [
        [
          130.4,
          228.0
        ],
        [
          130.6,
          212.1
        ],
        [
          133.0,
          212.2
        ],
        [
          137.8,
          212.4
        ],
        [
          143.2,
          213.5
        ],
        [
          147.6,
          215.0
        ],
        [
          151.7,
          216.6
        ],
        [
          155.6,
          218.9
        ],
        [
          158.7,
          222.8
        ],
        [
          160.2,
          226.0
        ],
        [
          160.9,
          227.9
        ],
        [
          158.5,
          228.2
        ],
        [
          157.0,
          225.1
        ],
        [
          154.3,
          221.9
        ],
        [
          150.8,
          219.8
        ],
        [
          148.3,
          218.1
        ],
        [
          144.6,
          216.6
        ],
        [
          140.9,
          215.4
        ],
        [
          136.5,
          214.6
        ],
        [
          133.3,
          214.2
        ],
        [
          133.3,
          228.2
        ]
      ],
      "group_id": null,
      "shape_type": "polygon",
      "flags": {}
    },
    {
      "label": "door",
      "points": [
        [
          138.94230769230768,
          264.5432692307692
        ],
        [
          138.94230769230768,
          281.9711538461538
        ],
        [
          143.02884615384616,
          281.9711538461538
        ],
        [
          146.875,
          281.6105769230769
        ],
        [
          151.08173076923077,
          280.8894230769231
        ],
        [
          155.16826923076923,
          279.5673076923077
        ],
        [
          158.65384615384616,
          278.125
        ],
        [
          162.13942307692307,
          276.32211538461536
        ],
        [
          165.625,
          273.7980769230769
        ],
        [
          168.02884615384616,
          271.0336538461538
        ],
        [
          169.1105769230769,
          269.1105769230769
        ],
        [
          170.3125,
          264.90384615384613
        ],
        [
          168.02884615384616,
          264.66346153846155
        ],
        [
          167.5480769230769,
          266.3461538461538
        ],
        [
          166.70673076923077,
          268.8701923076923
        ],
        [
          165.14423076923077,
          270.6730769230769
        ],
        [
          163.46153846153845,
          272.1153846153846
        ],
        [
          161.2980769230769,
          273.5576923076923
        ],
        [
          160.09615384615384,
          274.6394230769231
        ],
        [
          157.21153846153845,
          275.60096153846155
        ],
        [
          153.96634615384616,
          277.16346153846155
        ],
        [
          149.27884615384616,
          278.6057692307692
        ],
        [
          147.2355769230769,
          278.8461538461538
        ],
        [
          144.1105769230769,
          279.08653846153845
        ],
        [
          142.78846153846155,
          279.2067307692308
        ],
        [
          142.78846153846155,
          264.4230769230769
        ]
      ],
      "group_id": null,
      "shape_type": "polygon",
      "flags": {}
    },
    {
      "label": "door",
      "points": [
        [
          297.10982658959534,
          235.49132947976878
        ],
        [
          323.46820809248555,
          235.2601156069364
        ],
        [
          323.5838150289017,
          238.03468208092485
        ],
        [
          323.2369942196532,
          240.34682080924856
        ],
        [
          321.5028901734104,
          243.6994219653179
        ],
        [
          318.9595375722543,
          246.12716763005778
        ],
        [
          316.41618497109823,
          248.67052023121386
        ],
        [
          313.0635838150289,
          250.52023121387282
        ],
        [
          310.28901734104045,
          251.79190751445086
        ],
        [
          306.9364161849711,
          252.9479768786127
        ],
        [
          303.5838150289017,
          254.21965317919074
        ],
        [
          300.23121387283237,
          255.02890173410404
        ],
        [
          295.7225433526011,
          255.49132947976878
        ],
        [
          296.0693641618497,
          253.17919075144508
        ],
        [
          298.6127167630058,
          252.9479768786127
        ],
        [
          301.6184971098266,
          252.2543352601156
        ],
        [
          305.5491329479769,
          250.98265895953756
        ],
        [
          308.32369942196533,
          249.9421965317919
        ],
        [
          310.7514450867052,
          248.90173410404623
        ],
        [
          313.0635838150289,
          247.16763005780345
        ],
        [
          315.1445086705202,
          245.43352601156067
        ],
        [
          316.6473988439306,
          243.5838150289017
        ],
        [
          318.72832369942194,
          241.73410404624278
        ],
        [
          319.8843930635838,
          239.76878612716763
        ],
        [
          320.3468208092485,
          238.3815028901734
        ],
        [
          296.53179190751445,
          238.3815028901734
        ]
      ],
      "group_id": null,
      "shape_type": "polygon",
      "flags": {}
    },
    {
      "label": "door",
      "points": [
        [
          306.1,
          228.1
        ],
        [
          333.3,
          227.5
        ],
        [
          333.2,
          225.0
        ],
        [
          332.1,
          222.5
        ],
        [
          330.6,
          219.5
        ],
        [
          328.4,
          216.6
        ],
        [
          326.3,
          214.6
        ],
        [
          323.8,
          212.8
        ],
        [
          320.4,
          211.3
        ],
        [
          317.1,
          209.8
        ],
        [
          312.5,
          208.7
        ],
        [
          306.9,
          208.2
        ],
        [
          306.8,
          210.2
        ],
        [
          309.2,
          210.7
        ],
        [
          312.1,
          211.1
        ],
        [
          315.1,
          212.0
        ],
        [
          318.8,
          213.6
        ],
        [
          321.1,
          214.9
        ],
        [
          323.0,
          216.0
        ],
        [
          324.7,
          217.1
        ],
        [
          326.2,
          218.8
        ],
        [
          327.7,
          220.8
        ],
        [
          329.2,
          222.9
        ],
        [
          330.1,
          225.0
        ],
        [
          329.9,
          225.3
        ],
        [
          305.7,
          225.4
        ]
      ],
      "group_id": null,
      "shape_type": "polygon",
      "flags": {}
    },
    {
      "label": "door",
      "points": [
        [
          137.4821173104435,
          373.10443490701
        ],
        [
          137.4821173104435,
          356.3662374821173
        ],
        [
          141.3447782546495,
          356.3662374821173
        ],
        [
          146.20886981402003,
          356.50929899856936
        ],
        [
          151.931330472103,
          357.653791130186
        ],
        [
          155.793991416309,
          359.22746781115876
        ],
        [
          159.51359084406295,
          361.08726752503577
        ],
        [
          162.80400572246066,
          363.0901287553648
        ],
        [
          165.23605150214593,
          365.6652360515021
        ],
        [
          167.09585121602288,
          368.81258941344777
        ],
        [
          168.38340486409155,
          371.9599427753934
        ],
        [
          168.38340486409155,
          373.10443490701
        ],
        [
          165.95135908440628,
          373.24749642346205
        ],
        [
          165.23605150214593,
          370.3862660944206
        ],
        [
          163.23319027181688,
          367.381974248927
        ],
        [
          160.65808297567955,
          365.09298998569386
        ],
        [
          158.0829756795422,
          363.94849785407723
        ],
        [
          154.6494992846924,
          362.0886981402003
        ],
        [
          152.21745350500714,
          360.9442060085837
        ],
        [
          148.78397711015737,
          359.51359084406295
        ],
        [
          143.77682403433477,
          359.22746781115876
        ],
        [
          141.05865522174534,
          359.51359084406295
        ],
        [
          141.20171673819743,
          373.24749642346205
        ]
      ],
      "group_id": null,
      "shape_type": "polygon",
      "flags": {}
    }
  ],
  "imagePath": "45293770.jpg",
  "imageData": null,
  "imageHeight": 513,
  "imageWidth": 513
}