{
  "version": "4.5.9",
  "flags": {},
  "shapes": [
    {
      "label": "door",
      "points": [
        [
          204.94505494505495,
          309.7069597069597
        ],
        [
          205.4945054945055,
          304.3956043956044
        ],
        [
          208.6080586080586,
          300.1831501831502
        ],
        [
          213.003663003663,
          295.42124542124543
        ],
        [
          219.7802197802198,
          291.94139194139194
        ],
        [
          225.27472527472528,
          289.5604395604396
        ],
        [
          233.15018315018315,
          288.0952380952381
        ],
        [
          238.2783882783883,
          287.3626373626374
        ],
        [
          243.5897435897436,
          287.1794871794872
        ],
        [
          244.6886446886447,
          289.010989010989
        ],
        [
          244.5054945054945,
          309.7069597069597
        ],
        [
          241.5750915750916,
          309.8901098901099
        ],
        [
          241.94139194139194,
          290.2930402930403
        ],
        [
          235.8974358974359,
          290.65934065934067
        ],
        [
          229.85347985347985,
          292.12454212454213
        ],
        [
          224.54212454212455,
          293.7728937728938
        ],
        [
          218.3150183150183,
          296.3369963369963
        ],
        [
          213.36996336996336,
          300.0
        ],
        [
          210.62271062271063,
          303.6630036630037
        ],
        [
          208.24175824175825,
          307.3260073260073
        ],
        [
          208.05860805860806,
          309.34065934065933
        ]
      ],
      "group_id": null,
      "shape_type": "polygon",
      "flags": {}
    },
    {
      "label": "door",
      "points": [
        [
          257.7,
          310.2
        ],
        [
          257.5,
          287.4
        ],
        [
          259.7,
          287.4
        ],
        [
          262.3,
          287.7
        ],
        [
          265.3,
          288.1
        ],
        [
          268.3,
          288.6
        ],
        [
          271.2,
          289.0
        ],
        [
          274.3,
          289.9
        ],
        [
          277.5,
          290.9
        ],
        [
          280.8,
          291.9
        ],
        [
          283.4,
          293.4
        ],
        [
          286.1,
          295.7
        ],
        [
          288.7,
          297.5
        ],
        [
          290.6,
          299.5
        ],
        [
          292.2,
          301.4
        ],
        [
          294.1,
          303.8
        ],
        [
          294.9,
          305.9
        ],
        [
          295.4,
          308.0
        ],
        [
          295.5,
          308.9
        ],
        [
          293.1,
          308.8
        ],
        [
          292.7,
          306.5
        ],
        [
          291.6,
          304.7
        ],
        [
          289.6,
          302.3
        ],
        [
          287.8,
          300.8
        ],
        [
          286.1,
          298.7
        ],
        [
          282.4,
          296.5
        ],
        [
          279.3,
          295.3
        ],
        [
          276.1,
          293.9
        ],
        [
          272.4,
          292.7
        ],
        [
          269.9,
          291.7
        ],
        [
          266.7,
          291.1
        ],
        [
          264.9,
          290.6
        ],
        [
          260.6,
          290.4
        ],
        [
          259.6,
          290.2
        ],
        [
          259.6,
          310.2
        ]
      ],
      "group_id": null,
      "shape_type": "polygon",
      "flags": {}
    },
    {
      "label": "door",
      "points": [
        [
          296.1,
          349.6
        ],
        [
          258.3,
          349.5
        ],
        [
          258.1,
          347.0
        ],
        [
          258.7,
          344.8
        ],
        [
          260.0,
          342.4
        ],
        [
          261.7,
          339.6
        ],
        [
          263.3,
          337.5
        ],
        [
          265.1,
          335.6
        ],
        [
          267.7,
          333.8
        ],
        [
          270.4,
          332.1
        ],
        [
          273.3,
          330.5
        ],
        [
          276.4,
          329.0
        ],
        [
          279.1,
          328.1
        ],
        [
          281.9,
          327.4
        ],
        [
          285.1,
          326.5
        ],
        [
          288.0,
          326.0
        ],
        [
          291.3,
          325.5
        ],
        [
          295.6,
          325.2
        ],
        [
          296.3,
          325.7
        ],
        [
          296.1,
          327.7
        ],
        [
          291.6,
          328.1
        ],
        [
          288.2,
          328.3
        ],
        [
          284.8,
          328.9
        ],
        [
          280.9,
          330.0
        ],
        [
          277.9,
          331.2
        ],
        [
          275.4,
          332.4
        ],
        [
          272.7,
          333.7
        ],
        [
          270.6,
          334.9
        ],
        [
          268.6,
          336.2
        ],
        [
          266.0,
          338.5
        ],
        [
          264.2,
          340.2
        ],
        [
          263.1,
          342.2
        ],
        [
          262.1,
          344.4
        ],
        [
          261.6,
          346.2
        ],
        [
          261.5,
          347.3
        ],
        [
          296.3,
          347.4
        ]
      ],
      "group_id": null,
      "shape_type": "polygon",
      "flags": {}
    },
    {
      "label": "door",
      "points": [
        [
          224.4,
          384.5
        ],
        [
          224.3,
          362.3
        ],
        [
          227.0,
          362.2
        ],
        [
          231.4,
          362.4
        ],
        [
          236.0,
          362.9
        ],
        [
          240.3,
          363.8
        ],
        [
          244.2,
          364.8
        ],
        [
          248.1,
          366.3
        ],
        [
          252.6,
          368.2
        ],
        [
          256.6,
          371.0
        ],
        [
          259.6,
          374.3
        ],
        [
          261.4,
          376.9
        ],
        [
          262.8,
          380.1
        ],
        [
          262.9,
          383.4
        ],
        [
          262.6,
          383.9
        ],
        [
          260.7,
          383.9
        ],
        [
          260.7,
          381.5
        ],
        [
          260.0,
          379.5
        ],
        [
          257.6,
          376.5
        ],
        [
          255.1,
          373.6
        ],
        [
          252.8,
          372.3
        ],
        [
          248.9,
          370.0
        ],
        [
          245.4,
          368.0
        ],
        [
          242.2,
          367.3
        ],
        [
          240.0,
          366.5
        ],
        [
          236.6,
          365.7
        ],
        [
          232.4,
          365.0
        ],
        [
          228.1,
          364.9
        ],
        [
          226.5,
          364.9
        ],
        [
          226.9,
          384.7
        ]
      ],
      "group_id": null,
      "shape_type": "polygon",
      "flags": {}
    },
    {
      "label": "door",
      "points": [
        [
          487.96296296296293,
          309.78835978835974
        ],
        [
          487.96296296296293,
          312.8306878306878
        ],
        [
          447.8835978835979,
          302.2486772486772
        ],
        [
          446.69312169312167,
          304.76190476190476
        ],
        [
          445.8994708994709,
          307.8042328042328
        ],
        [
          445.76719576719574,
          310.5820105820106
        ],
        [
          443.1216931216931,
          310.05291005291
        ],
        [
          443.38624338624334,
          307.1428571428571
        ],
        [
          444.1798941798942,
          304.36507936507934
        ],
        [
          444.8412698412698,
          301.4550264550264
        ],
        [
          446.031746031746,
          299.3386243386243
        ],
        [
          446.8253968253968,
          299.20634920634916
        ]
      ],
      "group_id": null,
      "shape_type": "polygon",
      "flags": {}
    }
  ],
  "imagePath": "45299197.jpg",
  "imageData": null,
  "imageHeight": 513,
  "imageWidth": 513
}