{
  "version": "4.5.9",
  "flags": {},
  "shapes": [
    {
      "label": "door",
      "points": [
        [
          219.3415637860082,
          125.41152263374485
        ],
        [
          219.44444444444443,
          113.88888888888889
        ],
        [
          216.15226337448559,
          113.2716049382716
        ],
        [
          210.80246913580245,
          113.47736625514402
        ],
        [
          206.89300411522632,
          113.88888888888889
        ],
        [
          202.05761316872426,
          114.60905349794238
        ],
        [
          196.29629629629628,
          116.2551440329218
        ],
        [
          191.46090534979422,
          118.20987654320987
        ],
        [
          187.34567901234567,
          120.16460905349794
        ],
        [
          184.05349794238683,
          123.25102880658436
        ],
        [
          183.33333333333331,
          125.20576131687243
        ],
        [
          183.43621399176953,
          125.92592592592592
        ],
        [
          186.52263374485597,
          125.92592592592592
        ],
        [
          187.03703703703704,
          124.17695473251028
        ],
        [
          189.0946502057613,
          122.53086419753086
        ],
        [
          192.18106995884773,
          120.98765432098764
        ],
        [
          195.7818930041152,
          119.75308641975307
        ],
        [
          198.14814814814812,
          118.82716049382715
        ],
        [
          201.13168724279834,
          117.6954732510288
        ],
        [
          204.42386831275718,
          117.18106995884773
        ],
        [
          207.4074074074074,
          116.66666666666666
        ],
        [
          210.90534979423867,
          116.56378600823045
        ],
        [
          213.88888888888889,
          116.46090534979423
        ],
        [
          215.43209876543207,
          116.46090534979423
        ],
        [
          215.6378600823045,
          125.41152263374485
        ]
      ],
      "group_id": null,
      "shape_type": "polygon",
      "flags": {}
    },
    {
      "label": "door",
      "points": [
        [
          219.03292181069958,
          167.48971193415636
        ],
        [
          219.3415637860082,
          154.320987654321
        ],
        [
          216.2551440329218,
          154.21810699588477
        ],
        [
          214.0946502057613,
          154.320987654321
        ],
        [
          210.69958847736623,
          154.21810699588477
        ],
        [
          206.6872427983539,
          154.5267489711934
        ],
        [
          203.80658436213992,
          155.2469135802469
        ],
        [
          200.61728395061726,
          155.9670781893004
        ],
        [
          197.119341563786,
          157.09876543209876
        ],
        [
          194.03292181069958,
          158.23045267489712
        ],
        [
          191.04938271604937,
          159.5679012345679
        ],
        [
          188.78600823045267,
          160.90534979423867
        ],
        [
          186.72839506172838,
          162.75720164609052
        ],
        [
          184.97942386831275,
          164.7119341563786
        ],
        [
          184.05349794238683,
          167.0781893004115
        ],
        [
          186.52263374485597,
          167.28395061728395
        ],
        [
          187.03703703703704,
          165.6378600823045
        ],
        [
          188.58024691358023,
          163.9917695473251
        ],
        [
          190.32921810699588,
          162.6543209876543
        ],
        [
          193.31275720164606,
          161.2139917695473
        ],
        [
          197.0164609053498,
          159.87654320987653
        ],
        [
          200.30864197530863,
          158.74485596707817
        ],
        [
          203.60082304526748,
          157.81893004115224
        ],
        [
          206.06995884773661,
          157.5102880658436
        ],
        [
          208.33333333333331,
          157.30452674897117
        ],
        [
          210.49382716049382,
          156.99588477366254
        ],
        [
          212.86008230452674,
          156.99588477366254
        ],
        [
          214.40329218106996,
          157.30452674897117
        ],
        [
          214.917695473251,
          157.4074074074074
        ],
        [
          214.60905349794237,
          167.9012345679012
        ]
      ],
      "group_id": null,
      "shape_type": "polygon",
      "flags": {}
    },
    {
      "label": "door",
      "points": [
        [
          159.5,
          313.6
        ],
        [
          127.8,
          313.6
        ],
        [
          127.8,
          316.8
        ],
        [
          129.4,
          318.9
        ],
        [
          131.5,
          320.9
        ],
        [
          133.5,
          322.5
        ],
        [
          136.0,
          324.0
        ],
        [
          139.3,
          325.8
        ],
        [
          143.3,
          326.7
        ],
        [
          146.8,
          327.7
        ],
        [
          150.0,
          328.4
        ],
        [
          153.1,
          329.0
        ],
        [
          156.5,
          329.3
        ],
        [
          159.8,
          329.6
        ],
        [
          160.3,
          326.5
        ],
        [
          156.4,
          326.3
        ],
        [
          152.1,
          325.7
        ],
        [
          147.9,
          325.2
        ],
        [
          144.0,
          324.6
        ],
        [
          141.2,
          323.0
        ],
        [
          138.8,
          321.8
        ],
        [
          136.2,
          320.2
        ],
        [
          134.6,
          318.7
        ],
        [
          133.7,
          316.4
        ],
        [
          133.9,
          315.8
        ],
        [
          159.7,
          316.0
        ]
      ],
      "group_id": null,
      "shape_type": "polygon",
      "flags": {}
    },
    {
      "label": "door",
      "points": [
        [
          159.2,
          382.6
        ],
        [
          128.2,
          382.7
        ],
        [
          128.1,
          385.6
        ],
        [
          130.1,
          387.9
        ],
        [
          132.7,
          390.2
        ],
        [
          135.0,
          392.1
        ],
        [
          139.8,
          394.0
        ],
        [
          143.8,
          395.0
        ],
        [
          147.3,
          395.8
        ],
        [
          150.9,
          396.8
        ],
        [
          155.6,
          397.6
        ],
        [
          159.7,
          398.0
        ],
        [
          159.8,
          395.7
        ],
        [
          156.0,
          395.2
        ],
        [
          153.2,
          394.7
        ],
        [
          150.3,
          394.2
        ],
        [
          147.4,
          393.2
        ],
        [
          144.6,
          392.4
        ],
        [
          142.5,
          392.0
        ],
        [
          140.1,
          390.7
        ],
        [
          137.4,
          389.5
        ],
        [
          135.1,
          387.7
        ],
        [
          133.7,
          386.2
        ],
        [
          132.8,
          384.8
        ],
        [
          158.9,
          384.7
        ]
      ],
      "group_id": null,
      "shape_type": "polygon",
      "flags": {}
    },
    {
      "label": "door",
      "points": [
        [
          165.6,
          340.8
        ],
        [
          169.6,
          340.5
        ],
        [
          185.1,
          351.1
        ],
        [
          183.9,
          352.9
        ],
        [
          182.2,
          353.4
        ],
        [
          180.1,
          353.8
        ],
        [
          176.2,
          354.1
        ],
        [
          172.4,
          354.5
        ],
        [
          170.0,
          354.4
        ],
        [
          169.9,
          352.6
        ],
        [
          172.8,
          352.4
        ],
        [
          175.4,
          352.0
        ],
        [
          177.7,
          351.8
        ],
        [
          178.6,
          351.5
        ]
      ],
      "group_id": null,
      "shape_type": "polygon",
      "flags": {}
    },
    {
      "label": "door",
      "points": [
        [
          216.2,
          447.4
        ],
        [
          216.1,
          434.1
        ],
        [
          210.8,
          434.1
        ],
        [
          207.3,
          434.1
        ],
        [
          202.1,
          434.8
        ],
        [
          198.7,
          435.6
        ],
        [
          193.5,
          436.7
        ],
        [
          190.9,
          437.2
        ],
        [
          186.5,
          438.6
        ],
        [
          182.6,
          440.3
        ],
        [
          180.2,
          441.9
        ],
        [
          177.9,
          443.2
        ],
        [
          175.9,
          445.4
        ],
        [
          175.3,
          447.5
        ],
        [
          178.7,
          447.7
        ],
        [
          180.0,
          446.0
        ],
        [
          182.3,
          443.9
        ],
        [
          184.1,
          442.6
        ],
        [
          187.1,
          441.4
        ],
        [
          189.8,
          440.2
        ],
        [
          193.1,
          439.4
        ],
        [
          197.8,
          438.4
        ],
        [
          201.2,
          437.5
        ],
        [
          205.6,
          437.0
        ],
        [
          209.1,
          436.6
        ],
        [
          210.1,
          436.6
        ],
        [
          211.7,
          436.8
        ],
        [
          211.9,
          447.5
        ]
      ],
      "group_id": null,
      "shape_type": "polygon",
      "flags": {}
    },
    {
      "label": "door",
      "points": [
        [
          216.09498680738787,
          308.7071240105541
        ],
        [
          216.35883905013193,
          296.042216358839
        ],
        [
          211.2,
          296.0
        ],
        [
          207.9,
          296.2
        ],
        [
          203.1,
          296.6
        ],
        [
          198.6,
          297.4
        ],
        [
          194.5,
          298.4
        ],
        [
          190.7,
          299.7
        ],
        [
          188.1,
          300.6
        ],
        [
          184.5,
          302.3
        ],
        [
          182.1,
          303.9
        ],
        [
          180.2,
          305.7
        ],
        [
          178.9,
          307.6
        ],
        [
          178.7,
          308.3
        ],
        [
          182.0,
          308.7
        ],
        [
          183.2,
          307.3
        ],
        [
          185.8,
          305.3
        ],
        [
          189.2,
          303.4
        ],
        [
          192.1,
          302.3
        ],
        [
          196.0,
          301.0
        ],
        [
          200.7,
          300.1
        ],
        [
          203.1,
          299.7
        ],
        [
          205.6,
          299.5
        ],
        [
          207.9,
          299.5
        ],
        [
          210.0,
          299.4
        ],
        [
          210.8,
          299.5
        ],
        [
          210.7,
          308.9
        ]
      ],
      "group_id": null,
      "shape_type": "polygon",
      "flags": {}
    },
    {
      "label": "door",
      "points": [
        [
          493.9075630252101,
          400.6302521008404
        ],
        [
          497.2689075630252,
          400.6302521008404
        ],
        [
          496.9537815126051,
          412.5
        ],
        [
          493.8025210084034,
          412.60504201680675
        ],
        [
          488.97058823529414,
          412.8151260504202
        ],
        [
          485.0840336134454,
          412.5
        ],
        [
          481.7226890756303,
          412.0798319327731
        ],
        [
          478.2563025210084,
          411.4495798319328
        ],
        [
          474.5798319327731,
          410.7142857142857
        ],
        [
          471.11344537815125,
          409.1386554621849
        ],
        [
          467.1218487394958,
          406.827731092437
        ],
        [
          464.07563025210084,
          404.72689075630257
        ],
        [
          462.0798319327731,
          401.6806722689076
        ],
        [
          461.1344537815126,
          400.0
        ],
        [
          464.4957983193278,
          400.10504201680675
        ],
        [
          466.70168067226894,
          402.52100840336135
        ],
        [
          469.01260504201684,
          404.3067226890756
        ],
        [
          471.32352941176475,
          405.672268907563
        ],
        [
          473.73949579831935,
          406.9327731092437
        ],
        [
          477.6260504201681,
          408.0882352941177
        ],
        [
          481.7226890756303,
          408.92857142857144
        ],
        [
          485.3991596638656,
          409.55882352941177
        ],
        [
          488.65546218487395,
          409.97899159663865
        ],
        [
          491.9117647058824,
          410.29411764705884
        ],
        [
          493.8025210084034,
          410.3991596638656
        ]
      ],
      "group_id": null,
      "shape_type": "polygon",
      "flags": {}
    },
    {
      "label": "door",
      "points": [
        [
          497.2689075630252,
          354.51680672268907
        ],
        [
          497.47899159663865,
          342.33193277310926
        ],
        [
          494.95798319327736,
          342.2268907563025
        ],
        [
          492.64705882352945,
          342.2268907563025
        ],
        [
          488.8655462184874,
          342.5420168067227
        ],
        [
          485.5042016806723,
          342.8571428571429
        ],
        [
          481.827731092437,
          343.2773109243698
        ],
        [
          477.2058823529412,
          344.2226890756303
        ],
        [
          473.31932773109247,
          345.2731092436975
        ],
        [
          469.95798319327736,
          346.8487394957983
        ],
        [
          466.5966386554622,
          348.9495798319328
        ],
        [
          464.1806722689076,
          351.6806722689076
        ],
        [
          462.60504201680675,
          354.20168067226894
        ],
        [
          465.1260504201681,
          354.3067226890756
        ],
        [
          466.9117647058824,
          352.41596638655466
        ],
        [
          469.2226890756303,
          350.4201680672269
        ],
        [
          472.05882352941177,
          348.73949579831935
        ],
        [
          475.21008403361344,
          347.6890756302521
        ],
        [
          478.9915966386555,
          346.74369747899163
        ],
        [
          483.1932773109244,
          345.48319327731093
        ],
        [
          488.1302521008404,
          344.64285714285717
        ],
        [
          491.8067226890756,
          344.4327731092437
        ],
        [
          494.327731092437,
          344.4327731092437
        ],
        [
          494.327731092437,
          354.7268907563025
        ]
      ],
      "group_id": null,
      "shape_type": "polygon",
      "flags": {}
    }
  ],
  "imagePath": "45321949.jpg",
  "imageData": null,
  "imageHeight": 513,
  "imageWidth": 513
}