{
  "version": "4.5.9",
  "flags": {},
  "shapes": [
    {
      "label": "door",
      "points": [
        [
          25.9,
          161.4
        ],
        [
          26.4,
          146.0
        ],
        [
          29.0,
          146.1
        ],
        [
          34.1,
          146.3
        ],
        [
          39.5,
          147.4
        ],
        [
          44.2,
          149.6
        ],
        [
          48.1,
          151.9
        ],
        [
          51.5,
          154.9
        ],
        [
          53.8,
          159.0
        ],
        [
          54.4,
          161.6
        ],
        [
          51.1,
          161.8
        ],
        [
          50.2,
          158.9
        ],
        [
          48.6,
          156.5
        ],
        [
          46.6,
          154.9
        ],
        [
          44.0,
          152.8
        ],
        [
          40.8,
          151.4
        ],
        [
          37.3,
          150.6
        ],
        [
          32.6,
          149.4
        ],
        [
          29.0,
          149.4
        ],
        [
          29.4,
          161.4
        ]
      ],
      "group_id": null,
      "shape_type": "polygon",
      "flags": {}
    },
    {
      "label": "door",
      "points": [
        [
          166.5,
          123.7
        ],
        [
          166.5,
          108.5
        ],
        [
          164.3,
          108.4
        ],
        [
          161.3,
          108.5
        ],
        [
          158.1,
          108.7
        ],
        [
          154.0,
          109.9
        ],
        [
          149.7,
          111.3
        ],
        [
          146.7,
          113.1
        ],
        [
          143.4,
          116.3
        ],
        [
          140.5,
          119.7
        ],
        [
          139.1,
          123.6
        ],
        [
          141.8,
          123.7
        ],
        [
          142.8,
          121.2
        ],
        [
          144.9,
          118.5
        ],
        [
          147.1,
          116.5
        ],
        [
          150.1,
          114.2
        ],
        [
          152.6,
          112.8
        ],
        [
          155.9,
          111.7
        ],
        [
          159.4,
          110.7
        ],
        [
          162.5,
          110.6
        ],
        [
          163.8,
          110.5
        ],
        [
          163.6,
          124.0
        ]
      ],
      "group_id": null,
      "shape_type": "polygon",
      "flags": {}
    },
    {
      "label": "door",
      "points": [
        [
          182.2,
          132.2
        ],
        [
          179.3,
          132.2
        ],
        [
          170.6,
          141.9
        ],
        [
          167.9,
          142.9
        ],
        [
          168.3,
          145.3
        ],
        [
          171.6,
          145.5
        ],
        [
          172.3,
          146.2
        ],
        [
          169.2,
          146.8
        ],
        [
          169.6,
          149.5
        ],
        [
          179.3,
          159.6
        ],
        [
          182.2,
          159.4
        ],
        [
          173.7,
          148.7
        ],
        [
          176.0,
          147.7
        ],
        [
          181.0,
          147.6
        ],
        [
          181.0,
          145.5
        ],
        [
          176.9,
          145.3
        ],
        [
          173.9,
          143.6
        ]
      ],
      "group_id": null,
      "shape_type": "polygon",
      "flags": {}
    },
    {
      "label": "door",
      "points": [
        [
          304.2774566473988,
          125.43352601156069
        ],
        [
          304.2774566473988,
          140.0
        ],
        [
          307.8612716763006,
          140.34682080924856
        ],
        [
          312.7167630057803,
          139.76878612716763
        ],
        [
          317.3410404624277,
          138.61271676300578
        ],
        [
          321.84971098265896,
          137.34104046242774
        ],
        [
          325.3179190751445,
          135.02890173410404
        ],
        [
          328.32369942196533,
          132.60115606936415
        ],
        [
          330.1734104046243,
          129.9421965317919
        ],
        [
          332.0231213872832,
          126.47398843930635
        ],
        [
          333.17919075144505,
          130.40462427745663
        ],
        [
          335.7225433526011,
          133.17919075144508
        ],
        [
          339.1907514450867,
          135.72254335260115
        ],
        [
          343.35260115606934,
          137.45664739884393
        ],
        [
          348.09248554913296,
          139.07514450867052
        ],
        [
          351.4450867052023,
          140.11560693641619
        ],
        [
          355.028901734104,
          140.6936416184971
        ],
        [
          358.0346820809248,
          140.57803468208093
        ],
        [
          358.72832369942194,
          140.46242774566474
        ],
        [
          358.72832369942194,
          124.97109826589595
        ],
        [
          354.56647398843927,
          124.85549132947976
        ],
        [
          354.6820809248555,
          137.22543352601156
        ],
        [
          352.1387283236994,
          137.5722543352601
        ],
        [
          349.1329479768786,
          136.9942196531792
        ],
        [
          345.8959537572254,
          135.95375722543352
        ],
        [
          341.15606936416185,
          133.29479768786126
        ],
        [
          337.5722543352601,
          130.28901734104045
        ],
        [
          335.2601156069364,
          126.70520231213872
        ],
        [
          334.10404624277453,
          123.23699421965317
        ],
        [
          333.17919075144505,
          121.27167630057804
        ],
        [
          330.7514450867052,
          121.15606936416185
        ],
        [
          330.5202312138728,
          124.39306358381502
        ],
        [
          327.8612716763006,
          127.74566473988439
        ],
        [
          324.39306358381504,
          131.56069364161849
        ],
        [
          320.23121387283237,
          134.4508670520231
        ],
        [
          317.3410404624277,
          136.0693641618497
        ],
        [
          312.25433526011557,
          137.45664739884393
        ],
        [
          308.5549132947977,
          137.5722543352601
        ],
        [
          308.32369942196533,
          125.66473988439306
        ]
      ],
      "group_id": null,
      "shape_type": "polygon",
      "flags": {}
    },
    {
      "label": "door",
      "points": [
        [
          398.74213836477986,
          249.89517819706498
        ],
        [
          398.74213836477986,
          232.70440251572325
        ],
        [
          394.96855345911945,
          232.70440251572325
        ],
        [
          390.7,
          233.2
        ],
        [
          384.9,
          234.5
        ],
        [
          380.8,
          236.4
        ],
        [
          377.0,
          238.7
        ],
        [
          373.2,
          242.1
        ],
        [
          371.5,
          245.6
        ],
        [
          370.7,
          249.4
        ],
        [
          373.0,
          249.5
        ],
        [
          373.7,
          246.6
        ],
        [
          375.4,
          244.2
        ],
        [
          378.7,
          241.8
        ],
        [
          382.0,
          239.1
        ],
        [
          385.4,
          237.3
        ],
        [
          388.5,
          236.6
        ],
        [
          391.7,
          236.2
        ],
        [
          394.1,
          236.1
        ],
        [
          394.7,
          236.2
        ],
        [
          394.5,
          250.3
        ]
      ],
      "group_id": null,
      "shape_type": "polygon",
      "flags": {}
    },
    {
      "label": "door",
      "points": [
        [
          363.2,
          254.6
        ],
        [
          339.7,
          254.5
        ],
        [
          339.5,
          257.2
        ],
        [
          339.7,
          260.0
        ],
        [
          341.5,
          263.5
        ],
        [
          343.8,
          266.1
        ],
        [
          346.5,
          268.0
        ],
        [
          349.5,
          269.3
        ],
        [
          352.3,
          270.7
        ],
        [
          354.9,
          271.8
        ],
        [
          358.5,
          272.5
        ],
        [
          362.5,
          272.9
        ],
        [
          364.2,
          272.9
        ],
        [
          364.1,
          270.9
        ],
        [
          360.1,
          270.7
        ],
        [
          355.9,
          269.7
        ],
        [
          352.8,
          268.7
        ],
        [
          349.6,
          267.2
        ],
        [
          346.4,
          264.7
        ],
        [
          344.4,
          262.5
        ],
        [
          343.3,
          260.1
        ],
        [
          342.9,
          257.5
        ],
        [
          363.1,
          257.4
        ]
      ],
      "group_id": null,
      "shape_type": "polygon",
      "flags": {}
    },
    {
      "label": "door",
      "points": [
        [
          290.5,
          318.6
        ],
        [
          290.4,
          334.0
        ],
        [
          293.3,
          334.1
        ],
        [
          297.8,
          334.1
        ],
        [
          302.4,
          333.1
        ],
        [
          307.6,
          331.0
        ],
        [
          312.4,
          328.1
        ],
        [
          314.6,
          325.2
        ],
        [
          316.9,
          321.3
        ],
        [
          317.3,
          318.5
        ],
        [
          314.9,
          318.7
        ],
        [
          314.5,
          321.3
        ],
        [
          313.1,
          323.6
        ],
        [
          311.2,
          325.6
        ],
        [
          308.8,
          327.6
        ],
        [
          304.9,
          329.2
        ],
        [
          301.9,
          330.3
        ],
        [
          298.1,
          331.4
        ],
        [
          294.7,
          331.3
        ],
        [
          293.1,
          331.3
        ],
        [
          293.4,
          318.5
        ]
      ],
      "group_id": null,
      "shape_type": "polygon",
      "flags": {}
    },
    {
      "label": "door",
      "points": [
        [
          401.4925373134328,
          318.94374282433984
        ],
        [
          401.8369690011481,
          334.09873708381167
        ],
        [
          399.0815154994259,
          334.21354764638346
        ],
        [
          395.6371986222732,
          334.4431687715269
        ],
        [
          392.19288174512053,
          333.98392652123994
        ],
        [
          388.2893226176808,
          332.8358208955224
        ],
        [
          384.15614236509754,
          330.7692307692307
        ],
        [
          379.90815154994254,
          328.24339839265207
        ],
        [
          376.9230769230769,
          324.7990815154994
        ],
        [
          375.20091848450056,
          320.89552238805965
        ],
        [
          374.39724454649826,
          318.02525832376574
        ],
        [
          377.1526980482204,
          317.910447761194
        ],
        [
          377.9563719862227,
          320.6659012629162
        ],
        [
          379.21928817451203,
          323.5361653272101
        ],
        [
          381.0562571756601,
          325.37313432835816
        ],
        [
          383.926521239954,
          327.55453501722155
        ],
        [
          386.9115958668197,
          329.39150401836963
        ],
        [
          390.3559127439724,
          330.42479908151546
        ],
        [
          392.6521239954075,
          331.3432835820895
        ],
        [
          395.9816303099885,
          331.4580941446613
        ],
        [
          398.5074626865671,
          331.4580941446613
        ],
        [
          398.5074626865671,
          318.5993111366245
        ]
      ],
      "group_id": null,
      "shape_type": "polygon",
      "flags": {}
    },
    {
      "label": "door",
      "points": [
        [
          442.7,
          278.4
        ],
        [
          417.5,
          278.5
        ],
        [
          417.3,
          275.6
        ],
        [
          417.9,
          272.9
        ],
        [
          419.7,
          270.2
        ],
        [
          421.8,
          266.9
        ],
        [
          424.7,
          264.3
        ],
        [
          427.8,
          262.0
        ],
        [
          431.7,
          260.2
        ],
        [
          435.6,
          258.8
        ],
        [
          438.5,
          257.7
        ],
        [
          441.9,
          257.1
        ],
        [
          443.0,
          257.3
        ],
        [
          442.7,
          260.0
        ],
        [
          440.1,
          260.1
        ],
        [
          437.1,
          260.9
        ],
        [
          433.4,
          262.4
        ],
        [
          431.0,
          263.5
        ],
        [
          427.7,
          265.8
        ],
        [
          425.3,
          267.9
        ],
        [
          422.6,
          270.6
        ],
        [
          421.2,
          272.9
        ],
        [
          420.3,
          275.7
        ],
        [
          443.1,
          275.5
        ]
      ],
      "group_id": null,
      "shape_type": "polygon",
      "flags": {}
    },
    {
      "label": "door",
      "points": [
        [
          409.5,
          292.6
        ],
        [
          409.4,
          307.3
        ],
        [
          409.6,
          308.4
        ],
        [
          412.8,
          308.6
        ],
        [
          416.8,
          308.8
        ],
        [
          421.1,
          308.1
        ],
        [
          424.9,
          306.1
        ],
        [
          429.4,
          303.3
        ],
        [
          433.0,
          300.6
        ],
        [
          436.4,
          297.4
        ],
        [
          437.1,
          293.4
        ],
        [
          437.1,
          292.4
        ],
        [
          434.6,
          292.4
        ],
        [
          434.1,
          294.4
        ],
        [
          432.9,
          296.8
        ],
        [
          430.4,
          299.4
        ],
        [
          427.7,
          301.6
        ],
        [
          424.5,
          303.2
        ],
        [
          421.8,
          304.8
        ],
        [
          418.1,
          305.2
        ],
        [
          414.3,
          305.5
        ],
        [
          413.3,
          305.5
        ],
        [
          412.6,
          305.4
        ],
        [
          412.8,
          292.2
        ]
      ],
      "group_id": null,
      "shape_type": "polygon",
      "flags": {}
    },
    {
      "label": "door",
      "points": [
        [
          411.8203309692671,
          195.3900709219858
        ],
        [
          412.0567375886524,
          198.10874704491724
        ],
        [
          429.07801418439715,
          191.725768321513
        ],
        [
          430.4964539007092,
          193.38061465721037
        ],
        [
          431.56028368794324,
          195.7446808510638
        ],
        [
          432.8605200945626,
          195.7446808510638
        ],
        [
          433.3333333333333,
          193.49881796690306
        ],
        [
          432.26950354609926,
          190.4255319148936
        ],
        [
          430.2600472813238,
          189.00709219858155
        ],
        [
          428.2505910165484,
          189.2434988179669
        ]
      ],
      "group_id": null,
      "shape_type": "polygon",
      "flags": {}
    },
    {
      "label": "door",
      "points": [
        [
          479.7,
          142.7
        ],
        [
          476.6,
          143.4
        ],
        [
          471.0,
          138.0
        ],
        [
          472.4,
          136.6
        ],
        [
          474.0,
          136.3
        ],
        [
          476.0,
          136.3
        ],
        [
          476.6,
          137.6
        ],
        [
          475.3,
          137.8
        ]
      ],
      "group_id": null,
      "shape_type": "polygon",
      "flags": {}
    },
    {
      "label": "door",
      "points": [
        [
          365.3005464480874,
          312.02185792349724
        ],
        [
          368.44262295081967,
          312.02185792349724
        ],
        [
          378.41530054644807,
          301.09289617486337
        ],
        [
          376.3661202185792,
          298.9071038251366
        ],
        [
          373.7704918032787,
          297.95081967213116
        ],
        [
          371.0382513661202,
          297.54098360655735
        ],
        [
          369.8087431693989,
          297.54098360655735
        ],
        [
          369.53551912568304,
          299.4535519125683
        ],
        [
          372.54098360655735,
          299.86338797814204
        ],
        [
          374.5901639344262,
          300.54644808743166
        ]
      ],
      "group_id": null,
      "shape_type": "polygon",
      "flags": {}
    }
  ],
  "imagePath": "45352198.jpg",
  "imageData": null,
  "imageHeight": 513,
  "imageWidth": 513
}