{
  "version": "4.5.9",
  "flags": {},
  "shapes": [
    {
      "label": "door",
      "points": [
        [
          50.16987542468856,
          239.97734994337486
        ],
        [
          85.95696489241223,
          240.09060022650056
        ],
        [
          85.6172140430351,
          237.03284258210644
        ],
        [
          83.23895809739524,
          232.16308040770102
        ],
        [
          79.04869762174405,
          227.97281993204982
        ],
        [
          75.5379388448471,
          225.59456398640995
        ],
        [
          70.21517553793885,
          223.3295583238958
        ],
        [
          65.79841449603624,
          221.9705549263873
        ],
        [
          60.70215175537939,
          220.38505096262742
        ],
        [
          55.37938844847112,
          219.25254813137033
        ],
        [
          49.49037372593431,
          219.02604756511892
        ],
        [
          46.998867497168746,
          219.36579841449603
        ],
        [
          47.11211778029445,
          221.9705549263873
        ],
        [
          51.18912797281993,
          222.31030577576445
        ],
        [
          54.81313703284258,
          222.42355605889014
        ],
        [
          58.663646659116644,
          222.98980747451867
        ],
        [
          63.64665911664779,
          224.12231030577576
        ],
        [
          67.27066817667044,
          225.48131370328426
        ],
        [
          71.68742921857304,
          227.7463193657984
        ],
        [
          75.19818799547,
          229.89807474518688
        ],
        [
          78.02944507361268,
          231.9365798414496
        ],
        [
          80.06795016987543,
          234.99433748584372
        ],
        [
          81.2004530011325,
          237.14609286523216
        ],
        [
          49.83012457531144,
          237.25934314835786
        ]
      ],
      "group_id": null,
      "shape_type": "polygon",
      "flags": {}
    },
    {
      "label": "door",
      "points": [
        [
          278.1,
          292.5
        ],
        [
          234.5,
          292.6
        ],
        [
          234.1,
          289.6
        ],
        [
          235.4,
          286.4
        ],
        [
          237.6,
          283.3
        ],
        [
          241.0,
          280.5
        ],
        [
          244.1,
          279.0
        ],
        [
          249.0,
          277.0
        ],
        [
          253.9,
          275.4
        ],
        [
          257.8,
          274.1
        ],
        [
          260.6,
          273.4
        ],
        [
          264.8,
          272.7
        ],
        [
          267.8,
          272.3
        ],
        [
          272.9,
          272.1
        ],
        [
          276.8,
          271.7
        ],
        [
          278.1,
          271.8
        ],
        [
          278.1,
          273.6
        ],
        [
          274.3,
          274.1
        ],
        [
          270.5,
          274.4
        ],
        [
          264.9,
          275.2
        ],
        [
          260.9,
          275.9
        ],
        [
          257.6,
          276.9
        ],
        [
          253.6,
          277.8
        ],
        [
          249.7,
          279.3
        ],
        [
          245.8,
          280.9
        ],
        [
          243.2,
          282.9
        ],
        [
          240.8,
          285.4
        ],
        [
          239.1,
          287.7
        ],
        [
          238.9,
          290.0
        ],
        [
          278.4,
          289.9
        ]
      ],
      "group_id": null,
      "shape_type": "polygon",
      "flags": {}
    },
    {
      "label": "door",
      "points": [
        [
          381.09201213346813,
          335.28816986855406
        ],
        [
          380.99089989888773,
          354.19615773508593
        ],
        [
          377.2497472194135,
          354.3983822042467
        ],
        [
          372.49747219413547,
          354.3983822042467
        ],
        [
          368.2507583417593,
          353.8928210313448
        ],
        [
          361.9817997977755,
          352.9828109201213
        ],
        [
          356.72396359959555,
          351.6683518705763
        ],
        [
          351.06167846309404,
          349.84833164812943
        ],
        [
          345.19716885743173,
          347.2194135490394
        ],
        [
          341.4560161779575,
          343.9838220424671
        ],
        [
          337.9170879676441,
          340.3437815975733
        ],
        [
          335.6926188068756,
          336.19817997977754
        ],
        [
          335.5915065722952,
          335.5915065722952
        ],
        [
          338.422649140546,
          335.49039433771486
        ],
        [
          339.5348837209302,
          338.3215369059656
        ],
        [
          342.4671385237614,
          341.96157735085944
        ],
        [
          345.3993933265925,
          344.28715874620826
        ],
        [
          350.75834175935285,
          346.7138523761375
        ],
        [
          355.30839231547014,
          348.1294236602629
        ],
        [
          360.0606673407482,
          349.64610717896863
        ],
        [
          364.0040444893832,
          350.75834175935285
        ],
        [
          368.65520728008084,
          351.8705763397371
        ],
        [
          374.0141557128412,
          352.27502527805865
        ],
        [
          378.0586450960566,
          351.6683518705763
        ],
        [
          378.5642062689585,
          335.18705763397367
        ]
      ],
      "group_id": null,
      "shape_type": "polygon",
      "flags": {}
    },
    {
      "label": "door",
      "points": [
        [
          341.2,
          217.5
        ],
        [
          385.1,
          217.3
        ],
        [
          385.0,
          220.0
        ],
        [
          383.3,
          223.7
        ],
        [
          379.6,
          227.1
        ],
        [
          374.7,
          230.1
        ],
        [
          368.8,
          232.7
        ],
        [
          362.6,
          234.7
        ],
        [
          355.5,
          236.3
        ],
        [
          350.0,
          237.0
        ],
        [
          343.3,
          237.5
        ],
        [
          341.5,
          237.4
        ],
        [
          341.8,
          235.2
        ],
        [
          346.6,
          235.3
        ],
        [
          351.6,
          234.5
        ],
        [
          357.0,
          233.3
        ],
        [
          362.7,
          231.8
        ],
        [
          366.6,
          230.4
        ],
        [
          370.8,
          228.2
        ],
        [
          376.2,
          225.6
        ],
        [
          379.3,
          222.9
        ],
        [
          380.2,
          219.9
        ],
        [
          341.2,
          219.9
        ]
      ],
      "group_id": null,
      "shape_type": "polygon",
      "flags": {}
    },
    {
      "label": "door",
      "points": [
        [
          349.93954050785976,
          171.22128174123338
        ],
        [
          355.7436517533253,
          171.34220072551392
        ],
        [
          361.9105199516324,
          171.7049576783555
        ],
        [
          369.0447400241838,
          172.91414752116083
        ],
        [
          374.1233373639662,
          174.84885126964934
        ],
        [
          380.53204353083436,
          177.14631197097944
        ],
        [
          386.81983071342205,
          181.25755743651754
        ],
        [
          391.41475211608224,
          186.21523579201937
        ],
        [
          393.95405078597344,
          191.2938331318017
        ],
        [
          392.7448609431681,
          192.3821039903265
        ],
        [
          350.0604594921403,
          192.62394195888754
        ],
        [
          350.18137847642083,
          190.56831922611852
        ],
        [
          390.56831922611855,
          190.32648125755745
        ],
        [
          388.1499395405079,
          186.81983071342202
        ],
        [
          384.764207980653,
          183.07134220072552
        ],
        [
          379.4437726723096,
          180.04836759371221
        ],
        [
          374.00241837968565,
          178.23458282950423
        ],
        [
          367.1100362756953,
          175.93712212817414
        ],
        [
          361.3059250302298,
          175.09068923821042
        ],
        [
          353.68802902055626,
          174.48609431680774
        ],
        [
          348.6094316807739,
          174.2442563482467
        ],
        [
          348.6094316807739,
          170.85852478839178
        ]
      ],
      "group_id": null,
      "shape_type": "polygon",
      "flags": {}
    },
    {
      "label": "door",
      "points": [
        [
          378.8391777509069,
          207.25513905683192
        ],
        [
          375.81620314389363,
          206.89238210399034
        ],
        [
          376.1789600967352,
          192.50302297460703
        ],
        [
          379.2019347037485,
          192.3821039903265
        ],
        [
          384.5223700120919,
          192.50302297460703
        ],
        [
          389.60096735187426,
          192.98669891172915
        ],
        [
          395.4050785973398,
          193.71221281741234
        ],
        [
          401.3301088270859,
          195.40507859733978
        ],
        [
          406.77146311970984,
          198.06529625151148
        ],
        [
          409.55259975816205,
          200.48367593712214
        ],
        [
          411.0036275695284,
          202.41837968561066
        ],
        [
          412.3337363966143,
          202.41837968561066
        ],
        [
          415.23579201934706,
          200.12091898428054
        ],
        [
          419.58887545344624,
          196.6142684401451
        ],
        [
          424.90931076178964,
          194.92140266021767
        ],
        [
          430.4715840386941,
          193.4703748488513
        ],
        [
          434.9455864570738,
          192.62394195888754
        ],
        [
          439.4195888754535,
          192.26118500604596
        ],
        [
          444.98186215235796,
          192.0193470374849
        ],
        [
          447.7629987908102,
          191.89842805320436
        ],
        [
          447.7629987908102,
          206.89238210399034
        ],
        [
          444.61910519951635,
          206.89238210399034
        ],
        [
          444.7400241837969,
          194.80048367593713
        ],
        [
          441.5961305925031,
          194.43772672309552
        ],
        [
          436.75937122128175,
          194.92140266021767
        ],
        [
          432.16444981862156,
          195.64691656590085
        ],
        [
          427.5695284159613,
          197.21886336154776
        ],
        [
          423.33736396614273,
          198.4280532043531
        ],
        [
          418.863361547763,
          201.0882708585248
        ],
        [
          415.84038694074974,
          202.90205562273277
        ],
        [
          414.6311970979444,
          204.8367593712213
        ],
        [
          414.51027811366384,
          207.13422007255141
        ],
        [
          414.1475211608223,
          207.8597339782346
        ],
        [
          408.70616686819835,
          207.98065296251514
        ],
        [
          408.8270858524789,
          204.35308343409918
        ],
        [
          406.0459492140266,
          201.81378476420798
        ],
        [
          403.38573155985495,
          199.87908101571946
        ],
        [
          400.3627569528416,
          198.91172914147523
        ],
        [
          396.37243047158404,
          197.21886336154776
        ],
        [
          392.14026602176546,
          196.130592503023
        ],
        [
          389.60096735187426,
          195.40507859733978
        ],
        [
          384.4014510278114,
          194.80048367593713
        ],
        [
          379.2019347037485,
          194.55864570737606
        ]
      ],
      "group_id": null,
      "shape_type": "polygon",
      "flags": {}
    }
  ],
  "imagePath": "45562633.jpg",
  "imageData": null,
  "imageHeight": 513,
  "imageWidth": 513
}