{
  "version": "4.5.9",
  "flags": {},
  "shapes": [
    {
      "label": "door",
      "points": [
        [
          47.338618346545864,
          94.3374858437146
        ],
        [
          66.7044167610419,
          94.11098527746319
        ],
        [
          66.25141562853906,
          97.39524348810872
        ],
        [
          65.118912797282,
          101.35900339750849
        ],
        [
          61.60815402038505,
          103.96375990939977
        ],
        [
          55.15288788221971,
          106.90826727066818
        ],
        [
          51.868629671574176,
          108.26727066817666
        ],
        [
          57.9841449603624,
          110.19252548131371
        ],
        [
          62.287655719139295,
          112.68403171007927
        ],
        [
          65.00566251415628,
          115.62853907134767
        ],
        [
          66.47791619479048,
          119.02604756511892
        ],
        [
          66.47791619479048,
          120.95130237825595
        ],
        [
          66.25141562853906,
          122.08380520951302
        ],
        [
          47.7916194790487,
          121.85730464326161
        ],
        [
          47.67836919592299,
          119.36579841449604
        ],
        [
          62.74065685164213,
          119.25254813137033
        ],
        [
          60.92865232163081,
          116.53454133635334
        ],
        [
          57.9841449603624,
          113.70328425821064
        ],
        [
          53.34088335220838,
          111.89127972819932
        ],
        [
          49.3771234428086,
          109.96602491506229
        ],
        [
          46.4326160815402,
          109.73952434881087
        ],
        [
          41.676104190260475,
          109.85277463193658
        ],
        [
          41.44960362400906,
          106.56851642129105
        ],
        [
          48.018120045300115,
          106.79501698754247
        ],
        [
          52.09513023782559,
          105.32276330690827
        ],
        [
          55.605889014722536,
          103.62400906002264
        ],
        [
          59.79614949037373,
          101.81200453001132
        ],
        [
          62.174405436013586,
          99.43374858437146
        ],
        [
          63.19365798414496,
          97.62174405436014
        ],
        [
          63.53340883352208,
          96.82899207248018
        ],
        [
          63.53340883352208,
          96.37599093997736
        ],
        [
          47.11211778029445,
          96.60249150622876
        ]
      ],
      "group_id": null,
      "shape_type": "polygon",
      "flags": {}
    },
    {
      "label": "door",
      "points": [
        [
          225.8230452674897,
          111.31687242798353
        ],
        [
          251.95473251028804,
          111.1111111111111
        ],
        [
          252.3662551440329,
          114.09465020576131
        ],
        [
          251.74897119341563,
          118.00411522633745
        ],
        [
          248.97119341563786,
          120.88477366255144
        ],
        [
          244.44444444444443,
          124.69135802469135
        ],
        [
          240.12345679012344,
          126.74897119341563
        ],
        [
          234.36213991769546,
          129.01234567901233
        ],
        [
          228.9094650205761,
          130.1440329218107
        ],
        [
          225.72016460905348,
          130.65843621399176
        ],
        [
          224.48559670781893,
          130.76131687242798
        ],
        [
          224.89711934156378,
          128.60082304526748
        ],
        [
          228.60082304526748,
          128.18930041152262
        ],
        [
          233.53909465020575,
          126.95473251028805
        ],
        [
          237.6543209876543,
          124.89711934156378
        ],
        [
          241.2551440329218,
          122.94238683127571
        ],
        [
          244.44444444444443,
          121.09053497942386
        ],
        [
          247.53086419753086,
          118.10699588477365
        ],
        [
          248.6625514403292,
          115.84362139917695
        ],
        [
          248.97119341563786,
          114.09465020576131
        ],
        [
          248.45679012345678,
          113.47736625514402
        ],
        [
          225.1028806584362,
          113.88888888888889
        ]
      ],
      "group_id": null,
      "shape_type": "polygon",
      "flags": {}
    },
    {
      "label": "door",
      "points": [
        [
          237.2,
          198.0
        ],
        [
          234.6,
          198.0
        ],
        [
          234.7,
          183.4
        ],
        [
          237.0,
          183.2
        ],
        [
          242.9,
          183.3
        ],
        [
          248.3,
          184.5
        ],
        [
          255.5,
          186.5
        ],
        [
          260.8,
          188.9
        ],
        [
          266.1,
          191.9
        ],
        [
          269.9,
          196.0
        ],
        [
          270.9,
          198.1
        ],
        [
          267.5,
          198.2
        ],
        [
          264.1,
          194.5
        ],
        [
          261.9,
          192.5
        ],
        [
          258.3,
          191.0
        ],
        [
          255.1,
          189.6
        ],
        [
          251.0,
          188.2
        ],
        [
          247.9,
          187.2
        ],
        [
          244.3,
          186.7
        ],
        [
          240.4,
          186.5
        ],
        [
          237.3,
          186.5
        ],
        [
          236.9,
          196.9
        ]
      ],
      "group_id": null,
      "shape_type": "polygon",
      "flags": {}
    },
    {
      "label": "door",
      "points": [
        [
          280.4260985352863,
          220.63914780292944
        ],
        [
          253.39547270306258,
          220.3728362183755
        ],
        [
          252.72969374167778,
          224.1011984021305
        ],
        [
          254.8601864181092,
          228.36218375499334
        ],
        [
          257.25699067909454,
          231.29161118508657
        ],
        [
          260.7190412782956,
          234.35419440745673
        ],
        [
          263.78162450066577,
          236.3515312916112
        ],
        [
          268.44207723035953,
          238.48202396804263
        ],
        [
          272.3035952063915,
          239.94673768308922
        ],
        [
          276.2982689747004,
          240.61251664447403
        ],
        [
          279.89347536617845,
          241.27829560585886
        ],
        [
          280.0266311584554,
          238.48202396804263
        ],
        [
          275.8988015978695,
          237.54993342210386
        ],
        [
          270.7057256990679,
          236.21837549933423
        ],
        [
          266.0452729693742,
          233.82157123834887
        ],
        [
          262.3169107856192,
          231.1584553928096
        ],
        [
          258.85486018641814,
          228.22902796271637
        ],
        [
          256.9906790945406,
          225.43275632490014
        ],
        [
          256.5912117177097,
          222.6364846870839
        ],
        [
          280.69241011984025,
          223.3022636484687
        ]
      ],
      "group_id": null,
      "shape_type": "polygon",
      "flags": {}
    },
    {
      "label": "door",
      "points": [
        [
          225.965379494008,
          276.8308921438083
        ],
        [
          252.46338215712385,
          276.4314247669774
        ],
        [
          251.93075898801598,
          270.83888149134486
        ],
        [
          250.19973368841545,
          266.9773635153129
        ],
        [
          247.00399467376832,
          263.3821571238349
        ],
        [
          241.27829560585886,
          259.9201065246338
        ],
        [
          236.3515312916112,
          257.9227696404794
        ],
        [
          231.42476697736353,
          255.79227696404794
        ],
        [
          225.69906790945407,
          254.72703062583224
        ],
        [
          224.5006657789614,
          254.99334221038615
        ],
        [
          225.43275632490014,
          258.1890812250333
        ],
        [
          230.7589880159787,
          258.85486018641814
        ],
        [
          237.68308921438083,
          261.5179760319574
        ],
        [
          241.41145139813582,
          263.91478029294274
        ],
        [
          244.34087882822902,
          266.3115845539281
        ],
        [
          246.87083888149135,
          269.90679094540616
        ],
        [
          247.93608521970705,
          272.7030625832224
        ],
        [
          248.20239680426099,
          274.3009320905459
        ],
        [
          225.29960053262317,
          274.16777629826896
        ]
      ],
      "group_id": null,
      "shape_type": "polygon",
      "flags": {}
    },
    {
      "label": "door",
      "points": [
        [
          214.58885941644562,
          351.19363395225463
        ],
        [
          183.0238726790451,
          351.0610079575597
        ],
        [
          183.55437665782495,
          356.631299734748
        ],
        [
          186.07427055702917,
          360.47745358090185
        ],
        [
          189.6551724137931,
          364.85411140583557
        ],
        [
          192.83819628647214,
          367.50663129973475
        ],
        [
          197.87798408488064,
          370.2917771883289
        ],
        [
          204.50928381962865,
          372.14854111405833
        ],
        [
          212.20159151193633,
          373.60742705570294
        ],
        [
          214.45623342175065,
          374.13793103448273
        ],
        [
          215.25198938992042,
          371.8832891246684
        ],
        [
          211.40583554376659,
          370.82228116710877
        ],
        [
          206.631299734748,
          369.3633952254642
        ],
        [
          201.9893899204244,
          368.56763925729445
        ],
        [
          198.40848806366049,
          366.3129973474801
        ],
        [
          194.9602122015915,
          364.3236074270557
        ],
        [
          191.3793103448276,
          361.80371352785147
        ],
        [
          189.12466843501326,
          359.41644562334216
        ],
        [
          186.87002652519894,
          355.9681697612732
        ],
        [
          187.0026525198939,
          353.315649867374
        ],
        [
          214.45623342175065,
          353.84615384615387
        ]
      ],
      "group_id": null,
      "shape_type": "polygon",
      "flags": {}
    },
    {
      "label": "door",
      "points": [
        [
          290.9,
          324.1
        ],
        [
          318.9,
          324.2
        ],
        [
          318.8,
          321.6
        ],
        [
          316.2,
          316.0
        ],
        [
          312.4,
          312.0
        ],
        [
          307.2,
          308.6
        ],
        [
          302.7,
          306.3
        ],
        [
          297.7,
          305.0
        ],
        [
          293.0,
          304.3
        ],
        [
          289.5,
          304.2
        ],
        [
          289.5,
          306.2
        ],
        [
          292.9,
          306.6
        ],
        [
          296.9,
          307.7
        ],
        [
          300.2,
          308.9
        ],
        [
          304.8,
          310.5
        ],
        [
          308.1,
          312.9
        ],
        [
          311.1,
          315.8
        ],
        [
          313.4,
          317.9
        ],
        [
          314.8,
          321.7
        ],
        [
          314.8,
          322.4
        ],
        [
          290.2,
          322.3
        ]
      ],
      "group_id": null,
      "shape_type": "polygon",
      "flags": {}
    },
    {
      "label": "door",
      "points": [
        [
          291.4,
          338.7
        ],
        [
          318.7,
          338.5
        ],
        [
          318.4,
          342.9
        ],
        [
          315.7,
          347.1
        ],
        [
          312.8,
          350.7
        ],
        [
          308.1,
          353.8
        ],
        [
          304.6,
          355.9
        ],
        [
          300.3,
          357.4
        ],
        [
          295.8,
          358.7
        ],
        [
          291.3,
          359.6
        ],
        [
          290.0,
          359.7
        ],
        [
          290.2,
          356.9
        ],
        [
          293.3,
          356.7
        ],
        [
          298.6,
          355.2
        ],
        [
          303.4,
          353.3
        ],
        [
          307.5,
          351.3
        ],
        [
          310.9,
          348.4
        ],
        [
          313.1,
          346.0
        ],
        [
          314.6,
          343.3
        ],
        [
          314.7,
          341.2
        ],
        [
          291.6,
          341.2
        ]
      ],
      "group_id": null,
      "shape_type": "polygon",
      "flags": {}
    },
    {
      "label": "door",
      "points": [
        [
          480.5,
          324.3
        ],
        [
          480.4,
          309.5
        ],
        [
          476.6,
          309.5
        ],
        [
          471.1,
          309.9
        ],
        [
          466.1,
          310.7
        ],
        [
          460.8,
          312.2
        ],
        [
          456.4,
          314.0
        ],
        [
          453.4,
          315.5
        ],
        [
          450.4,
          317.5
        ],
        [
          447.0,
          320.1
        ],
        [
          444.4,
          324.1
        ],
        [
          447.4,
          324.5
        ],
        [
          449.4,
          322.3
        ],
        [
          452.1,
          320.1
        ],
        [
          454.1,
          318.6
        ],
        [
          458.0,
          316.9
        ],
        [
          461.9,
          315.3
        ],
        [
          466.4,
          313.9
        ],
        [
          471.3,
          312.7
        ],
        [
          476.2,
          312.4
        ],
        [
          477.4,
          312.5
        ],
        [
          477.6,
          324.6
        ]
      ],
      "group_id": null,
      "shape_type": "polygon",
      "flags": {}
    }
  ],
  "imagePath": "45591070.jpg",
  "imageData": null,
  "imageHeight": 513,
  "imageWidth": 513
}