{
  "version": "4.5.9",
  "flags": {},
  "shapes": [
    {
      "label": "door",
      "points": [
        [
          218.3118741058655,
          195.42203147353362
        ],
        [
          218.45493562231758,
          181.40200286123033
        ],
        [
          215.16452074391987,
          181.11587982832617
        ],
        [
          209.15593705293276,
          181.25894134477824
        ],
        [
          202.28898426323317,
          182.689556509299
        ],
        [
          197.99713876967095,
          184.8354792560801
        ],
        [
          192.98998569384835,
          187.55364806866953
        ],
        [
          189.8426323319027,
          189.69957081545064
        ],
        [
          187.83977110157366,
          192.1316165951359
        ],
        [
          186.98140200286122,
          195.13590844062946
        ],
        [
          189.41344778254648,
          195.13590844062946
        ],
        [
          190.5579399141631,
          193.70529327610873
        ],
        [
          193.41917024320458,
          191.27324749642347
        ],
        [
          196.99570815450645,
          189.12732474964233
        ],
        [
          200.42918454935622,
          187.41058655221744
        ],
        [
          204.29184549356222,
          185.83690987124464
        ],
        [
          209.29899856938482,
          185.12160228898426
        ],
        [
          213.16165951359085,
          184.54935622317595
        ],
        [
          215.16452074391987,
          184.69241773962804
        ],
        [
          215.30758226037196,
          195.42203147353362
        ]
      ],
      "group_id": null,
      "shape_type": "polygon",
      "flags": {}
    },
    {
      "label": "door",
      "points": [
        [
          319.7070572569907,
          195.33954727030627
        ],
        [
          319.8402130492677,
          181.22503328894808
        ],
        [
          315.9786950732357,
          180.82556591211718
        ],
        [
          310.11984021304926,
          181.49134487350202
        ],
        [
          305.99201065246336,
          182.29027962716378
        ],
        [
          300.3994673768309,
          183.88814913448735
        ],
        [
          296.53794940079894,
          185.35286284953395
        ],
        [
          291.7443408788282,
          188.28229027962718
        ],
        [
          288.948069241012,
          190.6790945406125
        ],
        [
          286.55126498002664,
          193.7416777629827
        ],
        [
          286.15179760319575,
          195.47270306258324
        ],
        [
          289.7470039946738,
          195.47270306258324
        ],
        [
          291.2117177097204,
          193.3422103861518
        ],
        [
          293.87483355525967,
          191.0785619174434
        ],
        [
          296.6711051930759,
          189.2143808255659
        ],
        [
          300.53262316910786,
          187.3501997336884
        ],
        [
          304.9267643142477,
          185.8854860186418
        ],
        [
          309.3209054593875,
          184.68708388814915
        ],
        [
          312.7829560585886,
          184.28761651131825
        ],
        [
          316.77762982689745,
          184.02130492676432
        ],
        [
          316.6444740346205,
          195.47270306258324
        ]
      ],
      "group_id": null,
      "shape_type": "polygon",
      "flags": {}
    },
    {
      "label": "door",
      "points": [
        [
          240.1,
          229.2
        ],
        [
          215.6,
          229.3
        ],
        [
          215.5,
          232.9
        ],
        [
          217.1,
          235.8
        ],
        [
          219.4,
          239.4
        ],
        [
          222.9,
          241.9
        ],
        [
          227.6,
          244.5
        ],
        [
          233.1,
          246.4
        ],
        [
          238.3,
          247.5
        ],
        [
          240.6,
          247.6
        ],
        [
          240.5,
          245.8
        ],
        [
          238.2,
          245.4
        ],
        [
          233.9,
          244.1
        ],
        [
          229.8,
          243.0
        ],
        [
          225.8,
          240.4
        ],
        [
          222.6,
          237.1
        ],
        [
          220.2,
          234.4
        ],
        [
          218.9,
          231.5
        ],
        [
          240.0,
          231.5
        ]
      ],
      "group_id": null,
      "shape_type": "polygon",
      "flags": {}
    },
    {
      "label": "door",
      "points": [
        [
          307.9,
          311.3
        ],
        [
          283.1,
          311.2
        ],
        [
          283.4,
          315.4
        ],
        [
          285.2,
          319.6
        ],
        [
          288.0,
          322.6
        ],
        [
          291.7,
          325.5
        ],
        [
          295.6,
          327.8
        ],
        [
          300.9,
          329.4
        ],
        [
          306.3,
          330.2
        ],
        [
          308.2,
          330.2
        ],
        [
          308.4,
          328.1
        ],
        [
          305.1,
          327.7
        ],
        [
          301.7,
          326.9
        ],
        [
          298.0,
          325.5
        ],
        [
          295.0,
          324.2
        ],
        [
          292.6,
          322.5
        ],
        [
          290.3,
          320.1
        ],
        [
          287.8,
          317.3
        ],
        [
          286.8,
          314.9
        ],
        [
          286.8,
          313.7
        ],
        [
          307.9,
          313.9
        ]
      ],
      "group_id": null,
      "shape_type": "polygon",
      "flags": {}
    },
    {
      "label": "door",
      "points": [
        [
          377.62326169405816,
          338.4323640960809
        ],
        [
          380.15170670037924,
          338.55878634639697
        ],
        [
          380.15170670037924,
          351.8331226295828
        ],
        [
          377.87610619469024,
          351.95954487989883
        ],
        [
          374.0834386852086,
          351.8331226295828
        ],
        [
          369.5322376738306,
          351.3274336283186
        ],
        [
          364.9810366624526,
          350.3160556257901
        ],
        [
          360.30341340075853,
          348.92541087231353
        ],
        [
          355.75221238938053,
          346.9026548672566
        ],
        [
          352.5916561314791,
          344.87989886219975
        ],
        [
          349.8103666245259,
          341.8457648546144
        ],
        [
          348.0404551201011,
          338.4323640960809
        ],
        [
          351.8331226295828,
          338.55878634639697
        ],
        [
          353.0973451327433,
          340.2022756005057
        ],
        [
          355.4993678887484,
          342.22503160556255
        ],
        [
          358.9127686472819,
          344.50063211125155
        ],
        [
          362.7054361567636,
          346.3969658659924
        ],
        [
          366.87737041719345,
          347.78761061946904
        ],
        [
          369.91150442477874,
          348.54614412136533
        ],
        [
          374.0834386852086,
          348.92541087231353
        ],
        [
          376.9911504424779,
          349.0518331226296
        ],
        [
          377.62326169405816,
          349.0518331226296
        ]
      ],
      "group_id": null,
      "shape_type": "polygon",
      "flags": {}
    },
    {
      "label": "door",
      "points": [
        [
          378.13186813186815,
          279.6703296703297
        ],
        [
          380.1098901098901,
          281.64835164835165
        ],
        [
          365.16483516483515,
          289.7802197802198
        ],
        [
          361.75824175824175,
          289.7802197802198
        ],
        [
          359.2307692307692,
          288.24175824175825
        ],
        [
          356.3736263736264,
          284.61538461538464
        ],
        [
          353.95604395604397,
          281.86813186813185
        ],
        [
          352.8571428571429,
          278.6813186813187
        ],
        [
          352.5274725274725,
          274.94505494505495
        ],
        [
          353.1868131868132,
          271.31868131868134
        ],
        [
          355.05494505494505,
          268.35164835164835
        ],
        [
          357.4725274725275,
          266.4835164835165
        ],
        [
          359.4505494505495,
          268.6813186813187
        ],
        [
          357.4725274725275,
          270.1098901098901
        ],
        [
          356.7032967032967,
          272.5274725274725
        ],
        [
          356.1538461538462,
          276.1538461538462
        ],
        [
          357.14285714285717,
          279.4505494505495
        ],
        [
          359.1208791208791,
          283.1868131868132
        ],
        [
          362.0879120879121,
          287.03296703296706
        ],
        [
          364.50549450549454,
          286.92307692307696
        ]
      ],
      "group_id": null,
      "shape_type": "polygon",
      "flags": {}
    },
    {
      "label": "door",
      "points": [
        [
          398.2857142857143,
          313.7142857142857
        ],
        [
          376.9142857142857,
          313.6
        ],
        [
          377.6,
          310.62857142857143
        ],
        [
          379.54285714285714,
          306.9714285714286
        ],
        [
          381.8285714285714,
          304.0
        ],
        [
          384.45714285714286,
          302.51428571428573
        ],
        [
          388.9142857142857,
          300.6857142857143
        ],
        [
          391.77142857142854,
          299.3142857142857
        ],
        [
          395.8857142857143,
          298.51428571428573
        ],
        [
          398.62857142857143,
          298.4
        ],
        [
          398.74285714285713,
          301.0285714285714
        ],
        [
          394.9714285714286,
          301.14285714285717
        ],
        [
          392.1142857142857,
          301.8285714285714
        ],
        [
          387.77142857142854,
          304.1142857142857
        ],
        [
          384.8,
          305.7142857142857
        ],
        [
          382.74285714285713,
          307.42857142857144
        ],
        [
          381.37142857142857,
          309.48571428571427
        ],
        [
          381.0285714285714,
          311.54285714285714
        ],
        [
          398.1714285714286,
          311.3142857142857
        ]
      ],
      "group_id": null,
      "shape_type": "polygon",
      "flags": {}
    },
    {
      "label": "door",
      "points": [
        [
          398.51428571428573,
          319.54285714285714
        ],
        [
          379.3142857142857,
          319.54285714285714
        ],
        [
          379.3142857142857,
          322.1714285714286
        ],
        [
          380.0,
          324.1142857142857
        ],
        [
          380.9142857142857,
          325.6
        ],
        [
          383.54285714285714,
          327.8857142857143
        ],
        [
          386.2857142857143,
          329.6
        ],
        [
          391.2,
          331.8857142857143
        ],
        [
          396.9142857142857,
          332.9142857142857
        ],
        [
          397.0285714285714,
          330.85714285714283
        ],
        [
          395.0857142857143,
          330.85714285714283
        ],
        [
          393.14285714285717,
          330.2857142857143
        ],
        [
          390.4,
          329.14285714285717
        ],
        [
          387.0857142857143,
          327.3142857142857
        ],
        [
          384.57142857142856,
          325.6
        ],
        [
          383.2,
          323.0857142857143
        ],
        [
          383.0857142857143,
          321.25714285714287
        ],
        [
          398.51428571428573,
          321.6
        ]
      ],
      "group_id": null,
      "shape_type": "polygon",
      "flags": {}
    },
    {
      "label": "door",
      "points": [
        [
          236.4,
          96.3
        ],
        [
          259.1,
          95.9
        ],
        [
          258.5,
          98.7
        ],
        [
          256.8,
          103.1
        ],
        [
          254.3,
          106.1
        ],
        [
          251.2,
          108.9
        ],
        [
          247.5,
          111.3
        ],
        [
          243.0,
          113.1
        ],
        [
          239.5,
          114.2
        ],
        [
          236.0,
          114.3
        ],
        [
          236.4,
          112.1
        ],
        [
          239.1,
          111.8
        ],
        [
          241.6,
          110.9
        ],
        [
          245.7,
          108.8
        ],
        [
          248.9,
          106.8
        ],
        [
          251.9,
          104.2
        ],
        [
          253.6,
          101.7
        ],
        [
          254.6,
          99.7
        ],
        [
          254.1,
          99.2
        ],
        [
          235.8,
          99.2
        ]
      ],
      "group_id": null,
      "shape_type": "polygon",
      "flags": {}
    },
    {
      "label": "door",
      "points": [
        [
          128.8416075650118,
          180.37825059101652
        ],
        [
          125.65011820330967,
          180.26004728132386
        ],
        [
          125.53191489361701,
          168.32151300236404
        ],
        [
          131.7966903073286,
          168.20330969267138
        ],
        [
          137.23404255319147,
          168.9125295508274
        ],
        [
          143.97163120567373,
          171.27659574468083
        ],
        [
          149.1725768321513,
          173.99527186761227
        ],
        [
          151.06382978723403,
          177.65957446808508
        ],
        [
          154.13711583924348,
          173.75886524822693
        ],
        [
          159.4562647754137,
          171.27659574468083
        ],
        [
          164.65721040189123,
          169.3853427895981
        ],
        [
          169.2671394799054,
          168.43971631205673
        ],
        [
          173.52245862884158,
          168.0851063829787
        ],
        [
          176.83215130023638,
          168.0851063829787
        ],
        [
          177.65957446808508,
          168.0851063829787
        ],
        [
          177.77777777777777,
          180.14184397163118
        ],
        [
          174.46808510638297,
          180.02364066193851
        ],
        [
          173.99527186761227,
          171.04018912529548
        ],
        [
          171.3947990543735,
          170.68557919621747
        ],
        [
          166.66666666666666,
          171.74940898345153
        ],
        [
          163.5933806146572,
          172.45862884160755
        ],
        [
          161.58392434988178,
          173.52245862884158
        ],
        [
          158.51063829787233,
          175.29550827423165
        ],
        [
          155.91016548463355,
          178.13238770685578
        ],
        [
          154.13711583924348,
          180.96926713947988
        ],
        [
          153.30969267139477,
          182.86052009456262
        ],
        [
          152.95508274231676,
          183.806146572104
        ],
        [
          149.5271867612293,
          183.92434988179667
        ],
        [
          149.0543735224586,
          180.61465721040187
        ],
        [
          146.80851063829786,
          177.06855791962172
        ],
        [
          143.49881796690306,
          174.82269503546098
        ],
        [
          139.47990543735224,
          172.45862884160755
        ],
        [
          134.51536643026003,
          170.92198581560282
        ],
        [
          131.08747044917257,
          170.80378250591014
        ],
        [
          128.4869976359338,
          170.80378250591014
        ]
      ],
      "group_id": null,
      "shape_type": "polygon",
      "flags": {}
    },
    {
      "label": "door",
      "points": [
        [
          169.81891348088533,
          215.19114688128775
        ],
        [
          172.3340040241449,
          215.19114688128775
        ],
        [
          172.2334004024145,
          227.56539235412475
        ],
        [
          168.91348088531188,
          227.56539235412475
        ],
        [
          163.78269617706238,
          227.26358148893362
        ],
        [
          159.75855130784709,
          226.6599597585513
        ],
        [
          156.43863179074447,
          225.0503018108652
        ],
        [
          153.0181086519115,
          223.44064386317908
        ],
        [
          150.60362173038232,
          221.52917505030183
        ],
        [
          148.59154929577466,
          218.8128772635815
        ],
        [
          148.08853118712275,
          218.41046277665998
        ],
        [
          145.9758551307847,
          220.92555331991952
        ],
        [
          143.15895372233402,
          222.7364185110664
        ],
        [
          139.2354124748491,
          224.34607645875252
        ],
        [
          134.6076458752515,
          225.85513078470825
        ],
        [
          129.87927565392354,
          227.36418511066398
        ],
        [
          124.4466800804829,
          227.36418511066398
        ],
        [
          123.03822937625755,
          227.16297786720324
        ],
        [
          123.23943661971832,
          215.2917505030181
        ],
        [
          125.0503018108652,
          215.2917505030181
        ],
        [
          125.15090543259558,
          224.74849094567406
        ],
        [
          127.66599597585514,
          224.74849094567406
        ],
        [
          132.09255533199195,
          224.24547283702213
        ],
        [
          135.51307847082495,
          223.3400402414487
        ],
        [
          138.73239436619718,
          222.13279678068412
        ],
        [
          140.84507042253523,
          220.92555331991952
        ],
        [
          142.5553319919517,
          219.51710261569417
        ],
        [
          144.66800804828975,
          217.30382293762577
        ],
        [
          145.5734406438632,
          215.49295774647888
        ],
        [
          146.47887323943664,
          213.1790744466801
        ],
        [
          146.98189134808854,
          212.5754527162978
        ],
        [
          149.8993963782696,
          212.47484909456742
        ],
        [
          150.0,
          215.09054325955736
        ],
        [
          151.307847082495,
          217.80684104627767
        ],
        [
          153.82293762575455,
          219.71830985915494
        ],
        [
          156.9416498993964,
          221.62977867203222
        ],
        [
          159.6579476861167,
          223.54124748490946
        ],
        [
          163.5814889336016,
          224.14486921529175
        ],
        [
          167.70623742454728,
          224.4466800804829
        ],
        [
          169.01408450704227,
          224.4466800804829
        ]
      ],
      "group_id": null,
      "shape_type": "polygon",
      "flags": {}
    },
    {
      "label": "door",
      "points": [
        [
          73.7,
          227.4
        ],
        [
          77.8,
          227.6
        ],
        [
          82.3,
          227.0
        ],
        [
          87.9,
          225.9
        ],
        [
          92.4,
          223.7
        ],
        [
          96.7,
          221.0
        ],
        [
          98.8,
          218.7
        ],
        [
          101.1,
          221.1
        ],
        [
          104.4,
          223.3
        ],
        [
          107.8,
          225.0
        ],
        [
          112.1,
          226.3
        ],
        [
          116.2,
          226.9
        ],
        [
          120.2,
          227.2
        ],
        [
          122.8,
          227.6
        ],
        [
          123.1,
          215.4
        ],
        [
          120.9,
          215.4
        ],
        [
          121.0,
          224.3
        ],
        [
          118.1,
          223.8
        ],
        [
          114.9,
          223.5
        ],
        [
          110.6,
          223.0
        ],
        [
          108.6,
          221.9
        ],
        [
          104.6,
          219.5
        ],
        [
          102.1,
          217.1
        ],
        [
          101.0,
          215.0
        ],
        [
          100.3,
          211.9
        ],
        [
          98.1,
          211.9
        ],
        [
          97.5,
          214.4
        ],
        [
          97.0,
          216.0
        ],
        [
          94.0,
          218.5
        ],
        [
          91.1,
          221.0
        ],
        [
          87.2,
          222.8
        ],
        [
          83.3,
          224.3
        ],
        [
          79.5,
          224.4
        ],
        [
          75.7,
          224.4
        ],
        [
          73.4,
          224.4
        ]
      ],
      "group_id": null,
      "shape_type": "polygon",
      "flags": {}
    },
    {
      "label": "door",
      "points": [
        [
          75.9,
          180.4
        ],
        [
          73.7,
          180.4
        ],
        [
          73.7,
          168.4
        ],
        [
          76.3,
          168.3
        ],
        [
          79.6,
          168.1
        ],
        [
          83.5,
          168.5
        ],
        [
          86.8,
          169.5
        ],
        [
          89.9,
          170.9
        ],
        [
          93.9,
          173.0
        ],
        [
          97.0,
          175.2
        ],
        [
          99.0,
          177.8
        ],
        [
          101.0,
          175.3
        ],
        [
          104.2,
          173.1
        ],
        [
          108.0,
          171.0
        ],
        [
          112.2,
          169.4
        ],
        [
          117.5,
          168.5
        ],
        [
          122.1,
          168.1
        ],
        [
          124.5,
          168.3
        ],
        [
          125.0,
          168.4
        ],
        [
          124.8,
          180.2
        ],
        [
          121.1,
          180.3
        ],
        [
          121.1,
          170.4
        ],
        [
          117.7,
          170.9
        ],
        [
          112.6,
          172.3
        ],
        [
          109.0,
          174.3
        ],
        [
          105.4,
          176.2
        ],
        [
          103.0,
          178.3
        ],
        [
          101.3,
          180.3
        ],
        [
          101.0,
          182.7
        ],
        [
          101.0,
          183.3
        ],
        [
          97.2,
          183.3
        ],
        [
          97.3,
          180.0
        ],
        [
          95.5,
          178.0
        ],
        [
          92.5,
          175.8
        ],
        [
          88.9,
          174.0
        ],
        [
          85.7,
          172.2
        ],
        [
          81.9,
          171.1
        ],
        [
          77.2,
          170.9
        ],
        [
          76.0,
          171.0
        ]
      ],
      "group_id": null,
      "shape_type": "polygon",
      "flags": {}
    }
  ],
  "imagePath": "45665893.jpg",
  "imageData": null,
  "imageHeight": 513,
  "imageWidth": 513
}