{
  "version": "4.5.9",
  "flags": {},
  "shapes": [
    {
      "label": "door",
      "points": [
        [
          185.0,
          166.3
        ],
        [
          185.0,
          150.1
        ],
        [
          188.1,
          150.1
        ],
        [
          191.1,
          150.0
        ],
        [
          194.7,
          150.8
        ],
        [
          198.4,
          152.2
        ],
        [
          202.3,
          153.6
        ],
        [
          206.3,
          156.4
        ],
        [
          209.6,
          159.7
        ],
        [
          210.7,
          162.4
        ],
        [
          211.5,
          165.2
        ],
        [
          211.7,
          166.1
        ],
        [
          208.4,
          165.9
        ],
        [
          208.4,
          164.2
        ],
        [
          207.3,
          161.7
        ],
        [
          204.7,
          159.0
        ],
        [
          202.2,
          157.1
        ],
        [
          197.7,
          155.2
        ],
        [
          194.8,
          153.7
        ],
        [
          191.7,
          153.2
        ],
        [
          188.9,
          152.9
        ],
        [
          189.2,
          166.5
        ],
        [
          186.2,
          166.4
        ]
      ],
      "group_id": null,
      "shape_type": "polygon",
      "flags": {}
    },
    {
      "label": "door",
      "points": [
        [
          201.1,
          295.9
        ],
        [
          201.1,
          280.8
        ],
        [
          204.3,
          280.4
        ],
        [
          208.4,
          280.6
        ],
        [
          212.6,
          281.4
        ],
        [
          216.7,
          283.0
        ],
        [
          220.3,
          284.9
        ],
        [
          223.1,
          287.2
        ],
        [
          226.1,
          290.3
        ],
        [
          227.6,
          292.8
        ],
        [
          227.6,
          295.9
        ],
        [
          225.0,
          296.0
        ],
        [
          224.5,
          293.5
        ],
        [
          222.7,
          290.5
        ],
        [
          219.7,
          288.2
        ],
        [
          216.4,
          285.6
        ],
        [
          213.0,
          284.4
        ],
        [
          209.2,
          283.6
        ],
        [
          206.5,
          283.0
        ],
        [
          204.6,
          283.0
        ],
        [
          204.9,
          296.0
        ],
        [
          202.3,
          296.0
        ]
      ],
      "group_id": null,
      "shape_type": "polygon",
      "flags": {}
    },
    {
      "label": "door",
      "points": [
        [
          237.6,
          205.9
        ],
        [
          237.19115734720415,
          221.4564369310793
        ],
        [
          239.40182054616383,
          221.71651495448634
        ],
        [
          243.43302990897269,
          221.5864759427828
        ],
        [
          246.81404421326397,
          220.93628088426527
        ],
        [
          250.32509752925876,
          220.1560468140442
        ],
        [
          253.70611183355004,
          218.59557867360206
        ],
        [
          256.9570871261378,
          216.12483745123535
        ],
        [
          259.68790637191154,
          213.78413524057217
        ],
        [
          261.1183355006502,
          211.18335500650193
        ],
        [
          261.76853055916774,
          208.84265279583875
        ],
        [
          261.89856957087125,
          206.24187256176853
        ],
        [
          259.9479843953186,
          206.24187256176853
        ],
        [
          259.68790637191154,
          208.4525357607282
        ],
        [
          258.51755526657996,
          210.92327698309492
        ],
        [
          255.5266579973992,
          214.1742522756827
        ],
        [
          251.62548764629386,
          216.12483745123535
        ],
        [
          248.5045513654096,
          217.6853055916775
        ],
        [
          244.99349804941482,
          218.46553966189856
        ],
        [
          242.5227568270481,
          218.9856957087126
        ],
        [
          240.1820546163849,
          219.1157347204161
        ],
        [
          240.70221066319894,
          205.9817945383615
        ]
      ],
      "group_id": null,
      "shape_type": "polygon",
      "flags": {}
    },
    {
      "label": "door",
      "points": [
        [
          336.89903846153845,
          207.09134615384616
        ],
        [
          337.13942307692304,
          222.71634615384616
        ],
        [
          340.26442307692304,
          222.95673076923077
        ],
        [
          344.95192307692304,
          222.59615384615384
        ],
        [
          351.8028846153846,
          220.6730769230769
        ],
        [
          356.6105769230769,
          218.02884615384616
        ],
        [
          359.375,
          215.7451923076923
        ],
        [
          361.77884615384613,
          213.22115384615384
        ],
        [
          362.3798076923077,
          210.9375
        ],
        [
          362.8605769230769,
          213.22115384615384
        ],
        [
          365.26442307692304,
          216.10576923076923
        ],
        [
          368.8701923076923,
          219.1105769230769
        ],
        [
          373.3173076923077,
          221.03365384615384
        ],
        [
          377.6442307692308,
          222.35576923076923
        ],
        [
          382.21153846153845,
          222.71634615384616
        ],
        [
          385.57692307692304,
          222.71634615384616
        ],
        [
          387.6201923076923,
          222.71634615384616
        ],
        [
          387.6201923076923,
          206.4903846153846
        ],
        [
          383.65384615384613,
          206.4903846153846
        ],
        [
          383.5336538461538,
          219.95192307692307
        ],
        [
          381.1298076923077,
          219.71153846153845
        ],
        [
          378.2451923076923,
          219.23076923076923
        ],
        [
          375.60096153846155,
          218.26923076923077
        ],
        [
          372.2355769230769,
          216.9471153846154
        ],
        [
          369.59134615384613,
          215.625
        ],
        [
          367.1875,
          213.34134615384616
        ],
        [
          365.5048076923077,
          210.9375
        ],
        [
          364.1826923076923,
          208.65384615384616
        ],
        [
          364.1826923076923,
          205.64903846153845
        ],
        [
          360.69711538461536,
          205.40865384615384
        ],
        [
          359.97596153846155,
          208.65384615384616
        ],
        [
          358.77403846153845,
          211.77884615384616
        ],
        [
          356.25,
          214.54326923076923
        ],
        [
          353.6057692307692,
          216.34615384615384
        ],
        [
          349.75961538461536,
          217.90865384615384
        ],
        [
          347.1153846153846,
          218.75
        ],
        [
          343.38942307692304,
          219.23076923076923
        ],
        [
          340.5048076923077,
          219.71153846153845
        ],
        [
          340.8653846153846,
          206.97115384615384
        ]
      ],
      "group_id": null,
      "shape_type": "polygon",
      "flags": {}
    },
    {
      "label": "door",
      "points": [
        [
          335.6626506024096,
          166.38554216867468
        ],
        [
          335.3012048192771,
          150.0
        ],
        [
          339.6385542168674,
          149.87951807228913
        ],
        [
          344.69879518072287,
          150.12048192771084
        ],
        [
          349.2771084337349,
          151.80722891566265
        ],
        [
          353.9759036144578,
          154.45783132530119
        ],
        [
          358.433734939759,
          157.10843373493975
        ],
        [
          361.0843373493976,
          160.72289156626505
        ],
        [
          361.8072289156626,
          161.2048192771084
        ],
        [
          363.37349397590356,
          159.5180722891566
        ],
        [
          364.69879518072287,
          157.10843373493975
        ],
        [
          368.0722891566265,
          155.06024096385542
        ],
        [
          371.32530120481925,
          153.1325301204819
        ],
        [
          376.2650602409638,
          151.4457831325301
        ],
        [
          380.72289156626505,
          150.48192771084337
        ],
        [
          385.4216867469879,
          149.87951807228913
        ],
        [
          386.9879518072289,
          150.12048192771084
        ],
        [
          387.10843373493975,
          166.26506024096383
        ],
        [
          383.37349397590356,
          166.50602409638552
        ],
        [
          382.8915662650602,
          153.01204819277106
        ],
        [
          379.2771084337349,
          153.3734939759036
        ],
        [
          375.18072289156623,
          154.93975903614455
        ],
        [
          371.32530120481925,
          157.2289156626506
        ],
        [
          367.71084337349396,
          159.87951807228913
        ],
        [
          364.578313253012,
          163.1325301204819
        ],
        [
          363.37349397590356,
          165.5421686746988
        ],
        [
          364.09638554216866,
          169.15662650602408
        ],
        [
          359.5180722891566,
          169.39759036144576
        ],
        [
          359.39759036144574,
          164.69879518072287
        ],
        [
          357.10843373493975,
          161.32530120481925
        ],
        [
          355.18072289156623,
          158.55421686746988
        ],
        [
          350.8433734939759,
          155.9036144578313
        ],
        [
          347.2289156626506,
          154.57831325301203
        ],
        [
          343.6144578313253,
          153.3734939759036
        ],
        [
          340.2409638554217,
          152.77108433734938
        ],
        [
          340.2409638554217,
          166.50602409638552
        ]
      ],
      "group_id": null,
      "shape_type": "polygon",
      "flags": {}
    },
    {
      "label": "door",
      "points": [
        [
          491.13573407202216,
          177.5623268698061
        ],
        [
          467.1745152354571,
          177.2853185595568
        ],
        [
          467.31301939058176,
          181.71745152354572
        ],
        [
          468.69806094182826,
          185.87257617728534
        ],
        [
          470.9141274238227,
          188.6426592797784
        ],
        [
          473.96121883656514,
          191.55124653739614
        ],
        [
          477.2853185595568,
          192.93628808864267
        ],
        [
          481.5789473684211,
          194.45983379501385
        ],
        [
          484.7645429362881,
          194.87534626038783
        ],
        [
          487.3961218836565,
          195.01385041551248
        ],
        [
          490.4432132963989,
          195.42936288088643
        ],
        [
          490.30470914127426,
          192.52077562326872
        ],
        [
          487.1191135734072,
          192.2437673130194
        ],
        [
          484.07202216066486,
          191.6897506925208
        ],
        [
          481.1634349030471,
          190.85872576177286
        ],
        [
          478.67036011080336,
          189.61218836565098
        ],
        [
          476.1772853185596,
          188.22714681440445
        ],
        [
          472.8531855955679,
          185.73407202216066
        ],
        [
          471.606648199446,
          183.5180055401662
        ],
        [
          470.7756232686981,
          180.47091412742384
        ],
        [
          491.27423822714684,
          180.47091412742384
        ]
      ],
      "group_id": null,
      "shape_type": "polygon",
      "flags": {}
    },
    {
      "label": "door",
      "points": [
        [
          436.9,
          292.9
        ],
        [
          459.7,
          292.8
        ],
        [
          459.7,
          288.1
        ],
        [
          457.9,
          283.7
        ],
        [
          454.0,
          281.0
        ],
        [
          450.0,
          278.9
        ],
        [
          446.8,
          277.3
        ],
        [
          441.8,
          276.5
        ],
        [
          437.5,
          276.3
        ],
        [
          437.7,
          278.6
        ],
        [
          441.5,
          278.6
        ],
        [
          445.1,
          279.3
        ],
        [
          447.6,
          280.7
        ],
        [
          450.6,
          282.4
        ],
        [
          453.4,
          284.2
        ],
        [
          455.3,
          286.0
        ],
        [
          456.3,
          289.2
        ],
        [
          436.8,
          289.1
        ]
      ],
      "group_id": null,
      "shape_type": "polygon",
      "flags": {}
    },
    {
      "label": "door",
      "points": [
        [
          289.3368010403121,
          289.85695708712615
        ],
        [
          292.84785435630687,
          290.11703511053315
        ],
        [
          306.76202860858257,
          279.71391417425224
        ],
        [
          304.8114434330299,
          276.853055916775
        ],
        [
          302.08062418725615,
          275.4226267880364
        ],
        [
          298.82964889466837,
          274.9024707412224
        ],
        [
          297.1391417425227,
          274.9024707412224
        ],
        [
          297.1391417425227,
          276.9830949284785
        ],
        [
          299.73992197659294,
          277.5032509752926
        ],
        [
          301.56046814044214,
          278.28348504551366
        ],
        [
          301.95058517555265,
          279.0637191157347
        ]
      ],
      "group_id": null,
      "shape_type": "polygon",
      "flags": {}
    },
    {
      "label": "door",
      "points": [
        [
          42.0,
          406.8
        ],
        [
          45.8,
          407.0
        ],
        [
          55.4,
          399.9
        ],
        [
          53.3,
          397.4
        ],
        [
          51.5,
          396.3
        ],
        [
          48.4,
          395.3
        ],
        [
          45.6,
          395.1
        ],
        [
          44.7,
          397.5
        ],
        [
          46.9,
          398.2
        ],
        [
          49.4,
          398.5
        ],
        [
          50.8,
          399.1
        ]
      ],
      "group_id": null,
      "shape_type": "polygon",
      "flags": {}
    }
  ],
  "imagePath": "45708481.jpg",
  "imageData": null,
  "imageHeight": 513,
  "imageWidth": 513
}