{
  "version": "4.5.9",
  "flags": {},
  "shapes": [
    {
      "label": "door",
      "points": [
        [
          151.4,
          310.6
        ],
        [
          151.4,
          296.2
        ],
        [
          154.7,
          296.2
        ],
        [
          158.3,
          297.1
        ],
        [
          160.4,
          299.2
        ],
        [
          162.3,
          301.4
        ],
        [
          163.4,
          303.9
        ],
        [
          164.6,
          307.8
        ],
        [
          164.8,
          310.1
        ],
        [
          162.7,
          309.9
        ],
        [
          161.8,
          306.8
        ],
        [
          160.7,
          303.9
        ],
        [
          158.3,
          301.4
        ],
        [
          155.7,
          299.9
        ],
        [
          153.4,
          299.6
        ],
        [
          153.5,
          311.3
        ]
      ],
      "group_id": null,
      "shape_type": "polygon",
      "flags": {}
    },
    {
      "label": "door",
      "points": [
        [
          169.7,
          317.8
        ],
        [
          159.4,
          317.7
        ],
        [
          159.4,
          323.0
        ],
        [
          160.4,
          327.1
        ],
        [
          163.3,
          332.7
        ],
        [
          166.7,
          335.9
        ],
        [
          169.6,
          336.4
        ],
        [
          169.7,
          334.2
        ],
        [
          168.3,
          332.4
        ],
        [
          165.7,
          330.1
        ],
        [
          163.8,
          327.7
        ],
        [
          162.6,
          325.2
        ],
        [
          162.3,
          321.7
        ],
        [
          162.2,
          320.9
        ],
        [
          172.8,
          320.7
        ],
        [
          173.0,
          318.3
        ]
      ],
      "group_id": null,
      "shape_type": "polygon",
      "flags": {}
    },
    {
      "label": "door",
      "points": [
        [
          143.9,
          363.5
        ],
        [
          156.4,
          363.1
        ],
        [
          156.4,
          358.7
        ],
        [
          155.1,
          354.3
        ],
        [
          153.1,
          350.5
        ],
        [
          151.1,
          347.7
        ],
        [
          147.8,
          345.2
        ],
        [
          145.2,
          344.6
        ],
        [
          144.7,
          346.2
        ],
        [
          146.2,
          346.7
        ],
        [
          147.8,
          347.7
        ],
        [
          149.1,
          349.5
        ],
        [
          151.3,
          352.3
        ],
        [
          152.3,
          355.1
        ],
        [
          153.2,
          357.5
        ],
        [
          153.5,
          360.6
        ],
        [
          144.1,
          361.2
        ]
      ],
      "group_id": null,
      "shape_type": "polygon",
      "flags": {}
    },
    {
      "label": "door",
      "points": [
        [
          357.44444444444446,
          312.1111111111111
        ],
        [
          368.6666666666667,
          312.1111111111111
        ],
        [
          368.6666666666667,
          308.8888888888889
        ],
        [
          368.22222222222223,
          304.8888888888889
        ],
        [
          366.1111111111111,
          300.77777777777777
        ],
        [
          364.22222222222223,
          297.6666666666667
        ],
        [
          362.3333333333333,
          295.22222222222223
        ],
        [
          359.8888888888889,
          293.6666666666667
        ],
        [
          357.0,
          292.8888888888889
        ],
        [
          357.0,
          295.1111111111111
        ],
        [
          358.3333333333333,
          295.77777777777777
        ],
        [
          359.8888888888889,
          296.55555555555554
        ],
        [
          362.1111111111111,
          298.55555555555554
        ],
        [
          362.8888888888889,
          300.6666666666667
        ],
        [
          364.22222222222223,
          302.77777777777777
        ],
        [
          365.22222222222223,
          305.77777777777777
        ],
        [
          365.77777777777777,
          308.1111111111111
        ],
        [
          365.77777777777777,
          310.0
        ],
        [
          357.8888888888889,
          309.8888888888889
        ]
      ],
      "group_id": null,
      "shape_type": "polygon",
      "flags": {}
    },
    {
      "label": "door",
      "points": [
        [
          356.77777777777777,
          329.0
        ],
        [
          356.8888888888889,
          330.77777777777777
        ],
        [
          358.55555555555554,
          331.1111111111111
        ],
        [
          360.44444444444446,
          332.3333333333333
        ],
        [
          362.1111111111111,
          335.0
        ],
        [
          363.44444444444446,
          336.8888888888889
        ],
        [
          364.8888888888889,
          339.6666666666667
        ],
        [
          365.55555555555554,
          342.55555555555554
        ],
        [
          366.0,
          345.1111111111111
        ],
        [
          357.22222222222223,
          345.3333333333333
        ],
        [
          357.1111111111111,
          347.22222222222223
        ],
        [
          368.44444444444446,
          347.55555555555554
        ],
        [
          368.44444444444446,
          344.0
        ],
        [
          367.55555555555554,
          340.3333333333333
        ],
        [
          366.22222222222223,
          336.55555555555554
        ],
        [
          364.8888888888889,
          334.1111111111111
        ],
        [
          362.8888888888889,
          331.3333333333333
        ],
        [
          360.44444444444446,
          329.6666666666667
        ]
      ],
      "group_id": null,
      "shape_type": "polygon",
      "flags": {}
    },
    {
      "label": "door",
      "points": [
        [
          357.9,
          383.1
        ],
        [
          368.3,
          382.9
        ],
        [
          368.8,
          380.2
        ],
        [
          368.6,
          377.1
        ],
        [
          367.7,
          373.5
        ],
        [
          366.0,
          370.0
        ],
        [
          363.7,
          366.8
        ],
        [
          361.7,
          364.7
        ],
        [
          359.3,
          363.7
        ],
        [
          357.6,
          363.4
        ],
        [
          357.6,
          366.2
        ],
        [
          359.1,
          366.6
        ],
        [
          360.8,
          367.6
        ],
        [
          362.5,
          369.9
        ],
        [
          363.8,
          371.9
        ],
        [
          364.9,
          374.3
        ],
        [
          365.7,
          376.9
        ],
        [
          366.1,
          379.6
        ],
        [
          366.1,
          380.1
        ],
        [
          357.4,
          380.2
        ]
      ],
      "group_id": null,
      "shape_type": "polygon",
      "flags": {}
    },
    {
      "label": "door",
      "points": [
        [
          390.11703511053315,
          153.0559167750325
        ],
        [
          376.853055916775,
          152.925877763329
        ],
        [
          376.592977893368,
          148.89466840052015
        ],
        [
          377.113133940182,
          145.25357607282183
        ],
        [
          378.1534460338101,
          142.00260078023408
        ],
        [
          380.2340702210663,
          137.7113133940182
        ],
        [
          383.4850455136541,
          134.98049414824447
        ],
        [
          387.1261378413524,
          133.28998699609883
        ],
        [
          390.8972691807542,
          133.55006501950584
        ],
        [
          391.0273081924577,
          136.15084525357608
        ],
        [
          388.296488946684,
          136.41092327698308
        ],
        [
          385.43563068920673,
          137.32119635890766
        ],
        [
          382.8348504551365,
          139.66189856957087
        ],
        [
          381.4044213263979,
          142.39271781534458
        ],
        [
          380.2340702210663,
          145.38361508452536
        ],
        [
          379.32379713914173,
          148.5045513654096
        ],
        [
          379.19375812743823,
          150.4551365409623
        ],
        [
          390.37711313394016,
          150.32509752925878
        ]
      ],
      "group_id": null,
      "shape_type": "polygon",
      "flags": {}
    },
    {
      "label": "door",
      "points": [
        [
          390.2,
          101.4
        ],
        [
          398.6,
          101.3
        ],
        [
          398.7,
          98.4
        ],
        [
          398.5,
          95.3
        ],
        [
          397.2,
          92.2
        ],
        [
          395.2,
          89.7
        ],
        [
          392.9,
          87.3
        ],
        [
          390.7,
          86.4
        ],
        [
          390.4,
          88.2
        ],
        [
          392.0,
          89.5
        ],
        [
          393.2,
          91.2
        ],
        [
          394.4,
          92.8
        ],
        [
          395.6,
          94.8
        ],
        [
          395.6,
          97.6
        ],
        [
          395.6,
          98.8
        ],
        [
          390.1,
          98.6
        ]
      ],
      "group_id": null,
      "shape_type": "polygon",
      "flags": {}
    },
    {
      "label": "door",
      "points": [
        [
          406.3,
          80.8
        ],
        [
          404.4,
          80.8
        ],
        [
          404.1,
          69.6
        ],
        [
          401.7,
          69.9
        ],
        [
          399.2,
          71.9
        ],
        [
          397.1,
          75.1
        ],
        [
          395.8,
          78.2
        ],
        [
          394.5,
          79.8
        ],
        [
          391.9,
          80.0
        ],
        [
          393.2,
          76.9
        ],
        [
          395.0,
          73.5
        ],
        [
          396.6,
          70.6
        ],
        [
          398.7,
          68.4
        ],
        [
          401.5,
          66.7
        ],
        [
          404.1,
          66.1
        ],
        [
          406.4,
          66.1
        ]
      ],
      "group_id": null,
      "shape_type": "polygon",
      "flags": {}
    },
    {
      "label": "door",
      "points": [
        [
          413.2,
          80.7
        ],
        [
          411.7,
          80.5
        ],
        [
          411.7,
          66.4
        ],
        [
          414.9,
          66.3
        ],
        [
          417.8,
          67.1
        ],
        [
          420.4,
          69.0
        ],
        [
          422.6,
          72.3
        ],
        [
          424.3,
          75.3
        ],
        [
          425.6,
          77.8
        ],
        [
          426.2,
          79.6
        ],
        [
          423.7,
          79.5
        ],
        [
          422.6,
          77.2
        ],
        [
          420.5,
          73.9
        ],
        [
          418.9,
          71.5
        ],
        [
          416.6,
          70.0
        ],
        [
          413.9,
          69.5
        ],
        [
          413.5,
          69.5
        ]
      ],
      "group_id": null,
      "shape_type": "polygon",
      "flags": {}
    }
  ],
  "imagePath": "45714223.jpg",
  "imageData": null,
  "imageHeight": 513,
  "imageWidth": 513
}