{
  "version": "4.5.9",
  "flags": {},
  "shapes": [
    {
      "label": "door",
      "points": [
        [
          189.13385826771653,
          267.244094488189
        ],
        [
          215.43307086614172,
          267.0866141732283
        ],
        [
          215.59055118110234,
          270.0787401574803
        ],
        [
          214.01574803149603,
          273.3858267716535
        ],
        [
          210.5511811023622,
          277.6377952755905
        ],
        [
          207.4015748031496,
          280.6299212598425
        ],
        [
          202.36220472440942,
          283.4645669291338
        ],
        [
          198.11023622047242,
          285.03937007874015
        ],
        [
          193.2283464566929,
          286.4566929133858
        ],
        [
          188.503937007874,
          287.7165354330708
        ],
        [
          185.51181102362204,
          288.0314960629921
        ],
        [
          185.51181102362204,
          285.98425196850394
        ],
        [
          188.34645669291336,
          285.66929133858264
        ],
        [
          192.44094488188975,
          284.56692913385825
        ],
        [
          195.90551181102362,
          283.14960629921256
        ],
        [
          199.99999999999997,
          281.5748031496063
        ],
        [
          203.46456692913384,
          279.84251968503935
        ],
        [
          205.19685039370077,
          278.26771653543307
        ],
        [
          206.9291338582677,
          276.6929133858267
        ],
        [
          208.503937007874,
          275.4330708661417
        ],
        [
          210.23622047244092,
          273.54330708661416
        ],
        [
          211.6535433070866,
          271.0236220472441
        ],
        [
          210.86614173228344,
          270.23622047244095
        ],
        [
          188.66141732283464,
          270.7086614173228
        ]
      ],
      "group_id": null,
      "shape_type": "polygon",
      "flags": {}
    },
    {
      "label": "door",
      "points": [
        [
          225.51181102362202,
          315.4330708661417
        ],
        [
          228.18897637795274,
          315.2755905511811
        ],
        [
          228.503937007874,
          334.64566929133855
        ],
        [
          225.9842519685039,
          335.11811023622045
        ],
        [
          220.94488188976376,
          335.2755905511811
        ],
        [
          217.32283464566927,
          334.9606299212598
        ],
        [
          211.6,
          334.4
        ],
        [
          208.3,
          333.5
        ],
        [
          203.4,
          331.9
        ],
        [
          199.4,
          330.1
        ],
        [
          195.9,
          328.2
        ],
        [
          192.0,
          325.5
        ],
        [
          189.2,
          322.6
        ],
        [
          187.6,
          319.4
        ],
        [
          187.9,
          315.7
        ],
        [
          191.0,
          315.8
        ],
        [
          191.4,
          318.7
        ],
        [
          193.0,
          321.4
        ],
        [
          195.6,
          323.8
        ],
        [
          199.1,
          326.5
        ],
        [
          202.8,
          328.3
        ],
        [
          206.0,
          329.7
        ],
        [
          210.3,
          330.7
        ],
        [
          214.6,
          331.8
        ],
        [
          220.0,
          332.4
        ],
        [
          224.2,
          332.5
        ],
        [
          224.4,
          332.2
        ],
        [
          225.1,
          332.0
        ]
      ],
      "group_id": null,
      "shape_type": "polygon",
      "flags": {}
    },
    {
      "label": "door",
      "points": [
        [
          241.96891191709847,
          315.8031088082902
        ],
        [
          241.96891191709847,
          335.4922279792746
        ],
        [
          247.15025906735752,
          336.0103626943005
        ],
        [
          255.78602620087335,
          335.04366812227073
        ],
        [
          262.5545851528384,
          333.1877729257642
        ],
        [
          272.16157205240177,
          329.47598253275106
        ],
        [
          276.528384279476,
          326.4192139737991
        ],
        [
          279.91266375545854,
          322.8165938864629
        ],
        [
          281.9868995633188,
          320.414847161572
        ],
        [
          282.9694323144105,
          316.1572052401747
        ],
        [
          279.8034934497817,
          316.0480349344978
        ],
        [
          278.9301310043668,
          318.88646288209605
        ],
        [
          277.29257641921396,
          321.6157205240175
        ],
        [
          274.89082969432314,
          323.7991266375546
        ],
        [
          272.16157205240177,
          326.2008733624454
        ],
        [
          268.7772925764192,
          328.27510917030565
        ],
        [
          265.93886462882097,
          329.25764192139735
        ],
        [
          263.10043668122273,
          330.0218340611354
        ],
        [
          259.71615720524017,
          330.7860262008734
        ],
        [
          256.0043668122271,
          331.7685589519651
        ],
        [
          251.09170305676855,
          332.4235807860262
        ],
        [
          245.63318777292577,
          332.6419213973799
        ],
        [
          245.74235807860262,
          315.28384279475983
        ]
      ],
      "group_id": null,
      "shape_type": "polygon",
      "flags": {}
    },
    {
      "label": "door",
      "points": [
        [
          366.36466591166476,
          316.3080407701019
        ],
        [
          369.30917327293315,
          316.4212910532276
        ],
        [
          369.762174405436,
          335.10758776896944
        ],
        [
          366.93091732729334,
          335.5605889014723
        ],
        [
          363.193657984145,
          335.67383918459797
        ],
        [
          357.87089467723666,
          335.5605889014723
        ],
        [
          353.56738391845977,
          334.9943374858437
        ],
        [
          349.1506228765572,
          333.86183465458663
        ],
        [
          343.4881087202718,
          332.38958097395243
        ],
        [
          337.7123442808607,
          329.2185730464326
        ],
        [
          333.74858437146094,
          326.2740656851642
        ],
        [
          330.6908267270668,
          323.4428086070215
        ],
        [
          328.9920724801812,
          319.1392978482446
        ],
        [
          328.3125707814269,
          314.722536806342
        ],
        [
          331.59682899207246,
          314.9490373725934
        ],
        [
          331.8233295583239,
          317.89354473386186
        ],
        [
          332.95583238958096,
          320.7248018120045
        ],
        [
          335.10758776896944,
          322.876557191393
        ],
        [
          338.1653454133635,
          325.36806342015853
        ],
        [
          343.03510758776895,
          327.97281993204984
        ],
        [
          346.6591166477916,
          329.33182332955835
        ],
        [
          352.0951302378256,
          331.1438278595696
        ],
        [
          355.71913929784824,
          331.9365798414496
        ],
        [
          360.13590033975083,
          332.38958097395243
        ],
        [
          365.4586636466591,
          332.6160815402038
        ],
        [
          366.5911664779162,
          332.38958097395243
        ]
      ],
      "group_id": null,
      "shape_type": "polygon",
      "flags": {}
    },
    {
      "label": "door",
      "points": [
        [
          294.2159383033419,
          225.70694087403598
        ],
        [
          298.2005141388175,
          225.83547557840618
        ],
        [
          302.4421593830334,
          226.47814910025707
        ],
        [
          307.7120822622108,
          227.37789203084833
        ],
        [
          312.3393316195373,
          228.7917737789203
        ],
        [
          316.9665809768637,
          230.20565552699227
        ],
        [
          322.879177377892,
          233.2904884318766
        ],
        [
          327.12082262210794,
          236.5038560411311
        ],
        [
          329.56298200514135,
          240.48843187660668
        ],
        [
          331.4910025706941,
          245.24421593830334
        ],
        [
          331.7480719794344,
          246.91516709511566
        ],
        [
          328.53470437017995,
          247.30077120822622
        ],
        [
          292.41645244215937,
          247.4293059125964
        ],
        [
          292.67352185089976,
          245.24421593830334
        ],
        [
          326.8637532133676,
          245.24421593830334
        ],
        [
          325.706940874036,
          242.41645244215937
        ],
        [
          323.5218508997429,
          238.81748071979433
        ],
        [
          319.7943444730077,
          235.8611825192802
        ],
        [
          316.19537275064266,
          233.67609254498714
        ],
        [
          312.3393316195373,
          232.26221079691516
        ],
        [
          308.2262210796915,
          231.23393316195373
        ],
        [
          303.47043701799487,
          230.20565552699227
        ],
        [
          298.97172236503854,
          229.17737789203085
        ],
        [
          293.95886889460155,
          228.66323907455012
        ]
      ],
      "group_id": null,
      "shape_type": "polygon",
      "flags": {}
    },
    {
      "label": "door",
      "points": [
        [
          235.65459610027855,
          177.99442896935935
        ],
        [
          235.65459610027855,
          160.16713091922006
        ],
        [
          238.3008356545961,
          160.02785515320335
        ],
        [
          242.4791086350975,
          159.88857938718664
        ],
        [
          248.7465181058496,
          160.16713091922006
        ],
        [
          254.59610027855155,
          161.69916434540391
        ],
        [
          259.05292479108635,
          163.7883008356546
        ],
        [
          263.50974930362116,
          166.016713091922
        ],
        [
          267.8272980501393,
          168.941504178273
        ],
        [
          270.75208913649027,
          172.56267409470752
        ],
        [
          272.2841225626741,
          175.3481894150418
        ],
        [
          272.5626740947075,
          178.13370473537606
        ],
        [
          269.63788300835654,
          177.85515320334264
        ],
        [
          268.52367688022287,
          175.6267409470752
        ],
        [
          266.71309192200556,
          172.4233983286908
        ],
        [
          263.7883008356546,
          170.0557103064067
        ],
        [
          261.5598885793872,
          168.66295264623957
        ],
        [
          257.10306406685237,
          166.7130919220056
        ],
        [
          252.92479108635098,
          164.9025069637883
        ],
        [
          249.30362116991645,
          164.20612813370474
        ],
        [
          245.12534818941506,
          163.09192200557104
        ],
        [
          238.57938718662953,
          162.81337047353762
        ],
        [
          238.71866295264624,
          178.13370473537606
        ]
      ],
      "group_id": null,
      "shape_type": "polygon",
      "flags": {}
    }
  ],
  "imagePath": "45719584.jpg",
  "imageData": null,
  "imageHeight": 513,
  "imageWidth": 513
}