{
  "version": "4.5.9",
  "flags": {},
  "shapes": [
    {
      "label": "door",
      "points": [
        [
          164.12478336221835,
          182.84228769497398
        ],
        [
          124.61005199306759,
          173.31022530329287
        ],
        [
          122.01039861351819,
          178.50953206239166
        ],
        [
          121.31715771230502,
          185.96187175043326
        ],
        [
          122.53032928942807,
          190.98786828422877
        ],
        [
          124.8,
          195.7
        ],
        [
          127.6,
          199.8
        ],
        [
          132.2,
          203.2
        ],
        [
          137.0,
          206.7
        ],
        [
          141.6,
          208.8
        ],
        [
          145.5,
          210.1
        ],
        [
          150.2,
          211.3
        ],
        [
          151.1,
          208.9
        ],
        [
          148.6,
          208.1
        ],
        [
          144.5,
          206.5
        ],
        [
          140.5,
          204.3
        ],
        [
          136.4,
          202.2
        ],
        [
          132.3,
          199.5
        ],
        [
          129.2,
          196.4
        ],
        [
          126.8,
          192.9
        ],
        [
          125.7,
          189.8
        ],
        [
          125.0,
          185.2
        ],
        [
          124.6,
          181.2
        ],
        [
          125.3,
          177.7
        ],
        [
          164.2,
          186.4
        ]
      ],
      "group_id": null,
      "shape_type": "polygon",
      "flags": {}
    },
    {
      "label": "door",
      "points": [
        [
          78.1,
          349.5
        ],
        [
          38.3,
          340.3
        ],
        [
          39.3,
          337.4
        ],
        [
          42.1,
          333.8
        ],
        [
          45.6,
          330.4
        ],
        [
          48.6,
          327.9
        ],
        [
          52.1,
          325.9
        ],
        [
          56.3,
          323.9
        ],
        [
          60.9,
          322.3
        ],
        [
          65.2,
          321.1
        ],
        [
          72.6,
          319.8
        ],
        [
          78.5,
          319.3
        ],
        [
          87.2,
          319.7
        ],
        [
          92.3,
          320.5
        ],
        [
          91.8,
          322.6
        ],
        [
          85.1,
          322.6
        ],
        [
          78.2,
          322.6
        ],
        [
          72.4,
          323.0
        ],
        [
          69.2,
          323.4
        ],
        [
          65.5,
          323.9
        ],
        [
          61.5,
          325.0
        ],
        [
          55.9,
          327.3
        ],
        [
          51.5,
          330.3
        ],
        [
          47.7,
          333.4
        ],
        [
          43.0,
          337.7
        ],
        [
          80.8,
          346.4
        ]
      ],
      "group_id": null,
      "shape_type": "polygon",
      "flags": {}
    },
    {
      "label": "door",
      "points": [
        [
          402.3622047244094,
          277.6377952755905
        ],
        [
          402.51968503937,
          249.29133858267716
        ],
        [
          396.8503937007874,
          248.97637795275588
        ],
        [
          391.0236220472441,
          249.1338582677165
        ],
        [
          386.1,
          250.1
        ],
        [
          381.5,
          251.5
        ],
        [
          374.6,
          254.6
        ],
        [
          369.7,
          257.5
        ],
        [
          366.7,
          259.7
        ],
        [
          363.9,
          262.0
        ],
        [
          361.3,
          265.2
        ],
        [
          359.5,
          268.6
        ],
        [
          358.3,
          273.3
        ],
        [
          358.4,
          277.1
        ],
        [
          360.1,
          277.1
        ],
        [
          360.3,
          274.3
        ],
        [
          361.8,
          270.8
        ],
        [
          363.4,
          267.9
        ],
        [
          366.3,
          264.4
        ],
        [
          369.3,
          261.7
        ],
        [
          372.1,
          259.8
        ],
        [
          376.8,
          256.7
        ],
        [
          380.5,
          255.1
        ],
        [
          385.6,
          253.6
        ],
        [
          390.7,
          252.1
        ],
        [
          397.0,
          252.2
        ],
        [
          397.5,
          278.2
        ]
      ],
      "group_id": null,
      "shape_type": "polygon",
      "flags": {}
    },
    {
      "label": "door",
      "points": [
        [
          345.2,
          383.9
        ],
        [
          302.3,
          383.6
        ],
        [
          301.9,
          380.2
        ],
        [
          302.4,
          376.4
        ],
        [
          304.6,
          372.9
        ],
        [
          307.6,
          368.3
        ],
        [
          311.3,
          364.0
        ],
        [
          315.5,
          361.3
        ],
        [
          320.7,
          358.4
        ],
        [
          326.2,
          356.5
        ],
        [
          331.5,
          354.9
        ],
        [
          336.5,
          353.8
        ],
        [
          340.8,
          353.7
        ],
        [
          345.3,
          353.5
        ],
        [
          345.4,
          355.8
        ],
        [
          340.9,
          356.1
        ],
        [
          337.4,
          356.5
        ],
        [
          332.1,
          357.7
        ],
        [
          327.5,
          358.8
        ],
        [
          321.8,
          361.0
        ],
        [
          318.5,
          362.6
        ],
        [
          314.9,
          364.7
        ],
        [
          312.3,
          366.6
        ],
        [
          308.8,
          371.0
        ],
        [
          306.3,
          376.3
        ],
        [
          305.3,
          379.5
        ],
        [
          345.3,
          379.4
        ]
      ],
      "group_id": null,
      "shape_type": "polygon",
      "flags": {}
    },
    {
      "label": "door",
      "points": [
        [
          400.0,
          389.7360703812316
        ],
        [
          400.0,
          393.2551319648094
        ],
        [
          368.3284457478006,
          376.24633431085044
        ],
        [
          365.98240469208207,
          377.5659824046921
        ],
        [
          364.07624633431084,
          379.61876832844575
        ],
        [
          362.60997067448676,
          382.4046920821114
        ],
        [
          360.8504398826979,
          385.4838709677419
        ],
        [
          360.4,
          387.5
        ],
        [
          360.5,
          390.3
        ],
        [
          358.4,
          390.1
        ],
        [
          358.3,
          387.6
        ],
        [
          358.4,
          384.9
        ],
        [
          359.2,
          382.3
        ],
        [
          360.6,
          379.8
        ],
        [
          361.6,
          378.0
        ],
        [
          363.9,
          375.3
        ],
        [
          365.7,
          373.3
        ],
        [
          368.1,
          371.9
        ]
      ],
      "group_id": null,
      "shape_type": "polygon",
      "flags": {}
    },
    {
      "label": "door",
      "points": [
        [
          408.7,
          371.8
        ],
        [
          405.1,
          371.9
        ],
        [
          385.6,
          356.4
        ],
        [
          386.2,
          355.3
        ],
        [
          388.5,
          353.9
        ],
        [
          391.2,
          353.1
        ],
        [
          395.1,
          351.9
        ],
        [
          397.7,
          351.0
        ],
        [
          400.3,
          350.4
        ],
        [
          403.2,
          350.3
        ],
        [
          406.7,
          350.4
        ],
        [
          406.7,
          352.2
        ],
        [
          403.2,
          352.4
        ],
        [
          399.5,
          352.8
        ],
        [
          394.9,
          354.2
        ],
        [
          391.0,
          356.2
        ]
      ],
      "group_id": null,
      "shape_type": "polygon",
      "flags": {}
    },
    {
      "label": "door",
      "points": [
        [
          412.7919911012236,
          337.4860956618465
        ],
        [
          453.2814238042269,
          337.5973303670745
        ],
        [
          452.9477196885428,
          333.70411568409344
        ],
        [
          451.8353726362625,
          328.2536151279199
        ],
        [
          450.055617352614,
          325.027808676307
        ],
        [
          447.8309232480534,
          321.46829810901
        ],
        [
          444.16017797552837,
          318.79866518353725
        ],
        [
          438.4872080088988,
          315.3503893214683
        ],
        [
          432.03559510567294,
          312.4582869855395
        ],
        [
          427.4749721913237,
          310.90100111234705
        ],
        [
          421.579532814238,
          309.89988876529475
        ],
        [
          414.460511679644,
          309.3437152391546
        ],
        [
          414.9054505005562,
          311.23470522803115
        ],
        [
          421.357063403782,
          312.1245828698554
        ],
        [
          427.25250278086764,
          313.4593993325918
        ],
        [
          432.36929922135704,
          315.4616240266963
        ],
        [
          437.5973303670745,
          317.79755283648495
        ],
        [
          442.4916573971079,
          321.6907675194661
        ],
        [
          445.6062291434928,
          325.13904338153503
        ],
        [
          448.72080088987764,
          329.3659621802002
        ],
        [
          450.3893214682981,
          333.48164627363735
        ],
        [
          412.5695216907675,
          333.37041156840934
        ]
      ],
      "group_id": null,
      "shape_type": "polygon",
      "flags": {}
    }
  ],
  "imagePath": "45719912.jpg",
  "imageData": null,
  "imageHeight": 513,
  "imageWidth": 513
}