{
  "version": "4.5.9",
  "flags": {},
  "shapes": [
    {
      "label": "door",
      "points": [
        [
          231.33940182054616,
          363.3289986996099
        ],
        [
          208.19245773732118,
          363.3289986996099
        ],
        [
          207.4122236671001,
          361.63849154746424
        ],
        [
          208.06241872561768,
          359.55786736020804
        ],
        [
          209.36280884265278,
          357.0871261378413
        ],
        [
          211.703511053316,
          352.92587776332897
        ],
        [
          213.78413524057217,
          350.45513654096226
        ],
        [
          215.99479843953185,
          348.6345903771131
        ],
        [
          219.76592977893367,
          346.4239271781534
        ],
        [
          223.27698309492845,
          344.73342002600776
        ],
        [
          226.39791937581273,
          343.8231469440832
        ],
        [
          229.25877763328998,
          343.1729518855657
        ],
        [
          231.20936280884263,
          343.1729518855657
        ],
        [
          231.46944083224966,
          345.38361508452533
        ],
        [
          227.0481144343303,
          346.0338101430429
        ],
        [
          222.62678803641091,
          347.72431729518854
        ],
        [
          218.9856957087126,
          349.4148244473342
        ],
        [
          216.51495448634589,
          351.6254876462939
        ],
        [
          213.78413524057217,
          354.7464239271781
        ],
        [
          212.22366710013003,
          356.8270481144343
        ],
        [
          211.44343302990896,
          359.16775032509753
        ],
        [
          211.31339401820546,
          360.5981794538361
        ],
        [
          231.46944083224966,
          360.4681404421326
        ]
      ],
      "group_id": null,
      "shape_type": "polygon",
      "flags": {}
    },
    {
      "label": "door",
      "points": [
        [
          275.9,
          324.1
        ],
        [
          275.9,
          307.4
        ],
        [
          273.4,
          307.4
        ],
        [
          269.4,
          307.4
        ],
        [
          265.2,
          308.0
        ],
        [
          261.7,
          309.1
        ],
        [
          258.6,
          311.0
        ],
        [
          255.9,
          312.9
        ],
        [
          253.4,
          314.8
        ],
        [
          251.5,
          317.9
        ],
        [
          250.4,
          321.2
        ],
        [
          250.2,
          323.9
        ],
        [
          252.5,
          324.0
        ],
        [
          253.0,
          320.9
        ],
        [
          254.6,
          318.5
        ],
        [
          256.3,
          316.1
        ],
        [
          258.8,
          314.2
        ],
        [
          262.0,
          311.9
        ],
        [
          265.6,
          310.5
        ],
        [
          269.3,
          309.9
        ],
        [
          272.3,
          309.6
        ],
        [
          273.4,
          309.6
        ],
        [
          273.3,
          324.4
        ]
      ],
      "group_id": null,
      "shape_type": "polygon",
      "flags": {}
    },
    {
      "label": "door",
      "points": [
        [
          281.2,
          370.9
        ],
        [
          281.2,
          388.5
        ],
        [
          279.3,
          388.6
        ],
        [
          276.7,
          388.6
        ],
        [
          273.3,
          388.0
        ],
        [
          269.9,
          387.1
        ],
        [
          265.6,
          385.3
        ],
        [
          262.4,
          383.2
        ],
        [
          259.9,
          380.6
        ],
        [
          257.5,
          376.6
        ],
        [
          256.4,
          373.9
        ],
        [
          255.8,
          371.2
        ],
        [
          258.6,
          371.3
        ],
        [
          259.1,
          373.4
        ],
        [
          260.1,
          375.3
        ],
        [
          261.7,
          377.8
        ],
        [
          264.1,
          380.3
        ],
        [
          267.0,
          382.5
        ],
        [
          269.6,
          384.0
        ],
        [
          273.1,
          385.6
        ],
        [
          276.0,
          386.2
        ],
        [
          278.1,
          386.3
        ],
        [
          278.8,
          386.3
        ],
        [
          278.9,
          370.8
        ]
      ],
      "group_id": null,
      "shape_type": "polygon",
      "flags": {}
    },
    {
      "label": "door",
      "points": [
        [
          309.49781659388645,
          338.53711790393015
        ],
        [
          287.66375545851525,
          338.20960698689953
        ],
        [
          287.44541484716154,
          341.48471615720524
        ],
        [
          287.88209606986896,
          344.9781659388646
        ],
        [
          289.6288209606987,
          348.14410480349346
        ],
        [
          291.92139737991266,
          350.764192139738
        ],
        [
          294.65065502183404,
          352.7292576419214
        ],
        [
          298.0349344978166,
          355.34934497816596
        ],
        [
          302.6200873362445,
          356.9868995633188
        ],
        [
          306.4410480349345,
          357.7510917030568
        ],
        [
          309.27947598253274,
          358.1877729257642
        ],
        [
          309.1703056768559,
          355.6768558951965
        ],
        [
          306.87772925764193,
          355.34934497816596
        ],
        [
          303.1659388646288,
          354.5851528384279
        ],
        [
          300.32751091703057,
          353.27510917030565
        ],
        [
          296.8340611353712,
          351.528384279476
        ],
        [
          294.5414847161572,
          349.34497816593887
        ],
        [
          292.68558951965065,
          347.3799126637555
        ],
        [
          291.26637554585153,
          345.3056768558952
        ],
        [
          290.0655021834061,
          341.70305676855895
        ],
        [
          309.3886462882096,
          341.48471615720524
        ]
      ],
      "group_id": null,
      "shape_type": "polygon",
      "flags": {}
    },
    {
      "label": "door",
      "points": [
        [
          290.8,
          282.7
        ],
        [
          290.9,
          285.4
        ],
        [
          314.5,
          285.3
        ],
        [
          314.3,
          282.8
        ],
        [
          312.7,
          277.7
        ],
        [
          310.1,
          273.8
        ],
        [
          306.5,
          270.6
        ],
        [
          302.9,
          268.4
        ],
        [
          299.4,
          266.9
        ],
        [
          295.6,
          266.1
        ],
        [
          291.9,
          265.8
        ],
        [
          291.8,
          268.1
        ],
        [
          295.2,
          268.3
        ],
        [
          298.4,
          269.5
        ],
        [
          301.9,
          271.1
        ],
        [
          305.4,
          273.7
        ],
        [
          308.4,
          276.2
        ],
        [
          309.7,
          278.6
        ],
        [
          310.9,
          282.1
        ],
        [
          310.8,
          282.4
        ]
      ],
      "group_id": null,
      "shape_type": "polygon",
      "flags": {}
    },
    {
      "label": "door",
      "points": [
        [
          327.9,
          221.4
        ],
        [
          304.6,
          221.4
        ],
        [
          304.6,
          224.5
        ],
        [
          305.8,
          227.4
        ],
        [
          308.2,
          231.9
        ],
        [
          311.0,
          234.9
        ],
        [
          314.7,
          237.9
        ],
        [
          319.5,
          240.0
        ],
        [
          324.8,
          241.1
        ],
        [
          328.3,
          241.2
        ],
        [
          328.3,
          238.7
        ],
        [
          324.4,
          238.2
        ],
        [
          320.6,
          237.3
        ],
        [
          317.4,
          235.9
        ],
        [
          314.8,
          234.2
        ],
        [
          312.3,
          231.7
        ],
        [
          310.3,
          229.4
        ],
        [
          309.3,
          227.3
        ],
        [
          308.5,
          224.7
        ],
        [
          328.2,
          224.6
        ]
      ],
      "group_id": null,
      "shape_type": "polygon",
      "flags": {}
    },
    {
      "label": "door",
      "points": [
        [
          328.8,
          201.6
        ],
        [
          304.9,
          201.4
        ],
        [
          304.9,
          199.1
        ],
        [
          305.6,
          196.4
        ],
        [
          307.1,
          193.7
        ],
        [
          308.9,
          191.1
        ],
        [
          311.1,
          189.0
        ],
        [
          313.7,
          186.2
        ],
        [
          316.4,
          184.5
        ],
        [
          319.9,
          183.5
        ],
        [
          323.2,
          182.7
        ],
        [
          327.6,
          182.4
        ],
        [
          327.9,
          184.4
        ],
        [
          325.2,
          184.8
        ],
        [
          321.2,
          185.7
        ],
        [
          317.9,
          186.7
        ],
        [
          314.7,
          188.8
        ],
        [
          311.9,
          191.5
        ],
        [
          310.1,
          194.1
        ],
        [
          308.6,
          197.1
        ],
        [
          308.4,
          199.0
        ],
        [
          328.8,
          199.0
        ]
      ],
      "group_id": null,
      "shape_type": "polygon",
      "flags": {}
    }
  ],
  "imagePath": "45724006.jpg",
  "imageData": null,
  "imageHeight": 513,
  "imageWidth": 513
}