{
  "version": "4.5.9",
  "flags": {},
  "shapes": [
    {
      "label": "door",
      "points": [
        [
          297.5736568457539,
          124.26343154246099
        ],
        [
          297.8,
          111.2
        ],
        [
          301.3,
          111.2
        ],
        [
          306.5,
          112.0
        ],
        [
          312.0,
          114.0
        ],
        [
          315.3,
          116.0
        ],
        [
          317.5,
          118.6
        ],
        [
          318.8,
          121.3
        ],
        [
          319.2,
          124.4
        ],
        [
          316.3,
          124.1
        ],
        [
          315.8,
          121.9
        ],
        [
          313.8,
          119.2
        ],
        [
          310.8,
          117.2
        ],
        [
          308.0,
          116.2
        ],
        [
          304.6,
          115.1
        ],
        [
          301.4,
          114.6
        ],
        [
          301.2,
          124.5
        ]
      ],
      "group_id": null,
      "shape_type": "polygon",
      "flags": {}
    },
    {
      "label": "door",
      "points": [
        [
          272.5,
          124.4
        ],
        [
          268.4,
          124.4
        ],
        [
          268.6,
          114.3
        ],
        [
          266.0,
          114.7
        ],
        [
          263.7,
          115.2
        ],
        [
          260.2,
          116.8
        ],
        [
          257.5,
          118.4
        ],
        [
          255.7,
          120.3
        ],
        [
          253.8,
          123.5
        ],
        [
          252.7,
          124.5
        ],
        [
          250.2,
          124.1
        ],
        [
          251.6,
          120.8
        ],
        [
          253.8,
          117.7
        ],
        [
          255.3,
          116.3
        ],
        [
          257.9,
          114.8
        ],
        [
          262.6,
          112.6
        ],
        [
          267.8,
          111.4
        ],
        [
          272.1,
          111.4
        ],
        [
          272.7,
          111.4
        ]
      ],
      "group_id": null,
      "shape_type": "polygon",
      "flags": {}
    },
    {
      "label": "door",
      "points": [
        [
          329.9,
          150.4
        ],
        [
          310.6,
          150.2
        ],
        [
          310.1,
          148.0
        ],
        [
          311.0,
          144.7
        ],
        [
          312.4,
          142.3
        ],
        [
          314.4,
          139.7
        ],
        [
          318.3,
          137.3
        ],
        [
          322.5,
          135.6
        ],
        [
          327.3,
          134.7
        ],
        [
          329.9,
          134.5
        ],
        [
          329.8,
          136.9
        ],
        [
          327.2,
          137.4
        ],
        [
          322.6,
          138.7
        ],
        [
          319.7,
          140.3
        ],
        [
          317.0,
          142.2
        ],
        [
          315.1,
          144.2
        ],
        [
          313.7,
          146.5
        ],
        [
          313.4,
          147.4
        ],
        [
          330.0,
          147.5
        ]
      ],
      "group_id": null,
      "shape_type": "polygon",
      "flags": {}
    },
    {
      "label": "door",
      "points": [
        [
          277.2,
          168.6
        ],
        [
          273.7,
          168.6
        ],
        [
          273.9,
          158.5
        ],
        [
          270.4,
          158.7
        ],
        [
          266.9,
          159.5
        ],
        [
          263.1,
          161.3
        ],
        [
          260.8,
          163.2
        ],
        [
          259.1,
          165.9
        ],
        [
          257.8,
          168.9
        ],
        [
          255.5,
          168.8
        ],
        [
          256.0,
          166.3
        ],
        [
          257.2,
          163.4
        ],
        [
          260.2,
          160.1
        ],
        [
          264.0,
          157.4
        ],
        [
          269.5,
          156.1
        ],
        [
          273.7,
          155.7
        ],
        [
          277.7,
          155.6
        ]
      ],
      "group_id": null,
      "shape_type": "polygon",
      "flags": {}
    },
    {
      "label": "door",
      "points": [
        [
          391.2,
          128.6
        ],
        [
          391.0,
          132.4
        ],
        [
          388.2,
          135.8
        ],
        [
          385.4,
          138.4
        ],
        [
          381.0,
          140.9
        ],
        [
          376.3,
          142.3
        ],
        [
          372.3,
          142.7
        ],
        [
          368.7,
          142.3
        ],
        [
          368.7,
          127.9
        ],
        [
          373.4,
          127.9
        ],
        [
          373.3,
          139.4
        ],
        [
          376.1,
          139.3
        ],
        [
          379.6,
          138.4
        ],
        [
          383.0,
          136.9
        ],
        [
          385.9,
          134.0
        ],
        [
          387.5,
          132.1
        ],
        [
          388.6,
          128.3
        ]
      ],
      "group_id": null,
      "shape_type": "polygon",
      "flags": {}
    },
    {
      "label": "door",
      "points": [
        [
          299.9,
          287.9
        ],
        [
          295.6,
          287.8
        ],
        [
          296.0,
          274.5
        ],
        [
          301.1,
          274.2
        ],
        [
          306.0,
          275.7
        ],
        [
          310.6,
          278.0
        ],
        [
          314.1,
          280.6
        ],
        [
          316.4,
          283.6
        ],
        [
          318.5,
          280.6
        ],
        [
          321.8,
          278.3
        ],
        [
          326.8,
          275.9
        ],
        [
          331.0,
          274.8
        ],
        [
          335.1,
          274.5
        ],
        [
          337.4,
          274.8
        ],
        [
          337.2,
          287.3
        ],
        [
          332.8,
          287.5
        ],
        [
          332.3,
          277.3
        ],
        [
          330.0,
          277.8
        ],
        [
          325.8,
          279.1
        ],
        [
          323.4,
          281.1
        ],
        [
          320.9,
          283.3
        ],
        [
          319.2,
          285.2
        ],
        [
          318.7,
          286.4
        ],
        [
          318.7,
          291.3
        ],
        [
          313.7,
          291.2
        ],
        [
          313.8,
          286.1
        ],
        [
          313.0,
          284.4
        ],
        [
          311.4,
          282.8
        ],
        [
          309.3,
          280.8
        ],
        [
          305.6,
          278.8
        ],
        [
          303.6,
          277.8
        ],
        [
          300.2,
          277.4
        ]
      ],
      "group_id": null,
      "shape_type": "polygon",
      "flags": {}
    },
    {
      "label": "door",
      "points": [
        [
          215.4,
          385.6
        ],
        [
          211.2,
          385.5
        ],
        [
          211.5,
          372.2
        ],
        [
          215.0,
          372.1
        ],
        [
          218.3,
          372.4
        ],
        [
          222.1,
          373.2
        ],
        [
          226.1,
          374.9
        ],
        [
          229.2,
          376.9
        ],
        [
          232.2,
          379.8
        ],
        [
          233.5,
          382.3
        ],
        [
          234.3,
          385.4
        ],
        [
          231.1,
          385.5
        ],
        [
          230.2,
          382.1
        ],
        [
          228.3,
          379.6
        ],
        [
          224.4,
          377.1
        ],
        [
          219.7,
          375.6
        ],
        [
          215.4,
          375.3
        ]
      ],
      "group_id": null,
      "shape_type": "polygon",
      "flags": {}
    },
    {
      "label": "door",
      "points": [
        [
          75.4,
          337.3
        ],
        [
          75.2,
          340.5
        ],
        [
          94.5,
          340.3
        ],
        [
          94.6,
          336.0
        ],
        [
          92.9,
          332.1
        ],
        [
          90.1,
          329.6
        ],
        [
          86.2,
          327.1
        ],
        [
          82.0,
          325.8
        ],
        [
          77.3,
          325.3
        ],
        [
          76.1,
          325.1
        ],
        [
          76.0,
          327.5
        ],
        [
          78.7,
          327.7
        ],
        [
          81.4,
          327.9
        ],
        [
          83.6,
          329.0
        ],
        [
          85.5,
          330.0
        ],
        [
          87.4,
          331.7
        ],
        [
          89.8,
          333.8
        ],
        [
          90.6,
          336.4
        ],
        [
          90.8,
          337.3
        ]
      ],
      "group_id": null,
      "shape_type": "polygon",
      "flags": {}
    },
    {
      "label": "door",
      "points": [
        [
          89.1,
          298.8
        ],
        [
          93.5,
          298.8
        ],
        [
          102.8,
          304.4
        ],
        [
          103.4,
          305.8
        ],
        [
          100.8,
          307.8
        ],
        [
          98.6,
          308.4
        ],
        [
          95.2,
          309.4
        ],
        [
          91.2,
          309.2
        ],
        [
          90.8,
          307.2
        ],
        [
          94.4,
          307.5
        ],
        [
          96.5,
          307.0
        ],
        [
          98.5,
          305.7
        ]
      ],
      "group_id": null,
      "shape_type": "polygon",
      "flags": {}
    },
    {
      "label": "door",
      "points": [
        [
          113.57758620689656,
          128.44827586206898
        ],
        [
          114.0,
          143.0
        ],
        [
          117.5,
          142.7
        ],
        [
          122.5,
          141.7
        ],
        [
          126.2,
          140.2
        ],
        [
          129.1,
          138.7
        ],
        [
          131.5,
          136.6
        ],
        [
          133.4,
          134.6
        ],
        [
          135.1,
          132.0
        ],
        [
          135.7,
          128.5
        ],
        [
          132.7,
          128.5
        ],
        [
          132.0,
          130.6
        ],
        [
          130.1,
          133.5
        ],
        [
          128.2,
          135.7
        ],
        [
          125.0,
          137.2
        ],
        [
          121.2,
          138.9
        ],
        [
          117.1,
          139.3
        ],
        [
          117.2,
          128.1
        ]
      ],
      "group_id": null,
      "shape_type": "polygon",
      "flags": {}
    }
  ],
  "imagePath": "45724345.jpg",
  "imageData": null,
  "imageHeight": 513,
  "imageWidth": 513
}