{
  "version": "4.5.9",
  "flags": {},
  "shapes": [
    {
      "label": "door",
      "points": [
        [
          141.09232769830948,
          223.5370611183355
        ],
        [
          168.79063719115734,
          213.78413524057217
        ],
        [
          170.6111833550065,
          217.42522756827046
        ],
        [
          172.43172951885566,
          221.84655396618984
        ],
        [
          172.56176853055916,
          225.74772431729517
        ],
        [
          171.9115734720416,
          229.90897269180752
        ],
        [
          170.22106631989595,
          233.81014304291287
        ],
        [
          166.97009102730817,
          237.06111833550065
        ],
        [
          163.97919375812742,
          239.40182054616383
        ],
        [
          157.6072821846554,
          242.5227568270481
        ],
        [
          156.5669700910273,
          243.30299089726915
        ],
        [
          154.87646293888164,
          241.3524057217165
        ],
        [
          158.9076723016905,
          239.14174252275683
        ],
        [
          162.28868660598178,
          236.67100130039012
        ],
        [
          166.31989596879063,
          233.1599479843953
        ],
        [
          168.2704811443433,
          230.29908972691806
        ],
        [
          169.70091027308192,
          227.3081924577373
        ],
        [
          170.09102730819245,
          223.27698309492845
        ],
        [
          167.62028608582574,
          218.20546163849153
        ],
        [
          167.2301690507152,
          218.07542262678803
        ],
        [
          142.00260078023408,
          226.52795838751624
        ]
      ],
      "group_id": null,
      "shape_type": "polygon",
      "flags": {}
    },
    {
      "label": "door",
      "points": [
        [
          185.3658536585366,
          252.9268292682927
        ],
        [
          185.1219512195122,
          272.07317073170736
        ],
        [
          188.90243902439025,
          272.8048780487805
        ],
        [
          192.07317073170734,
          272.8048780487805
        ],
        [
          196.82926829268294,
          271.70731707317077
        ],
        [
          200.97560975609758,
          270.609756097561
        ],
        [
          205.3658536585366,
          269.0243902439025
        ],
        [
          210.12195121951223,
          266.70731707317077
        ],
        [
          213.78048780487808,
          264.39024390243907
        ],
        [
          215.97560975609758,
          261.219512195122
        ],
        [
          217.68292682926833,
          258.1707317073171
        ],
        [
          219.02439024390245,
          253.41463414634148
        ],
        [
          216.82926829268294,
          252.9268292682927
        ],
        [
          215.85365853658539,
          255.7317073170732
        ],
        [
          214.39024390243904,
          258.0487804878049
        ],
        [
          210.85365853658539,
          262.3170731707317
        ],
        [
          206.95121951219514,
          265.2439024390244
        ],
        [
          200.7317073170732,
          268.1707317073171
        ],
        [
          195.85365853658539,
          269.63414634146346
        ],
        [
          190.609756097561,
          270.1219512195122
        ],
        [
          189.51219512195124,
          270.0
        ],
        [
          189.63414634146343,
          252.31707317073173
        ]
      ],
      "group_id": null,
      "shape_type": "polygon",
      "flags": {}
    },
    {
      "label": "door",
      "points": [
        [
          254.4,
          210.6
        ],
        [
          250.6,
          210.6
        ],
        [
          250.6,
          193.1
        ],
        [
          248.1,
          193.0
        ],
        [
          243.7,
          193.9
        ],
        [
          239.8,
          195.2
        ],
        [
          235.9,
          196.8
        ],
        [
          232.4,
          198.9
        ],
        [
          229.5,
          201.1
        ],
        [
          227.0,
          203.1
        ],
        [
          226.0,
          205.2
        ],
        [
          225.1,
          209.1
        ],
        [
          224.8,
          210.3
        ],
        [
          222.2,
          210.0
        ],
        [
          222.6,
          207.3
        ],
        [
          223.7,
          203.7
        ],
        [
          225.2,
          200.7
        ],
        [
          228.4,
          198.2
        ],
        [
          231.9,
          196.1
        ],
        [
          235.6,
          194.1
        ],
        [
          239.2,
          192.4
        ],
        [
          244.1,
          190.8
        ],
        [
          248.5,
          190.4
        ],
        [
          253.1,
          190.4
        ],
        [
          254.8,
          190.4
        ]
      ],
      "group_id": null,
      "shape_type": "polygon",
      "flags": {}
    },
    {
      "label": "door",
      "points": [
        [
          266.7049368541906,
          241.79104477611938
        ],
        [
          267.04936854190584,
          244.31687715269803
        ],
        [
          299.0815154994259,
          243.97244546498274
        ],
        [
          299.31113662456943,
          240.87256027554534
        ],
        [
          297.47416762342135,
          236.39494833524682
        ],
        [
          295.17795637198617,
          233.06544202066587
        ],
        [
          291.1595866819747,
          229.16188289322616
        ],
        [
          286.56716417910445,
          226.1768082663605
        ],
        [
          280.13777267508607,
          224.45464982778412
        ],
        [
          274.51205510907,
          223.53616532721009
        ],
        [
          268.1974741676234,
          223.42135476463832
        ],
        [
          267.9678530424799,
          224.68427095292765
        ],
        [
          273.4787600459242,
          225.6027554535017
        ],
        [
          278.07118254879447,
          226.75086107921928
        ],
        [
          283.3524684270953,
          228.2433983926521
        ],
        [
          287.715269804822,
          229.96555683122844
        ],
        [
          290.4707233065442,
          232.4913892078071
        ],
        [
          292.6521239954075,
          234.90241102181398
        ],
        [
          294.25947187141213,
          236.73938002296208
        ],
        [
          296.32606199770373,
          239.3800229621125
        ],
        [
          297.0149253731343,
          241.56142365097585
        ]
      ],
      "group_id": null,
      "shape_type": "polygon",
      "flags": {}
    },
    {
      "label": "door",
      "points": [
        [
          131.1,
          167.1
        ],
        [
          134.7,
          167.3
        ],
        [
          148.9,
          158.9
        ],
        [
          148.1,
          156.6
        ],
        [
          146.3,
          155.5
        ],
        [
          143.8,
          154.3
        ],
        [
          139.9,
          153.5
        ],
        [
          135.3,
          152.9
        ],
        [
          135.2,
          154.7
        ],
        [
          138.4,
          155.5
        ],
        [
          140.7,
          156.1
        ],
        [
          144.4,
          157.6
        ]
      ],
      "group_id": null,
      "shape_type": "polygon",
      "flags": {}
    }
  ],
  "imagePath": "45724339.jpg",
  "imageData": null,
  "imageHeight": 513,
  "imageWidth": 513
}