{
  "version": "4.5.9",
  "flags": {},
  "shapes": [
    {
      "label": "door",
      "points": [
        [
          309.2373791621912,
          174.11385606874327
        ],
        [
          309.2373791621912,
          155.6390977443609
        ],
        [
          305.8002148227712,
          155.2094522019334
        ],
        [
          302.57787325456496,
          155.53168635875403
        ],
        [
          298.06659505907623,
          156.49838882921588
        ],
        [
          292.5886143931257,
          158.75402792696025
        ],
        [
          288.07733619763695,
          161.54672395273897
        ],
        [
          283.9957035445757,
          164.98388829215895
        ],
        [
          281.0955961331901,
          169.28034371643395
        ],
        [
          280.0214822771214,
          173.46938775510202
        ],
        [
          279.9140708915145,
          174.22126745435014
        ],
        [
          283.45864661654133,
          174.4360902255639
        ],
        [
          283.3512352309345,
          171.64339419978518
        ],
        [
          284.8549946294307,
          167.6691729323308
        ],
        [
          288.6143931256713,
          164.0171858216971
        ],
        [
          293.44790547798067,
          161.4393125671321
        ],
        [
          297.9591836734694,
          159.828141783029
        ],
        [
          301.6111707841031,
          158.75402792696025
        ],
        [
          306.44468313641244,
          158.109559613319
        ],
        [
          306.44468313641244,
          174.32867883995704
        ]
      ],
      "group_id": null,
      "shape_type": "polygon",
      "flags": {}
    },
    {
      "label": "door",
      "points": [
        [
          276.4,
          293.4
        ],
        [
          276.3,
          274.6
        ],
        [
          273.5,
          274.7
        ],
        [
          268.5,
          275.4
        ],
        [
          263.5,
          276.6
        ],
        [
          260.9,
          278.0
        ],
        [
          257.1,
          279.8
        ],
        [
          254.3,
          282.0
        ],
        [
          251.5,
          284.8
        ],
        [
          249.7,
          287.9
        ],
        [
          248.5,
          291.7
        ],
        [
          248.8,
          293.2
        ],
        [
          251.2,
          293.2
        ],
        [
          251.5,
          290.2
        ],
        [
          252.5,
          287.9
        ],
        [
          254.8,
          285.1
        ],
        [
          257.6,
          283.1
        ],
        [
          261.8,
          280.9
        ],
        [
          265.7,
          278.9
        ],
        [
          268.9,
          277.8
        ],
        [
          272.1,
          277.3
        ],
        [
          274.5,
          277.5
        ],
        [
          274.5,
          293.4
        ]
      ],
      "group_id": null,
      "shape_type": "polygon",
      "flags": {}
    },
    {
      "label": "door",
      "points": [
        [
          283.8,
          299.7
        ],
        [
          256.8,
          299.2
        ],
        [
          256.5,
          302.1
        ],
        [
          258.5,
          306.7
        ],
        [
          262.2,
          311.6
        ],
        [
          265.2,
          313.8
        ],
        [
          269.2,
          315.8
        ],
        [
          273.1,
          317.5
        ],
        [
          276.7,
          318.2
        ],
        [
          281.5,
          318.6
        ],
        [
          281.3,
          316.3
        ],
        [
          277.7,
          316.1
        ],
        [
          274.0,
          315.1
        ],
        [
          270.4,
          313.8
        ],
        [
          267.5,
          311.9
        ],
        [
          264.9,
          310.0
        ],
        [
          262.8,
          307.5
        ],
        [
          261.3,
          304.6
        ],
        [
          260.5,
          301.6
        ],
        [
          284.0,
          301.8
        ]
      ],
      "group_id": null,
      "shape_type": "polygon",
      "flags": {}
    },
    {
      "label": "door",
      "points": [
        [
          239.9,
          315.4
        ],
        [
          239.9,
          317.3
        ],
        [
          236.7,
          317.6
        ],
        [
          233.4,
          317.5
        ],
        [
          231.4,
          317.2
        ],
        [
          228.2,
          316.1
        ],
        [
          226.8,
          315.8
        ],
        [
          222.6,
          313.7
        ],
        [
          219.0,
          311.4
        ],
        [
          215.9,
          307.9
        ],
        [
          214.8,
          306.4
        ],
        [
          214.0,
          304.1
        ],
        [
          213.4,
          302.0
        ],
        [
          213.0,
          299.6
        ],
        [
          213.4,
          297.7
        ],
        [
          216.0,
          297.9
        ],
        [
          216.0,
          300.9
        ],
        [
          216.3,
          302.8
        ],
        [
          217.4,
          305.0
        ],
        [
          218.3,
          306.1
        ],
        [
          219.3,
          307.4
        ],
        [
          221.1,
          308.7
        ],
        [
          223.6,
          310.5
        ],
        [
          226.3,
          311.8
        ],
        [
          229.1,
          313.3
        ],
        [
          232.0,
          314.2
        ],
        [
          235.3,
          315.1
        ],
        [
          237.7,
          315.4
        ]
      ],
      "group_id": null,
      "shape_type": "polygon",
      "flags": {}
    }
  ],
  "imagePath": "45720004.jpg",
  "imageData": null,
  "imageHeight": 513,
  "imageWidth": 513
}