{
  "version": "4.5.9",
  "flags": {},
  "shapes": [
    {
      "label": "door",
      "points": [
        [
          250.3605769230769,
          203.4855769230769
        ],
        [
          218.02884615384616,
          203.3653846153846
        ],
        [
          217.78846153846152,
          200.3605769230769
        ],
        [
          218.38942307692307,
          196.51442307692307
        ],
        [
          220.6730769230769,
          193.14903846153845
        ],
        [
          223.5576923076923,
          190.50480769230768
        ],
        [
          227.28365384615384,
          187.01923076923077
        ],
        [
          231.73076923076923,
          184.97596153846152
        ],
        [
          236.89903846153845,
          183.1730769230769
        ],
        [
          242.4278846153846,
          181.85096153846152
        ],
        [
          248.07692307692307,
          181.0096153846154
        ],
        [
          250.48076923076923,
          180.76923076923077
        ],
        [
          250.3605769230769,
          183.65384615384616
        ],
        [
          246.39423076923077,
          184.01442307692307
        ],
        [
          241.82692307692307,
          184.7355769230769
        ],
        [
          237.37980769230768,
          185.6971153846154
        ],
        [
          232.69230769230768,
          187.6201923076923
        ],
        [
          229.20673076923077,
          190.14423076923077
        ],
        [
          224.63942307692307,
          193.26923076923077
        ],
        [
          222.71634615384616,
          196.15384615384616
        ],
        [
          221.39423076923077,
          200.1201923076923
        ],
        [
          221.875,
          201.20192307692307
        ],
        [
          250.3605769230769,
          200.96153846153845
        ]
      ],
      "group_id": null,
      "shape_type": "polygon",
      "flags": {}
    },
    {
      "label": "door",
      "points": [
        [
          266.0477453580902,
          237.0026525198939
        ],
        [
          265.9151193633952,
          217.3740053050398
        ],
        [
          270.42440318302386,
          217.3740053050398
        ],
        [
          277.0557029177719,
          218.0371352785146
        ],
        [
          284.3501326259947,
          220.026525198939
        ],
        [
          290.58355437665784,
          222.81167108753314
        ],
        [
          295.2254641909814,
          227.58620689655172
        ],
        [
          298.0106100795756,
          231.43236074270558
        ],
        [
          298.6737400530504,
          235.80901856763924
        ],
        [
          298.6737400530504,
          236.604774535809
        ],
        [
          296.41909814323606,
          236.3395225464191
        ],
        [
          294.56233421750665,
          231.83023872679044
        ],
        [
          291.7771883289125,
          228.24933687002653
        ],
        [
          288.46153846153845,
          225.19893899204243
        ],
        [
          284.0848806366048,
          223.07692307692307
        ],
        [
          278.6472148541114,
          220.9549071618037
        ],
        [
          273.8726790450928,
          220.026525198939
        ],
        [
          271.3527851458886,
          219.6286472148541
        ],
        [
          268.16976127320953,
          219.3633952254642
        ],
        [
          268.7002652519894,
          237.53315649867375
        ]
      ],
      "group_id": null,
      "shape_type": "polygon",
      "flags": {}
    },
    {
      "label": "door",
      "points": [
        [
          298.4,
          325.3
        ],
        [
          298.4,
          306.2
        ],
        [
          295.7,
          306.3
        ],
        [
          291.5,
          306.8
        ],
        [
          286.0,
          308.0
        ],
        [
          281.6,
          309.9
        ],
        [
          278.2,
          311.4
        ],
        [
          274.4,
          313.6
        ],
        [
          272.1,
          316.0
        ],
        [
          269.8,
          319.1
        ],
        [
          268.1,
          322.3
        ],
        [
          267.4,
          325.1
        ],
        [
          269.4,
          325.6
        ],
        [
          270.3,
          323.5
        ],
        [
          271.8,
          320.1
        ],
        [
          273.8,
          317.4
        ],
        [
          277.0,
          314.9
        ],
        [
          279.6,
          313.3
        ],
        [
          283.5,
          311.9
        ],
        [
          288.6,
          310.5
        ],
        [
          292.4,
          309.6
        ],
        [
          296.1,
          309.7
        ],
        [
          296.2,
          326.2
        ],
        [
          298.7,
          326.3
        ]
      ],
      "group_id": null,
      "shape_type": "polygon",
      "flags": {}
    },
    {
      "label": "door",
      "points": [
        [
          218.57142857142858,
          288.35164835164835
        ],
        [
          199.45054945054946,
          303.84615384615387
        ],
        [
          201.75824175824175,
          305.8241758241758
        ],
        [
          204.83516483516485,
          307.03296703296706
        ],
        [
          207.9120879120879,
          308.02197802197804
        ],
        [
          210.989010989011,
          308.6813186813187
        ],
        [
          215.05494505494505,
          309.1208791208791
        ],
        [
          218.46153846153848,
          309.2307692307692
        ],
        [
          218.57142857142858,
          307.5824175824176
        ],
        [
          216.04395604395606,
          307.25274725274727
        ],
        [
          212.74725274725276,
          306.92307692307696
        ],
        [
          209.67032967032966,
          306.4835164835165
        ],
        [
          207.58241758241758,
          305.8241758241758
        ],
        [
          205.05494505494505,
          304.83516483516485
        ],
        [
          204.06593406593407,
          304.1758241758242
        ],
        [
          220.65934065934067,
          289.34065934065933
        ]
      ],
      "group_id": null,
      "shape_type": "polygon",
      "flags": {}
    },
    {
      "label": "door",
      "points": [
        [
          309.3,
          313.2
        ],
        [
          341.6,
          313.3
        ],
        [
          341.8,
          310.7
        ],
        [
          340.6,
          306.1
        ],
        [
          338.2,
          302.2
        ],
        [
          334.1,
          298.4
        ],
        [
          328.7,
          295.6
        ],
        [
          325.4,
          294.3
        ],
        [
          320.5,
          292.7
        ],
        [
          315.6,
          291.9
        ],
        [
          310.1,
          291.5
        ],
        [
          310.0,
          293.9
        ],
        [
          314.5,
          294.2
        ],
        [
          318.7,
          294.5
        ],
        [
          322.4,
          295.7
        ],
        [
          326.1,
          297.0
        ],
        [
          330.0,
          299.3
        ],
        [
          332.8,
          301.2
        ],
        [
          335.3,
          304.2
        ],
        [
          337.4,
          308.2
        ],
        [
          338.9,
          311.2
        ],
        [
          309.2,
          311.1
        ]
      ],
      "group_id": null,
      "shape_type": "polygon",
      "flags": {}
    },
    {
      "label": "door",
      "points": [
        [
          309.5,
          262.7
        ],
        [
          341.2,
          262.4
        ],
        [
          342.1,
          264.2
        ],
        [
          341.6,
          267.0
        ],
        [
          339.8,
          270.4
        ],
        [
          336.4,
          274.7
        ],
        [
          333.2,
          277.8
        ],
        [
          329.6,
          279.8
        ],
        [
          324.8,
          281.6
        ],
        [
          320.7,
          282.9
        ],
        [
          316.3,
          283.7
        ],
        [
          312.0,
          284.2
        ],
        [
          309.1,
          284.2
        ],
        [
          309.5,
          282.4
        ],
        [
          313.0,
          282.6
        ],
        [
          317.2,
          281.9
        ],
        [
          320.8,
          280.8
        ],
        [
          325.1,
          279.1
        ],
        [
          328.6,
          277.4
        ],
        [
          330.9,
          275.8
        ],
        [
          334.1,
          273.6
        ],
        [
          336.6,
          270.8
        ],
        [
          338.0,
          268.5
        ],
        [
          338.8,
          264.4
        ],
        [
          309.4,
          264.5
        ]
      ],
      "group_id": null,
      "shape_type": "polygon",
      "flags": {}
    }
  ],
  "imagePath": "45720007.jpg",
  "imageData": null,
  "imageHeight": 513,
  "imageWidth": 513
}