{
  "version": "4.5.9",
  "flags": {},
  "shapes": [
    {
      "label": "door",
      "points": [
        [
          154.1,
          159.6
        ],
        [
          174.8,
          159.5
        ],
        [
          175.2,
          161.8
        ],
        [
          174.2,
          165.1
        ],
        [
          172.9,
          169.5
        ],
        [
          170.7,
          172.1
        ],
        [
          168.0,
          174.6
        ],
        [
          165.2,
          176.5
        ],
        [
          159.7,
          178.6
        ],
        [
          153.9,
          179.4
        ],
        [
          153.9,
          177.8
        ],
        [
          158.4,
          176.7
        ],
        [
          162.4,
          175.1
        ],
        [
          166.3,
          172.7
        ],
        [
          168.9,
          169.2
        ],
        [
          170.9,
          165.7
        ],
        [
          172.2,
          161.7
        ],
        [
          154.0,
          161.7
        ]
      ],
      "group_id": null,
      "shape_type": "polygon",
      "flags": {}
    },
    {
      "label": "door",
      "points": [
        [
          230.3,
          149.3
        ],
        [
          228.6,
          149.2
        ],
        [
          228.5,
          136.9
        ],
        [
          224.8,
          137.2
        ],
        [
          220.9,
          138.0
        ],
        [
          216.3,
          139.1
        ],
        [
          212.9,
          140.8
        ],
        [
          209.9,
          143.4
        ],
        [
          207.5,
          146.2
        ],
        [
          206.3,
          149.6
        ],
        [
          203.8,
          149.6
        ],
        [
          204.4,
          145.9
        ],
        [
          206.6,
          142.5
        ],
        [
          209.4,
          140.2
        ],
        [
          212.7,
          137.9
        ],
        [
          216.7,
          136.0
        ],
        [
          220.9,
          135.5
        ],
        [
          225.3,
          134.8
        ],
        [
          230.5,
          134.5
        ]
      ],
      "group_id": null,
      "shape_type": "polygon",
      "flags": {}
    },
    {
      "label": "door",
      "points": [
        [
          274.4,
          165.4
        ],
        [
          275.8,
          166.4
        ],
        [
          288.7,
          155.8
        ],
        [
          288.0,
          153.4
        ],
        [
          285.9,
          152.1
        ],
        [
          282.0,
          150.3
        ],
        [
          276.5,
          148.7
        ],
        [
          270.4,
          148.4
        ],
        [
          265.3,
          148.6
        ],
        [
          261.7,
          149.4
        ],
        [
          253.9,
          153.6
        ],
        [
          255.7,
          155.1
        ],
        [
          261.9,
          151.8
        ],
        [
          267.0,
          150.8
        ],
        [
          273.6,
          150.8
        ],
        [
          278.4,
          151.5
        ],
        [
          283.1,
          153.0
        ],
        [
          285.6,
          154.6
        ]
      ],
      "group_id": null,
      "shape_type": "polygon",
      "flags": {}
    },
    {
      "label": "door",
      "points": [
        [
          267.5,
          236.5
        ],
        [
          270.4,
          236.5
        ],
        [
          270.0,
          252.3
        ],
        [
          266.1,
          252.6
        ],
        [
          261.5,
          252.2
        ],
        [
          256.6,
          251.0
        ],
        [
          253.1,
          249.6
        ],
        [
          248.6,
          247.1
        ],
        [
          245.1,
          243.9
        ],
        [
          243.6,
          239.8
        ],
        [
          242.3,
          242.8
        ],
        [
          239.9,
          245.7
        ],
        [
          236.6,
          247.9
        ],
        [
          232.4,
          249.8
        ],
        [
          227.3,
          251.3
        ],
        [
          221.1,
          252.3
        ],
        [
          216.3,
          252.2
        ],
        [
          216.2,
          236.4
        ],
        [
          218.5,
          236.3
        ],
        [
          218.6,
          249.6
        ],
        [
          221.8,
          249.6
        ],
        [
          226.1,
          249.3
        ],
        [
          230.7,
          248.1
        ],
        [
          234.5,
          245.9
        ],
        [
          239.1,
          241.7
        ],
        [
          241.3,
          237.8
        ],
        [
          242.3,
          231.6
        ],
        [
          245.0,
          231.4
        ],
        [
          245.5,
          237.8
        ],
        [
          247.2,
          241.2
        ],
        [
          249.6,
          243.9
        ],
        [
          252.9,
          246.1
        ],
        [
          256.3,
          247.7
        ],
        [
          260.9,
          249.0
        ],
        [
          266.4,
          249.7
        ],
        [
          267.2,
          249.7
        ]
      ],
      "group_id": null,
      "shape_type": "polygon",
      "flags": {}
    },
    {
      "label": "door",
      "points": [
        [
          283.1,
          225.8
        ],
        [
          283.2,
          228.3
        ],
        [
          303.8,
          228.0
        ],
        [
          303.9,
          225.1
        ],
        [
          302.9,
          220.6
        ],
        [
          300.3,
          215.8
        ],
        [
          295.6,
          211.4
        ],
        [
          288.1,
          208.4
        ],
        [
          283.5,
          207.7
        ],
        [
          284.0,
          210.5
        ],
        [
          287.1,
          210.7
        ],
        [
          291.6,
          212.2
        ],
        [
          295.0,
          214.5
        ],
        [
          297.5,
          217.5
        ],
        [
          299.7,
          221.3
        ],
        [
          301.1,
          225.6
        ]
      ],
      "group_id": null,
      "shape_type": "polygon",
      "flags": {}
    }
  ],
  "imagePath": "45724468.jpg",
  "imageData": null,
  "imageHeight": 513,
  "imageWidth": 513
}