{
  "version": "4.5.9",
  "flags": {},
  "shapes": [
    {
      "label": "door",
      "points": [
        [
          213.74045801526717,
          301.7175572519084
        ],
        [
          250.95419847328245,
          301.3358778625954
        ],
        [
          250.95419847328245,
          296.1832061068702
        ],
        [
          247.90076335877862,
          289.5038167938931
        ],
        [
          243.32061068702288,
          284.5419847328244
        ],
        [
          237.59541984732823,
          280.53435114503816
        ],
        [
          229.9618320610687,
          277.09923664122135
        ],
        [
          224.23664122137404,
          275.57251908396944
        ],
        [
          214.12213740458014,
          274.4274809160305
        ],
        [
          214.12213740458014,
          277.8625954198473
        ],
        [
          219.4656488549618,
          278.2442748091603
        ],
        [
          225.57251908396947,
          279.3893129770992
        ],
        [
          232.25190839694656,
          281.2977099236641
        ],
        [
          237.59541984732823,
          283.96946564885496
        ],
        [
          242.36641221374046,
          288.9312977099236
        ],
        [
          245.22900763358777,
          293.3206106870229
        ],
        [
          247.32824427480915,
          296.1832061068702
        ],
        [
          247.70992366412213,
          298.66412213740455
        ],
        [
          213.3587786259542,
          298.28244274809157
        ]
      ],
      "group_id": null,
      "shape_type": "polygon",
      "flags": {}
    },
    {
      "label": "door",
      "points": [
        [
          293.4,
          296.2
        ],
        [
          330.1,
          296.0
        ],
        [
          330.0,
          293.0
        ],
        [
          328.3,
          288.6
        ],
        [
          326.1,
          284.5
        ],
        [
          323.2,
          281.5
        ],
        [
          319.7,
          278.9
        ],
        [
          316.3,
          276.5
        ],
        [
          310.5,
          274.0
        ],
        [
          306.3,
          272.8
        ],
        [
          301.7,
          271.9
        ],
        [
          293.7,
          271.5
        ],
        [
          293.8,
          273.9
        ],
        [
          300.6,
          274.3
        ],
        [
          305.7,
          275.3
        ],
        [
          310.6,
          276.9
        ],
        [
          315.0,
          279.2
        ],
        [
          319.0,
          282.4
        ],
        [
          321.9,
          285.1
        ],
        [
          324.9,
          288.6
        ],
        [
          326.4,
          292.3
        ],
        [
          326.9,
          294.2
        ],
        [
          293.4,
          294.2
        ]
      ],
      "group_id": null,
      "shape_type": "polygon",
      "flags": {}
    },
    {
      "label": "door",
      "points": [
        [
          231.8,
          361.9
        ],
        [
          231.9,
          364.6
        ],
        [
          269.3,
          364.3
        ],
        [
          269.3,
          360.6
        ],
        [
          267.9,
          356.7
        ],
        [
          265.1,
          352.4
        ],
        [
          262.0,
          349.2
        ],
        [
          258.0,
          346.2
        ],
        [
          253.3,
          343.8
        ],
        [
          248.7,
          341.8
        ],
        [
          243.5,
          340.2
        ],
        [
          240.2,
          339.6
        ],
        [
          232.7,
          339.0
        ],
        [
          232.7,
          341.3
        ],
        [
          236.1,
          341.4
        ],
        [
          241.0,
          342.2
        ],
        [
          247.3,
          343.7
        ],
        [
          253.1,
          346.5
        ],
        [
          256.9,
          349.2
        ],
        [
          260.4,
          352.7
        ],
        [
          263.7,
          356.7
        ],
        [
          264.8,
          360.8
        ],
        [
          264.9,
          361.4
        ]
      ],
      "group_id": null,
      "shape_type": "polygon",
      "flags": {}
    },
    {
      "label": "door",
      "points": [
        [
          290.59656218402426,
          330.0303336703741
        ],
        [
          293.0232558139535,
          328.61476238624874
        ],
        [
          319.61577350859454,
          345.3993933265925
        ],
        [
          317.39130434782606,
          347.9271991911021
        ],
        [
          314.6612740141557,
          349.3427704752275
        ],
        [
          310.7178968655207,
          350.96056622851364
        ],
        [
          305.25783619818,
          352.5783619817998
        ],
        [
          300.30333670374114,
          353.18503538928206
        ],
        [
          293.62992922143576,
          353.38725985844286
        ],
        [
          293.62992922143576,
          351.1627906976744
        ],
        [
          296.6632962588473,
          351.3650151668352
        ],
        [
          301.9211324570273,
          350.5561172901921
        ],
        [
          305.35894843276037,
          349.84833164812943
        ],
        [
          310.010111223458,
          348.3316481294236
        ],
        [
          314.2568250758342,
          346.30940343781594
        ]
      ],
      "group_id": null,
      "shape_type": "polygon",
      "flags": {}
    },
    {
      "label": "door",
      "points": [
        [
          286.3689776733255,
          374.26556991774385
        ],
        [
          250.0587544065805,
          374.14806110458284
        ],
        [
          249.8237367802585,
          378.8484136310223
        ],
        [
          251.8213866039953,
          382.7262044653349
        ],
        [
          254.99412455934197,
          388.1316098707403
        ],
        [
          258.5193889541716,
          391.30434782608694
        ],
        [
          263.454759106933,
          394.7121034077556
        ],
        [
          271.0928319623972,
          398.00235017626323
        ],
        [
          279.3184488836663,
          400.0
        ],
        [
          286.7215041128085,
          400.352526439483
        ],
        [
          286.8390129259694,
          397.53231492361925
        ],
        [
          281.66862514688603,
          397.17978848413634
        ],
        [
          276.02820211515865,
          396.3572267920094
        ],
        [
          270.0352526439483,
          394.94712103407755
        ],
        [
          262.5146886016451,
          390.716803760282
        ],
        [
          258.6368977673326,
          387.54406580493537
        ],
        [
          255.22914218566393,
          383.07873090481786
        ],
        [
          254.28907168037603,
          380.84606345475913
        ],
        [
          253.23149236192714,
          377.5558166862515
        ],
        [
          287.07403055229145,
          377.2032902467685
        ]
      ],
      "group_id": null,
      "shape_type": "polygon",
      "flags": {}
    },
    {
      "label": "door",
      "points": [
        [
          233.82789317507417,
          197.47774480712167
        ],
        [
          233.9,
          173.4
        ],
        [
          237.8,
          173.3
        ],
        [
          243.2,
          173.8
        ],
        [
          249.3,
          175.1
        ],
        [
          255.8,
          177.1
        ],
        [
          259.2,
          178.8
        ],
        [
          263.5,
          181.5
        ],
        [
          268.3,
          185.9
        ],
        [
          271.0,
          189.8
        ],
        [
          272.6,
          193.1
        ],
        [
          273.5,
          197.0
        ],
        [
          270.2,
          197.1
        ],
        [
          269.8,
          194.0
        ],
        [
          268.1,
          190.4
        ],
        [
          264.8,
          187.1
        ],
        [
          261.3,
          183.6
        ],
        [
          256.2,
          180.9
        ],
        [
          252.7,
          179.5
        ],
        [
          248.1,
          177.6
        ],
        [
          243.9,
          176.8
        ],
        [
          238.0,
          176.5
        ],
        [
          238.0,
          197.6
        ]
      ],
      "group_id": null,
      "shape_type": "polygon",
      "flags": {}
    },
    {
      "label": "door",
      "points": [
        [
          256.6615620214395,
          151.45482388973966
        ],
        [
          260.64318529862175,
          151.91424196018377
        ],
        [
          285.60490045941805,
          136.14088820826953
        ],
        [
          283.1546707503828,
          133.3843797856049
        ],
        [
          278.25421133231237,
          131.08728943338437
        ],
        [
          273.20061255742723,
          129.40275650842267
        ],
        [
          269.06584992343033,
          128.02450229709035
        ],
        [
          261.5620214395099,
          127.87136294027565
        ],
        [
          259.6,
          127.5
        ],
        [
          259.7,
          129.8
        ],
        [
          262.7,
          130.0
        ],
        [
          267.5,
          130.3
        ],
        [
          271.8,
          131.2
        ],
        [
          274.7,
          132.4
        ],
        [
          277.8,
          133.7
        ],
        [
          280.6,
          135.3
        ]
      ],
      "group_id": null,
      "shape_type": "polygon",
      "flags": {}
    },
    {
      "label": "door",
      "points": [
        [
          247.5,
          94.2
        ],
        [
          249.9,
          95.3
        ],
        [
          268.1,
          84.3
        ],
        [
          265.8,
          81.9
        ],
        [
          263.6,
          80.2
        ],
        [
          259.6,
          78.5
        ],
        [
          254.3,
          77.5
        ],
        [
          249.2,
          77.5
        ],
        [
          249.3,
          80.1
        ],
        [
          253.6,
          79.9
        ],
        [
          257.4,
          80.6
        ],
        [
          260.9,
          82.0
        ],
        [
          263.3,
          83.1
        ]
      ],
      "group_id": null,
      "shape_type": "polygon",
      "flags": {}
    }
  ],
  "imagePath": "45724399.jpg",
  "imageData": null,
  "imageHeight": 513,
  "imageWidth": 513
}