{
  "version": "4.5.9",
  "flags": {},
  "shapes": [
    {
      "label": "door",
      "points": [
        [
          341.4,
          157.3
        ],
        [
          341.4,
          147.8
        ],
        [
          339.1,
          148.1
        ],
        [
          335.9,
          148.1
        ],
        [
          332.4,
          149.3
        ],
        [
          330.3,
          151.4
        ],
        [
          328.3,
          154.0
        ],
        [
          327.3,
          157.3
        ],
        [
          329.5,
          157.3
        ],
        [
          330.4,
          155.0
        ],
        [
          332.4,
          153.1
        ],
        [
          334.7,
          151.7
        ],
        [
          338.3,
          151.2
        ],
        [
          338.4,
          157.4
        ]
      ],
      "group_id": null,
      "shape_type": "polygon",
      "flags": {}
    },
    {
      "label": "door",
      "points": [
        [
          307.5,
          167.1
        ],
        [
          296.7,
          167.0
        ],
        [
          296.4,
          170.7
        ],
        [
          297.3,
          173.2
        ],
        [
          298.8,
          175.0
        ],
        [
          301.4,
          176.6
        ],
        [
          305.1,
          178.0
        ],
        [
          307.4,
          178.2
        ],
        [
          307.5,
          176.1
        ],
        [
          304.6,
          175.5
        ],
        [
          301.6,
          174.2
        ],
        [
          299.6,
          172.2
        ],
        [
          298.4,
          169.6
        ],
        [
          308.0,
          169.4
        ]
      ],
      "group_id": null,
      "shape_type": "polygon",
      "flags": {}
    },
    {
      "label": "door",
      "points": [
        [
          340.2,
          210.6
        ],
        [
          340.0,
          201.7
        ],
        [
          336.5,
          201.4
        ],
        [
          333.8,
          201.9
        ],
        [
          330.8,
          203.2
        ],
        [
          328.1,
          205.8
        ],
        [
          326.3,
          208.2
        ],
        [
          325.7,
          211.0
        ],
        [
          328.0,
          211.1
        ],
        [
          329.4,
          208.8
        ],
        [
          332.1,
          206.5
        ],
        [
          335.1,
          204.8
        ],
        [
          336.2,
          204.5
        ],
        [
          336.9,
          204.5
        ],
        [
          337.0,
          211.1
        ]
      ],
      "group_id": null,
      "shape_type": "polygon",
      "flags": {}
    },
    {
      "label": "door",
      "points": [
        [
          218.6,
          181.4
        ],
        [
          218.5,
          190.4
        ],
        [
          220.7,
          190.7
        ],
        [
          223.7,
          190.2
        ],
        [
          226.3,
          189.2
        ],
        [
          228.9,
          187.7
        ],
        [
          231.4,
          185.9
        ],
        [
          233.0,
          183.6
        ],
        [
          232.5,
          181.1
        ],
        [
          230.8,
          180.7
        ],
        [
          230.3,
          182.3
        ],
        [
          229.2,
          183.6
        ],
        [
          228.5,
          184.6
        ],
        [
          226.0,
          186.3
        ],
        [
          224.4,
          186.7
        ],
        [
          221.8,
          186.7
        ],
        [
          221.6,
          181.3
        ]
      ],
      "group_id": null,
      "shape_type": "polygon",
      "flags": {}
    },
    {
      "label": "door",
      "points": [
        [
          289.4,
          231.6
        ],
        [
          301.2,
          231.6
        ],
        [
          301.2,
          233.9
        ],
        [
          300.6,
          236.5
        ],
        [
          299.4,
          238.7
        ],
        [
          296.4,
          241.2
        ],
        [
          294.1,
          243.0
        ],
        [
          292.1,
          243.8
        ],
        [
          289.8,
          244.1
        ],
        [
          289.7,
          241.9
        ],
        [
          291.3,
          241.0
        ],
        [
          293.7,
          239.7
        ],
        [
          295.3,
          238.0
        ],
        [
          297.2,
          235.7
        ],
        [
          297.7,
          234.3
        ],
        [
          289.5,
          234.5
        ]
      ],
      "group_id": null,
      "shape_type": "polygon",
      "flags": {}
    },
    {
      "label": "door",
      "points": [
        [
          283.5985312117503,
          272.58261933904527
        ],
        [
          271.2362301101591,
          272.7050183598531
        ],
        [
          271.11383108935127,
          275.8873929008568
        ],
        [
          272.2154222766218,
          278.21297429620563
        ],
        [
          273.9290085679315,
          280.0489596083231
        ],
        [
          275.27539779681763,
          281.5177478580171
        ],
        [
          277.47858017135866,
          282.8641370869033
        ],
        [
          280.41615667074666,
          283.2313341493268
        ],
        [
          282.61933904528763,
          283.35373317013466
        ],
        [
          283.10893512851897,
          281.7625458996328
        ],
        [
          280.41615667074666,
          281.2729498164015
        ],
        [
          278.0905752753978,
          280.2937576499388
        ],
        [
          276.13219094247245,
          278.3353733170135
        ],
        [
          274.90820073439414,
          275.6425948592411
        ],
        [
          283.72093023255815,
          275.6425948592411
        ]
      ],
      "group_id": null,
      "shape_type": "polygon",
      "flags": {}
    },
    {
      "label": "door",
      "points": [
        [
          303.3,
          381.2
        ],
        [
          303.3,
          390.4
        ],
        [
          306.7,
          390.5
        ],
        [
          310.3,
          390.1
        ],
        [
          313.8,
          388.7
        ],
        [
          317.2,
          386.2
        ],
        [
          319.1,
          382.9
        ],
        [
          319.7,
          381.5
        ],
        [
          316.4,
          381.4
        ],
        [
          316.0,
          383.3
        ],
        [
          313.6,
          385.3
        ],
        [
          311.5,
          386.9
        ],
        [
          308.8,
          388.1
        ],
        [
          305.6,
          388.5
        ],
        [
          305.6,
          381.1
        ]
      ],
      "group_id": null,
      "shape_type": "polygon",
      "flags": {}
    },
    {
      "label": "door",
      "points": [
        [
          338.3,
          316.1
        ],
        [
          338.2,
          317.8
        ],
        [
          331.2,
          314.9
        ],
        [
          329.9,
          316.3
        ],
        [
          328.2,
          316.6
        ],
        [
          328.3,
          314.0
        ],
        [
          329.8,
          312.4
        ]
      ],
      "group_id": null,
      "shape_type": "polygon",
      "flags": {}
    }
  ],
  "imagePath": "45724363.jpg",
  "imageData": null,
  "imageHeight": 513,
  "imageWidth": 513
}