{
  "version": "4.5.9",
  "flags": {},
  "shapes": [
    {
      "label": "door",
      "points": [
        [
          35.17156862745098,
          252.45098039215685
        ],
        [
          54.411764705882355,
          252.08333333333334
        ],
        [
          54.90196078431372,
          248.65196078431373
        ],
        [
          54.53431372549019,
          243.62745098039215
        ],
        [
          53.30882352941176,
          240.0735294117647
        ],
        [
          51.59313725490196,
          236.39705882352942
        ],
        [
          48.28431372549019,
          232.72058823529412
        ],
        [
          44.73039215686274,
          229.77941176470588
        ],
        [
          42.279411764705884,
          228.30882352941177
        ],
        [
          38.970588235294116,
          226.9607843137255
        ],
        [
          35.17156862745098,
          226.10294117647058
        ],
        [
          34.9264705882353,
          228.06372549019608
        ],
        [
          37.622549019607845,
          228.79901960784312
        ],
        [
          41.299019607843135,
          230.63725490196077
        ],
        [
          43.872549019607845,
          232.35294117647058
        ],
        [
          45.955882352941174,
          234.19117647058823
        ],
        [
          48.40686274509804,
          237.2549019607843
        ],
        [
          50.73529411764706,
          240.9313725490196
        ],
        [
          51.470588235294116,
          243.5049019607843
        ],
        [
          52.083333333333336,
          247.05882352941177
        ],
        [
          52.205882352941174,
          249.26470588235293
        ],
        [
          35.17156862745098,
          248.77450980392157
        ]
      ],
      "group_id": null,
      "shape_type": "polygon",
      "flags": {}
    },
    {
      "label": "door",
      "points": [
        [
          189.81366459627327,
          165.46583850931677
        ],
        [
          168.8198757763975,
          165.3416149068323
        ],
        [
          168.6,
          168.4
        ],
        [
          169.0,
          172.6
        ],
        [
          170.3,
          176.8
        ],
        [
          172.0,
          180.3
        ],
        [
          173.8,
          183.4
        ],
        [
          176.8,
          186.4
        ],
        [
          180.3,
          188.9
        ],
        [
          183.8,
          190.5
        ],
        [
          187.9,
          191.8
        ],
        [
          190.1,
          192.2
        ],
        [
          190.2,
          190.0
        ],
        [
          187.8,
          189.2
        ],
        [
          185.0,
          188.4
        ],
        [
          182.2,
          187.1
        ],
        [
          179.7,
          184.8
        ],
        [
          177.1,
          182.4
        ],
        [
          175.3,
          180.3
        ],
        [
          174.1,
          178.1
        ],
        [
          173.0,
          175.4
        ],
        [
          172.1,
          173.3
        ],
        [
          171.5,
          168.8
        ],
        [
          190.4,
          168.6
        ]
      ],
      "group_id": null,
      "shape_type": "polygon",
      "flags": {}
    },
    {
      "label": "door",
      "points": [
        [
          170.4,
          279.4
        ],
        [
          170.4,
          253.2
        ],
        [
          167.1,
          253.2
        ],
        [
          163.2,
          253.6
        ],
        [
          159.6,
          255.1
        ],
        [
          157.1,
          256.8
        ],
        [
          154.5,
          259.2
        ],
        [
          152.4,
          262.5
        ],
        [
          150.9,
          265.3
        ],
        [
          149.3,
          268.5
        ],
        [
          147.9,
          272.6
        ],
        [
          147.3,
          276.0
        ],
        [
          147.0,
          279.2
        ],
        [
          149.8,
          279.4
        ],
        [
          150.0,
          276.5
        ],
        [
          150.5,
          272.9
        ],
        [
          152.1,
          269.4
        ],
        [
          153.6,
          266.3
        ],
        [
          155.8,
          263.3
        ],
        [
          157.8,
          261.0
        ],
        [
          160.9,
          258.2
        ],
        [
          164.3,
          256.6
        ],
        [
          167.2,
          256.0
        ],
        [
          167.7,
          279.7
        ]
      ],
      "group_id": null,
      "shape_type": "polygon",
      "flags": {}
    },
    {
      "label": "door",
      "points": [
        [
          216.53179190751445,
          151.4450867052023
        ],
        [
          216.878612716763,
          126.9364161849711
        ],
        [
          213.757225433526,
          126.47398843930635
        ],
        [
          209.24855491329478,
          127.28323699421965
        ],
        [
          206.0115606936416,
          128.90173410404623
        ],
        [
          202.4277456647399,
          131.32947976878611
        ],
        [
          199.53757225433526,
          134.91329479768785
        ],
        [
          198.03468208092485,
          137.22543352601156
        ],
        [
          196.0693641618497,
          140.46242774566474
        ],
        [
          195.02890173410404,
          143.58381502890174
        ],
        [
          194.4508670520231,
          146.7052023121387
        ],
        [
          194.21965317919074,
          150.86705202312137
        ],
        [
          196.1849710982659,
          150.7514450867052
        ],
        [
          196.30057803468208,
          148.20809248554912
        ],
        [
          197.22543352601156,
          145.08670520231215
        ],
        [
          198.4971098265896,
          141.04046242774567
        ],
        [
          201.15606936416185,
          137.34104046242774
        ],
        [
          203.0057803468208,
          135.2601156069364
        ],
        [
          206.58959537572252,
          132.60115606936415
        ],
        [
          209.47976878612715,
          130.635838150289
        ],
        [
          213.41040462427745,
          129.36416184971097
        ],
        [
          214.10404624277456,
          129.36416184971097
        ],
        [
          213.98843930635837,
          151.67630057803467
        ]
      ],
      "group_id": null,
      "shape_type": "polygon",
      "flags": {}
    },
    {
      "label": "door",
      "points": [
        [
          221.2,
          107.5
        ],
        [
          221.2,
          80.4
        ],
        [
          223.7,
          80.1
        ],
        [
          226.9,
          80.7
        ],
        [
          229.9,
          82.3
        ],
        [
          233.3,
          84.7
        ],
        [
          237.1,
          87.8
        ],
        [
          239.9,
          91.6
        ],
        [
          242.1,
          95.9
        ],
        [
          243.1,
          99.4
        ],
        [
          244.5,
          103.4
        ],
        [
          244.9,
          107.4
        ],
        [
          242.8,
          107.4
        ],
        [
          242.0,
          104.4
        ],
        [
          240.8,
          100.3
        ],
        [
          239.5,
          96.7
        ],
        [
          236.9,
          92.9
        ],
        [
          234.9,
          89.8
        ],
        [
          232.6,
          87.9
        ],
        [
          230.0,
          86.2
        ],
        [
          227.3,
          85.0
        ],
        [
          224.6,
          84.4
        ],
        [
          224.7,
          107.8
        ],
        [
          222.2,
          107.7
        ]
      ],
      "group_id": null,
      "shape_type": "polygon",
      "flags": {}
    },
    {
      "label": "door",
      "points": [
        [
          202.50347705146035,
          260.36161335187757
        ],
        [
          181.64116828929068,
          259.9443671766342
        ],
        [
          181.0848400556328,
          264.81223922114043
        ],
        [
          181.50208623087622,
          269.12378303198886
        ],
        [
          182.75382475660638,
          272.7399165507649
        ],
        [
          184.42280945757997,
          275.79972183588313
        ],
        [
          186.92628650904032,
          279.69401947148816
        ],
        [
          189.56884561891516,
          281.5020862308762
        ],
        [
          193.04589707927676,
          283.8664812239221
        ],
        [
          195.54937413073714,
          285.11821974965227
        ],
        [
          199.02642559109873,
          286.6481223922114
        ],
        [
          202.22531293463143,
          287.06536856745475
        ],
        [
          202.50347705146035,
          284.144645340751
        ],
        [
          199.72183588317105,
          283.5883171070932
        ],
        [
          196.52294853963838,
          282.47566063977746
        ],
        [
          193.46314325452016,
          280.6675938803894
        ],
        [
          190.40333796940195,
          278.442280945758
        ],
        [
          188.31710709318497,
          275.79972183588313
        ],
        [
          187.06536856745478,
          273.2962447844228
        ],
        [
          185.39638386648122,
          269.6801112656467
        ],
        [
          184.28372739916549,
          267.3157162726008
        ],
        [
          183.8664812239221,
          263.9777468706537
        ],
        [
          202.6425591098748,
          263.8386648122392
        ]
      ],
      "group_id": null,
      "shape_type": "polygon",
      "flags": {}
    },
    {
      "label": "door",
      "points": [
        [
          209.52380952380955,
          293.57696566998897
        ],
        [
          209.19158361018827,
          318.4939091915836
        ],
        [
          212.07087486157255,
          318.7153931339978
        ],
        [
          216.72203765227022,
          317.4972314507198
        ],
        [
          221.48394241417498,
          315.3931339977852
        ],
        [
          224.69545957918052,
          312.8460686600222
        ],
        [
          227.4640088593577,
          310.18826135105206
        ],
        [
          229.67884828349946,
          305.98006644518273
        ],
        [
          231.56146179401995,
          301.9933554817276
        ],
        [
          232.55813953488374,
          297.12070874861575
        ],
        [
          232.890365448505,
          293.46622369878185
        ],
        [
          230.34330011074198,
          293.1339977851606
        ],
        [
          229.56810631229237,
          297.452934662237
        ],
        [
          227.90697674418607,
          301.7718715393134
        ],
        [
          226.7995570321152,
          304.8726467331119
        ],
        [
          224.69545957918052,
          307.9734219269103
        ],
        [
          221.92691029900334,
          311.29568106312297
        ],
        [
          218.93687707641197,
          313.06755260243636
        ],
        [
          215.72535991140643,
          314.1749723145072
        ],
        [
          212.5138427464009,
          315.72535991140643
        ],
        [
          212.73532668881506,
          293.1339977851606
        ]
      ],
      "group_id": null,
      "shape_type": "polygon",
      "flags": {}
    },
    {
      "label": "door",
      "points": [
        [
          204.0,
          214.5
        ],
        [
          206.8,
          214.7
        ],
        [
          213.6,
          206.5
        ],
        [
          214.1,
          205.0
        ],
        [
          213.2,
          203.4
        ],
        [
          211.3,
          202.1
        ],
        [
          208.7,
          201.1
        ],
        [
          206.9,
          200.5
        ],
        [
          206.2,
          202.9
        ],
        [
          208.2,
          203.9
        ],
        [
          209.5,
          204.5
        ],
        [
          210.8,
          205.5
        ]
      ],
      "group_id": null,
      "shape_type": "polygon",
      "flags": {}
    },
    {
      "label": "door",
      "points": [
        [
          240.0,
          283.4
        ],
        [
          237.6,
          283.5
        ],
        [
          226.1,
          271.7
        ],
        [
          226.5,
          269.0
        ],
        [
          228.6,
          267.8
        ],
        [
          231.6,
          266.2
        ],
        [
          235.2,
          264.8
        ],
        [
          237.7,
          264.8
        ],
        [
          238.0,
          266.9
        ],
        [
          236.1,
          267.0
        ],
        [
          234.1,
          267.3
        ],
        [
          231.9,
          268.5
        ],
        [
          230.2,
          269.9
        ],
        [
          229.4,
          271.0
        ],
        [
          241.0,
          283.5
        ]
      ],
      "group_id": null,
      "shape_type": "polygon",
      "flags": {}
    },
    {
      "label": "door",
      "points": [
        [
          129.55182072829132,
          286.5546218487395
        ],
        [
          131.9327731092437,
          286.4145658263305
        ],
        [
          141.45658263305322,
          296.63865546218483
        ],
        [
          140.19607843137254,
          299.2997198879552
        ],
        [
          138.23529411764704,
          301.4005602240896
        ],
        [
          134.87394957983193,
          303.0812324929972
        ],
        [
          131.9327731092437,
          303.781512605042
        ],
        [
          131.9327731092437,
          301.4005602240896
        ],
        [
          134.31372549019608,
          300.84033613445376
        ],
        [
          135.7142857142857,
          299.4397759103641
        ],
        [
          137.53501400560222,
          297.6190476190476
        ]
      ],
      "group_id": null,
      "shape_type": "polygon",
      "flags": {}
    },
    {
      "label": "door",
      "points": [
        [
          129.8,
          419.1
        ],
        [
          132.1,
          419.2
        ],
        [
          140.5,
          409.9
        ],
        [
          140.7,
          407.6
        ],
        [
          139.2,
          405.1
        ],
        [
          136.8,
          404.1
        ],
        [
          134.2,
          402.8
        ],
        [
          131.9,
          402.4
        ],
        [
          131.5,
          404.8
        ],
        [
          133.9,
          405.7
        ],
        [
          136.2,
          407.1
        ],
        [
          137.6,
          408.3
        ],
        [
          137.7,
          408.8
        ]
      ],
      "group_id": null,
      "shape_type": "polygon",
      "flags": {}
    },
    {
      "label": "door",
      "points": [
        [
          270.1,
          290.0
        ],
        [
          270.1,
          293.1
        ],
        [
          261.8,
          303.0
        ],
        [
          259.1,
          300.5
        ],
        [
          256.9,
          297.5
        ],
        [
          256.6,
          293.4
        ],
        [
          258.7,
          293.4
        ],
        [
          258.9,
          295.3
        ],
        [
          259.7,
          297.5
        ],
        [
          261.1,
          299.2
        ]
      ],
      "group_id": null,
      "shape_type": "polygon",
      "flags": {}
    },
    {
      "label": "door",
      "points": [
        [
          389.4134477825465,
          111.30185979971387
        ],
        [
          389.5,
          87.3
        ],
        [
          386.5,
          87.2
        ],
        [
          382.8,
          87.2
        ],
        [
          379.4,
          88.5
        ],
        [
          376.6,
          90.7
        ],
        [
          374.2,
          93.4
        ],
        [
          372.2,
          95.9
        ],
        [
          369.7,
          99.6
        ],
        [
          368.8,
          103.2
        ],
        [
          367.6,
          106.6
        ],
        [
          367.4,
          110.6
        ],
        [
          369.3,
          110.9
        ],
        [
          369.7,
          108.9
        ],
        [
          370.2,
          105.9
        ],
        [
          371.5,
          102.6
        ],
        [
          373.6,
          99.0
        ],
        [
          375.9,
          95.5
        ],
        [
          378.5,
          92.9
        ],
        [
          381.5,
          90.8
        ],
        [
          384.5,
          89.8
        ],
        [
          386.3,
          89.5
        ],
        [
          386.4,
          111.4
        ]
      ],
      "group_id": null,
      "shape_type": "polygon",
      "flags": {}
    }
  ],
  "imagePath": "45724069.jpg",
  "imageData": null,
  "imageHeight": 513,
  "imageWidth": 513
}