{
  "version": "4.5.9",
  "flags": {},
  "shapes": [
    {
      "label": "door",
      "points": [
        [
          242.71255060728743,
          429.1497975708502
        ],
        [
          242.71255060728743,
          403.13765182186233
        ],
        [
          246.86234817813764,
          403.2388663967611
        ],
        [
          252.32793522267204,
          404.5546558704453
        ],
        [
          256.57894736842104,
          407.1862348178137
        ],
        [
          259.81781376518217,
          410.22267206477727
        ],
        [
          261.84210526315786,
          413.663967611336
        ],
        [
          263.86639676113356,
          417.914979757085
        ],
        [
          265.28340080971657,
          421.8623481781376
        ],
        [
          265.7894736842105,
          424.7975708502024
        ],
        [
          265.8906882591093,
          429.0485829959514
        ],
        [
          263.7651821862348,
          429.0485829959514
        ],
        [
          263.36032388663966,
          425.6072874493927
        ],
        [
          261.43724696356276,
          419.12955465587044
        ],
        [
          260.02024291497975,
          415.38461538461536
        ],
        [
          257.08502024291494,
          412.04453441295544
        ],
        [
          254.55465587044532,
          409.5141700404858
        ],
        [
          250.6072874493927,
          407.79352226720647
        ],
        [
          246.05263157894734,
          406.88259109311736
        ],
        [
          245.95141700404855,
          429.35222672064776
        ]
      ],
      "group_id": null,
      "shape_type": "polygon",
      "flags": {}
    },
    {
      "label": "door",
      "points": [
        [
          302.5,
          374.7
        ],
        [
          302.8,
          348.4
        ],
        [
          306.5,
          348.2
        ],
        [
          310.7,
          349.2
        ],
        [
          315.8,
          351.5
        ],
        [
          318.6,
          354.5
        ],
        [
          321.4,
          357.9
        ],
        [
          323.6,
          361.4
        ],
        [
          324.9,
          365.8
        ],
        [
          326.0,
          371.2
        ],
        [
          326.5,
          375.0
        ],
        [
          323.7,
          375.0
        ],
        [
          323.5,
          370.9
        ],
        [
          321.8,
          365.6
        ],
        [
          319.9,
          361.2
        ],
        [
          316.8,
          357.8
        ],
        [
          312.7,
          354.0
        ],
        [
          308.5,
          352.1
        ],
        [
          305.2,
          351.8
        ],
        [
          305.2,
          375.2
        ]
      ],
      "group_id": null,
      "shape_type": "polygon",
      "flags": {}
    },
    {
      "label": "door",
      "points": [
        [
          365.4586636466591,
          382.8992072480181
        ],
        [
          365.68516421291054,
          405.43601359003395
        ],
        [
          369.98867497168743,
          405.43601359003395
        ],
        [
          374.0656851642129,
          404.1902604756512
        ],
        [
          377.46319365798416,
          402.0385050962627
        ],
        [
          380.4,
          399.2
        ],
        [
          382.6,
          395.6
        ],
        [
          384.2,
          392.1
        ],
        [
          385.4,
          388.9
        ],
        [
          385.5,
          382.1
        ],
        [
          383.4,
          382.0
        ],
        [
          383.2,
          385.9
        ],
        [
          381.9,
          390.2
        ],
        [
          379.8,
          394.4
        ],
        [
          377.2,
          398.2
        ],
        [
          374.0,
          400.6
        ],
        [
          369.0,
          402.7
        ],
        [
          368.2,
          402.8
        ],
        [
          368.5,
          382.5
        ]
      ],
      "group_id": null,
      "shape_type": "polygon",
      "flags": {}
    },
    {
      "label": "door",
      "points": [
        [
          413.5,
          386.4
        ],
        [
          434.4,
          386.5
        ],
        [
          434.9,
          390.2
        ],
        [
          434.0,
          394.4
        ],
        [
          433.1,
          398.1
        ],
        [
          431.5,
          402.8
        ],
        [
          429.3,
          406.5
        ],
        [
          427.0,
          409.3
        ],
        [
          423.4,
          412.0
        ],
        [
          419.3,
          414.1
        ],
        [
          415.7,
          415.3
        ],
        [
          413.5,
          415.4
        ],
        [
          413.8,
          413.1
        ],
        [
          416.8,
          412.2
        ],
        [
          420.6,
          410.2
        ],
        [
          423.7,
          408.2
        ],
        [
          426.6,
          405.2
        ],
        [
          428.2,
          401.6
        ],
        [
          430.3,
          398.1
        ],
        [
          431.6,
          394.7
        ],
        [
          432.0,
          391.1
        ],
        [
          431.8,
          389.4
        ],
        [
          413.3,
          389.3
        ]
      ],
      "group_id": null,
      "shape_type": "polygon",
      "flags": {}
    }
  ],
  "imagePath": "45724372.jpg",
  "imageData": null,
  "imageHeight": 513,
  "imageWidth": 513
}