{
  "version": "4.5.9",
  "flags": {},
  "shapes": [
    {
      "label": "door",
      "points": [
        [
          69.27480916030534,
          301.9083969465649
        ],
        [
          69.27480916030534,
          304.3893129770992
        ],
        [
          99.1,
          304.0
        ],
        [
          99.4,
          300.3
        ],
        [
          98.5,
          296.0
        ],
        [
          96.5,
          291.9
        ],
        [
          93.7,
          287.6
        ],
        [
          90.8,
          284.7
        ],
        [
          86.2,
          281.6
        ],
        [
          81.4,
          279.5
        ],
        [
          76.6,
          278.1
        ],
        [
          70.0,
          277.0
        ],
        [
          70.3,
          279.5
        ],
        [
          74.4,
          280.0
        ],
        [
          78.2,
          281.0
        ],
        [
          82.1,
          282.8
        ],
        [
          85.8,
          285.0
        ],
        [
          89.2,
          287.4
        ],
        [
          91.7,
          290.6
        ],
        [
          94.2,
          295.0
        ],
        [
          96.3,
          298.7
        ],
        [
          96.6,
          301.9
        ]
      ],
      "group_id": null,
      "shape_type": "polygon",
      "flags": {}
    },
    {
      "label": "door",
      "points": [
        [
          217.3155737704918,
          271.4139344262295
        ],
        [
          217.5204918032787,
          250.61475409836066
        ],
        [
          220.49180327868854,
          250.40983606557378
        ],
        [
          225.5122950819672,
          250.40983606557378
        ],
        [
          232.172131147541,
          251.63934426229508
        ],
        [
          239.54918032786887,
          255.43032786885246
        ],
        [
          245.49180327868854,
          259.42622950819674
        ],
        [
          249.59016393442624,
          264.95901639344265
        ],
        [
          252.04918032786887,
          271.10655737704917
        ],
        [
          248.7704918032787,
          271.516393442623
        ],
        [
          247.95081967213116,
          268.75
        ],
        [
          246.00409836065575,
          264.85655737704917
        ],
        [
          243.13524590163934,
          261.7827868852459
        ],
        [
          239.54918032786887,
          258.8114754098361
        ],
        [
          234.4262295081967,
          256.65983606557376
        ],
        [
          231.35245901639345,
          255.22540983606558
        ],
        [
          226.63934426229508,
          253.79098360655738
        ],
        [
          220.9016393442623,
          253.27868852459017
        ],
        [
          221.10655737704917,
          271.72131147540983
        ]
      ],
      "group_id": null,
      "shape_type": "polygon",
      "flags": {}
    },
    {
      "label": "door",
      "points": [
        [
          264.1959798994975,
          279.2713567839196
        ],
        [
          295.97989949748745,
          279.52261306532665
        ],
        [
          295.8542713567839,
          282.66331658291455
        ],
        [
          294.72361809045225,
          287.6884422110553
        ],
        [
          291.4572864321608,
          293.21608040201005
        ],
        [
          288.5678391959799,
          296.60804020100505
        ],
        [
          284.9246231155779,
          299.8743718592965
        ],
        [
          278.89447236180905,
          304.02010050251255
        ],
        [
          272.2361809045226,
          306.15577889447235
        ],
        [
          264.07035175879395,
          306.78391959798995
        ],
        [
          263.4422110552764,
          304.8994974874372
        ],
        [
          269.59798994974875,
          303.643216080402
        ],
        [
          276.63316582914575,
          301.13065326633165
        ],
        [
          282.53768844221105,
          297.61306532663315
        ],
        [
          286.68341708542715,
          293.84422110552765
        ],
        [
          290.5778894472362,
          288.6934673366834
        ],
        [
          291.9597989949749,
          285.5527638190955
        ],
        [
          292.8391959798995,
          282.9145728643216
        ],
        [
          263.5678391959799,
          282.66331658291455
        ]
      ],
      "group_id": null,
      "shape_type": "polygon",
      "flags": {}
    },
    {
      "label": "door",
      "points": [
        [
          344.01260504201684,
          279.3067226890756
        ],
        [
          312.3949579831933,
          279.51680672268907
        ],
        [
          312.28991596638656,
          283.4033613445378
        ],
        [
          313.3403361344538,
          286.9747899159664
        ],
        [
          314.91596638655466,
          291.28151260504205
        ],
        [
          318.4873949579832,
          295.9033613445378
        ],
        [
          323.73949579831935,
          300.3151260504202
        ],
        [
          329.20168067226894,
          303.3613445378151
        ],
        [
          334.1386554621849,
          305.14705882352945
        ],
        [
          339.390756302521,
          306.7226890756303
        ],
        [
          344.4327731092437,
          307.56302521008405
        ],
        [
          344.64285714285717,
          304.936974789916
        ],
        [
          340.546218487395,
          304.20168067226894
        ],
        [
          335.29411764705884,
          302.6260504201681
        ],
        [
          330.4621848739496,
          300.8403361344538
        ],
        [
          325.8403361344538,
          297.5840336134454
        ],
        [
          322.79411764705884,
          294.9579831932773
        ],
        [
          319.64285714285717,
          291.9117647058824
        ],
        [
          317.3,
          287.7
        ],
        [
          315.4,
          282.9
        ],
        [
          344.3,
          282.5
        ]
      ],
      "group_id": null,
      "shape_type": "polygon",
      "flags": {}
    },
    {
      "label": "door",
      "points": [
        [
          216.19385342789596,
          315.36643026004725
        ],
        [
          220.09456264775412,
          315.36643026004725
        ],
        [
          219.85815602836877,
          338.17966903073284
        ],
        [
          217.13947990543733,
          338.41607565011816
        ],
        [
          212.41134751773046,
          338.65248226950354
        ],
        [
          206.73758865248226,
          337.94326241134746
        ],
        [
          202.7186761229314,
          336.40661938534276
        ],
        [
          197.16312056737587,
          334.39716312056737
        ],
        [
          191.84397163120565,
          331.2056737588652
        ],
        [
          188.2978723404255,
          328.13238770685575
        ],
        [
          185.57919621749406,
          324.94089834515364
        ],
        [
          183.56973995271866,
          321.98581560283685
        ],
        [
          182.5059101654846,
          318.676122931442
        ],
        [
          182.26950354609926,
          315.13002364066193
        ],
        [
          184.86997635933804,
          315.0118203309692
        ],
        [
          185.1063829787234,
          317.7304964539007
        ],
        [
          186.99763593380612,
          321.6312056737588
        ],
        [
          189.36170212765956,
          324.822695035461
        ],
        [
          193.14420803782505,
          328.0141843971631
        ],
        [
          197.04491725768318,
          330.0236406619385
        ],
        [
          201.5366430260047,
          332.8605200945626
        ],
        [
          207.09219858156027,
          335.1063829787234
        ],
        [
          213.47517730496452,
          336.2884160756501
        ],
        [
          216.31205673758862,
          336.40661938534276
        ]
      ],
      "group_id": null,
      "shape_type": "polygon",
      "flags": {}
    },
    {
      "label": "door",
      "points": [
        [
          175.45787545787545,
          274.72527472527474
        ],
        [
          175.82417582417582,
          277.1062271062271
        ],
        [
          194.6886446886447,
          285.8974358974359
        ],
        [
          196.8,
          285.5
        ],
        [
          197.9,
          284.0
        ],
        [
          199.1,
          282.3
        ],
        [
          200.2,
          278.1
        ],
        [
          197.4,
          278.1
        ],
        [
          196.9,
          280.5
        ],
        [
          195.9,
          282.4
        ]
      ],
      "group_id": null,
      "shape_type": "polygon",
      "flags": {}
    }
  ],
  "imagePath": "45724414.jpg",
  "imageData": null,
  "imageHeight": 513,
  "imageWidth": 513
}