{
  "version": "4.5.9",
  "flags": {},
  "shapes": [
    {
      "label": "door",
      "points": [
        [
          176.59574468085106,
          164.65721040189123
        ],
        [
          176.3593380614657,
          177.89598108747043
        ],
        [
          178.9598108747045,
          178.36879432624113
        ],
        [
          182.5059101654846,
          178.36879432624113
        ],
        [
          185.4609929078014,
          177.65957446808508
        ],
        [
          190.4255319148936,
          176.24113475177302
        ],
        [
          193.61702127659572,
          174.46808510638297
        ],
        [
          196.0992907801418,
          172.6950354609929
        ],
        [
          197.99054373522458,
          170.68557919621747
        ],
        [
          199.4089834515366,
          168.5579196217494
        ],
        [
          200.59101654846333,
          164.65721040189123
        ],
        [
          198.10874704491724,
          164.42080378250589
        ],
        [
          197.75413711583923,
          166.19385342789596
        ],
        [
          196.33569739952716,
          168.32151300236404
        ],
        [
          194.44444444444443,
          170.44917257683213
        ],
        [
          192.080378250591,
          171.98581560283685
        ],
        [
          188.4160756501182,
          173.8770685579196
        ],
        [
          185.22458628841605,
          175.177304964539
        ],
        [
          180.96926713947988,
          176.12293144208036
        ],
        [
          180.37825059101652,
          176.24113475177302
        ],
        [
          180.37825059101652,
          164.53900709219857
        ]
      ],
      "group_id": null,
      "shape_type": "polygon",
      "flags": {}
    },
    {
      "label": "door",
      "points": [
        [
          371.4,
          132.5
        ],
        [
          371.3,
          117.2
        ],
        [
          369.5,
          117.2
        ],
        [
          366.2,
          117.4
        ],
        [
          362.5,
          118.2
        ],
        [
          358.1,
          119.7
        ],
        [
          354.1,
          121.6
        ],
        [
          351.4,
          123.9
        ],
        [
          349.1,
          126.9
        ],
        [
          347.2,
          132.0
        ],
        [
          347.2,
          132.5
        ],
        [
          349.3,
          132.7
        ],
        [
          349.9,
          130.3
        ],
        [
          351.9,
          126.7
        ],
        [
          354.0,
          124.6
        ],
        [
          357.2,
          123.0
        ],
        [
          360.3,
          121.7
        ],
        [
          363.7,
          120.7
        ],
        [
          367.7,
          120.2
        ],
        [
          368.7,
          120.1
        ],
        [
          368.8,
          132.9
        ]
      ],
      "group_id": null,
      "shape_type": "polygon",
      "flags": {}
    },
    {
      "label": "door",
      "points": [
        [
          315.7,
          163.3
        ],
        [
          294.2,
          163.2
        ],
        [
          294.2,
          160.8
        ],
        [
          295.0,
          157.4
        ],
        [
          297.5,
          154.6
        ],
        [
          300.0,
          152.2
        ],
        [
          304.2,
          149.9
        ],
        [
          308.0,
          148.8
        ],
        [
          311.0,
          148.7
        ],
        [
          314.8,
          148.2
        ],
        [
          316.0,
          149.1
        ],
        [
          316.1,
          150.8
        ],
        [
          314.0,
          150.5
        ],
        [
          308.9,
          151.0
        ],
        [
          305.2,
          152.5
        ],
        [
          302.3,
          153.9
        ],
        [
          299.3,
          156.2
        ],
        [
          297.1,
          158.4
        ],
        [
          296.9,
          160.7
        ],
        [
          316.3,
          160.8
        ]
      ],
      "group_id": null,
      "shape_type": "polygon",
      "flags": {}
    },
    {
      "label": "door",
      "points": [
        [
          368.1,
          204.7
        ],
        [
          365.7,
          204.8
        ],
        [
          365.7,
          192.6
        ],
        [
          361.5,
          192.3
        ],
        [
          356.0,
          193.9
        ],
        [
          352.1,
          196.2
        ],
        [
          348.2,
          198.4
        ],
        [
          346.6,
          201.1
        ],
        [
          346.0,
          205.1
        ],
        [
          344.1,
          204.8
        ],
        [
          345.2,
          198.2
        ],
        [
          348.2,
          195.2
        ],
        [
          352.6,
          192.6
        ],
        [
          356.4,
          190.9
        ],
        [
          362.3,
          189.5
        ],
        [
          366.9,
          189.8
        ],
        [
          368.4,
          190.2
        ]
      ],
      "group_id": null,
      "shape_type": "polygon",
      "flags": {}
    },
    {
      "label": "door",
      "points": [
        [
          281.69398907103823,
          232.37704918032787
        ],
        [
          285.5191256830601,
          232.51366120218577
        ],
        [
          301.5027322404371,
          242.21311475409834
        ],
        [
          300.40983606557376,
          244.2622950819672
        ],
        [
          297.40437158469945,
          245.9016393442623
        ],
        [
          294.2622950819672,
          247.1311475409836
        ],
        [
          290.02732240437155,
          247.95081967213113
        ],
        [
          285.10928961748635,
          248.36065573770492
        ],
        [
          285.38251366120215,
          246.72131147540983
        ],
        [
          288.9344262295082,
          245.9016393442623
        ],
        [
          291.66666666666663,
          245.08196721311475
        ],
        [
          293.9890710382514,
          244.53551912568304
        ],
        [
          297.8142076502732,
          243.03278688524588
        ]
      ],
      "group_id": null,
      "shape_type": "polygon",
      "flags": {}
    },
    {
      "label": "door",
      "points": [
        [
          280.0,
          294.56647398843927
        ],
        [
          280.11560693641616,
          297.5722543352601
        ],
        [
          259.8843930635838,
          297.5722543352601
        ],
        [
          261.15606936416185,
          301.04046242774564
        ],
        [
          263.8150289017341,
          303.46820809248555
        ],
        [
          266.0115606936416,
          305.08670520231215
        ],
        [
          270.7514450867052,
          307.05202312138726
        ],
        [
          276.7630057803468,
          307.7456647398844
        ],
        [
          280.46242774566474,
          308.2080924855491
        ],
        [
          280.5780346820809,
          310.8670520231214
        ],
        [
          274.91329479768785,
          310.98265895953756
        ],
        [
          270.7514450867052,
          310.1734104046243
        ],
        [
          266.9364161849711,
          308.4393063583815
        ],
        [
          262.5433526011561,
          305.5491329479769
        ],
        [
          258.84393063583815,
          302.5433526011561
        ],
        [
          256.9942196531792,
          300.11560693641616
        ],
        [
          257.10982658959534,
          297.5722543352601
        ],
        [
          257.5722543352601,
          294.3352601156069
        ]
      ],
      "group_id": null,
      "shape_type": "polygon",
      "flags": {}
    },
    {
      "label": "door",
      "points": [
        [
          320.4406364749082,
          443.4516523867809
        ],
        [
          320.68543451652386,
          458.13953488372096
        ],
        [
          324.96940024479807,
          458.13953488372096
        ],
        [
          329.2533659730722,
          457.89473684210526
        ],
        [
          335.0061199510404,
          456.1811505507956
        ],
        [
          339.6572827417381,
          453.85556915544674
        ],
        [
          342.10526315789474,
          451.0403916768666
        ],
        [
          345.04283965728274,
          447.61321909424726
        ],
        [
          346.0220318237454,
          443.3292533659731
        ],
        [
          343.3292533659731,
          443.20685434516525
        ],
        [
          342.5948592411261,
          445.4100367197062
        ],
        [
          340.39167686658504,
          448.4700122399021
        ],
        [
          336.4749082007344,
          452.1419828641371
        ],
        [
          334.51652386780904,
          454.10036719706244
        ],
        [
          329.6205630354957,
          455.0795593635251
        ],
        [
          324.8470012239902,
          455.9363525091799
        ],
        [
          324.1126070991432,
          455.56915544675644
        ],
        [
          324.3574051407589,
          443.20685434516525
        ]
      ],
      "group_id": null,
      "shape_type": "polygon",
      "flags": {}
    },
    {
      "label": "door",
      "points": [
        [
          292.6,
          437.3
        ],
        [
          292.6,
          439.8
        ],
        [
          303.8,
          433.5
        ],
        [
          305.5,
          434.6
        ],
        [
          306.7,
          436.3
        ],
        [
          306.9,
          437.5
        ],
        [
          309.9,
          437.6
        ],
        [
          309.1,
          435.2
        ],
        [
          307.5,
          433.1
        ],
        [
          304.9,
          430.9
        ],
        [
          302.6,
          431.0
        ]
      ],
      "group_id": null,
      "shape_type": "polygon",
      "flags": {}
    },
    {
      "label": "door",
      "points": [
        [
          369.4473409801877,
          355.78727841501563
        ],
        [
          369.4473409801877,
          357.4556830031283
        ],
        [
          359.64546402502606,
          351.82481751824815
        ],
        [
          358.2898852971846,
          352.24191866527633
        ],
        [
          357.14285714285717,
          353.38894681960375
        ],
        [
          356.2043795620438,
          355.78727841501563
        ],
        [
          354.3274244004171,
          355.4744525547445
        ],
        [
          354.53597497393116,
          352.7632950990615
        ],
        [
          356.2043795620438,
          351.199165797706
        ],
        [
          358.81126173096976,
          349.5307612095933
        ],
        [
          360.37539103232535,
          349.84358706986444
        ]
      ],
      "group_id": null,
      "shape_type": "polygon",
      "flags": {}
    },
    {
      "label": "door",
      "points": [
        [
          230.87557603686636,
          323.0414746543779
        ],
        [
          232.8,
          323.4
        ],
        [
          241.6,
          319.2
        ],
        [
          242.9,
          321.6
        ],
        [
          244.2,
          323.5
        ],
        [
          246.3,
          323.0
        ],
        [
          245.8,
          320.9
        ],
        [
          244.6,
          318.8
        ],
        [
          242.2,
          316.9
        ]
      ],
      "group_id": null,
      "shape_type": "polygon",
      "flags": {}
    }
  ],
  "imagePath": "45737995.jpg",
  "imageData": null,
  "imageHeight": 513,
  "imageWidth": 513
}