{
  "version": "4.5.9",
  "flags": {},
  "shapes": [
    {
      "label": "door",
      "points": [
        [
          248.11443433029908,
          336.41092327698306
        ],
        [
          248.3745123537061,
          318.85565669700907
        ],
        [
          252.0156046814044,
          318.98569570871257
        ],
        [
          256.9570871261378,
          319.50585175552663
        ],
        [
          262.15864759427825,
          320.9362808842653
        ],
        [
          266.9700910273082,
          323.0169050715214
        ],
        [
          271.261378413524,
          327.1781534460338
        ],
        [
          275.5526657997399,
          331.7295188556567
        ],
        [
          276.853055916775,
          335.76072821846554
        ],
        [
          275.0325097529259,
          336.15084525357605
        ],
        [
          273.34200260078023,
          333.02990897269177
        ],
        [
          270.09102730819245,
          328.998699609883
        ],
        [
          266.3198959687906,
          325.8777633289987
        ],
        [
          261.89856957087125,
          323.667100130039
        ],
        [
          256.43693107932376,
          322.4967490247074
        ],
        [
          252.27568270481143,
          322.6267880364109
        ],
        [
          252.40572171651493,
          336.5409622886866
        ]
      ],
      "group_id": null,
      "shape_type": "polygon",
      "flags": {}
    },
    {
      "label": "door",
      "points": [
        [
          320.2205882352941,
          261.51960784313724
        ],
        [
          346.20098039215685,
          261.1519607843137
        ],
        [
          346.5686274509804,
          257.47549019607845
        ],
        [
          343.9950980392157,
          251.9607843137255
        ],
        [
          340.3186274509804,
          248.16176470588235
        ],
        [
          335.04901960784315,
          245.34313725490196
        ],
        [
          328.1862745098039,
          243.25980392156862
        ],
        [
          320.34313725490193,
          242.27941176470588
        ],
        [
          320.34313725490193,
          244.85294117647058
        ],
        [
          326.8382352941176,
          245.22058823529412
        ],
        [
          331.61764705882354,
          246.69117647058823
        ],
        [
          336.27450980392155,
          248.77450980392157
        ],
        [
          339.828431372549,
          251.9607843137255
        ],
        [
          343.2598039215686,
          255.39215686274508
        ],
        [
          343.9950980392157,
          257.9656862745098
        ],
        [
          343.9950980392157,
          258.3333333333333
        ],
        [
          319.6078431372549,
          258.3333333333333
        ]
      ],
      "group_id": null,
      "shape_type": "polygon",
      "flags": {}
    },
    {
      "label": "door",
      "points": [
        [
          275.5,
          185.6
        ],
        [
          275.3,
          169.1
        ],
        [
          279.4,
          168.9
        ],
        [
          284.5,
          169.4
        ],
        [
          290.5,
          170.7
        ],
        [
          295.1,
          172.3
        ],
        [
          299.7,
          175.4
        ],
        [
          303.4,
          179.3
        ],
        [
          304.7,
          184.2
        ],
        [
          304.5,
          185.2
        ],
        [
          302.3,
          185.3
        ],
        [
          301.3,
          181.6
        ],
        [
          298.7,
          178.0
        ],
        [
          295.3,
          175.5
        ],
        [
          291.4,
          173.6
        ],
        [
          285.4,
          172.3
        ],
        [
          279.8,
          171.4
        ],
        [
          280.3,
          185.5
        ]
      ],
      "group_id": null,
      "shape_type": "polygon",
      "flags": {}
    },
    {
      "label": "door",
      "points": [
        [
          187.7,
          184.7
        ],
        [
          162.4,
          184.5
        ],
        [
          162.6,
          190.5
        ],
        [
          164.7,
          193.6
        ],
        [
          168.3,
          197.6
        ],
        [
          173.2,
          200.1
        ],
        [
          179.4,
          202.0
        ],
        [
          187.3,
          203.5
        ],
        [
          188.6,
          203.5
        ],
        [
          188.6,
          201.7
        ],
        [
          184.5,
          200.9
        ],
        [
          180.8,
          200.4
        ],
        [
          177.7,
          199.8
        ],
        [
          173.7,
          197.8
        ],
        [
          171.1,
          195.9
        ],
        [
          168.7,
          194.1
        ],
        [
          166.4,
          191.6
        ],
        [
          164.8,
          189.4
        ],
        [
          164.9,
          187.4
        ],
        [
          188.0,
          187.4
        ]
      ],
      "group_id": null,
      "shape_type": "polygon",
      "flags": {}
    },
    {
      "label": "door",
      "points": [
        [
          194.1,
          122.5
        ],
        [
          222.1,
          122.6
        ],
        [
          222.0,
          126.6
        ],
        [
          220.6,
          129.6
        ],
        [
          218.7,
          131.7
        ],
        [
          215.4,
          135.0
        ],
        [
          212.5,
          137.4
        ],
        [
          207.9,
          139.1
        ],
        [
          202.1,
          140.2
        ],
        [
          195.5,
          140.0
        ],
        [
          195.3,
          138.8
        ],
        [
          201.9,
          138.1
        ],
        [
          205.9,
          137.3
        ],
        [
          209.9,
          136.0
        ],
        [
          213.7,
          132.7
        ],
        [
          215.5,
          131.0
        ],
        [
          217.6,
          128.5
        ],
        [
          219.0,
          125.4
        ],
        [
          193.7,
          125.3
        ]
      ],
      "group_id": null,
      "shape_type": "polygon",
      "flags": {}
    },
    {
      "label": "door",
      "points": [
        [
          496.4,
          191.9
        ],
        [
          496.5,
          194.1
        ],
        [
          484.9,
          200.9
        ],
        [
          482.2,
          200.9
        ],
        [
          479.6,
          199.4
        ],
        [
          477.7,
          197.2
        ],
        [
          476.5,
          193.6
        ],
        [
          478.8,
          193.1
        ],
        [
          480.0,
          195.0
        ],
        [
          481.7,
          198.0
        ],
        [
          482.8,
          198.5
        ]
      ],
      "group_id": null,
      "shape_type": "polygon",
      "flags": {}
    }
  ],
  "imagePath": "45740536.jpg",
  "imageData": null,
  "imageHeight": 513,
  "imageWidth": 513
}