{
  "version": "4.5.9",
  "flags": {},
  "shapes": [
    {
      "label": "door",
      "points": [
        [
          141.68797953964193,
          187.4680306905371
        ],
        [
          141.4322250639386,
          167.26342710997443
        ],
        [
          144.8849104859335,
          167.13554987212277
        ],
        [
          150.25575447570333,
          167.13554987212277
        ],
        [
          156.64961636828644,
          167.6470588235294
        ],
        [
          167.0076726342711,
          169.693094629156
        ],
        [
          173.65728900255755,
          172.12276214833759
        ],
        [
          179.66751918158567,
          175.06393861892582
        ],
        [
          184.91048593350382,
          178.9002557544757
        ],
        [
          188.10741687979538,
          182.6086956521739
        ],
        [
          188.7468030690537,
          187.21227621483376
        ],
        [
          185.80562659846547,
          187.34015345268543
        ],
        [
          184.6547314578005,
          184.2710997442455
        ],
        [
          181.9693094629156,
          180.81841432225065
        ],
        [
          176.08695652173913,
          176.8542199488491
        ],
        [
          171.09974424552428,
          174.29667519181584
        ],
        [
          166.36828644501279,
          172.7621483375959
        ],
        [
          161.63682864450126,
          171.3554987212276
        ],
        [
          155.7544757033248,
          170.20460358056266
        ],
        [
          150.76726342710998,
          170.076726342711
        ],
        [
          147.05882352941177,
          169.94884910485933
        ],
        [
          147.05882352941177,
          188.23529411764704
        ]
      ],
      "group_id": null,
      "shape_type": "polygon",
      "flags": {}
    },
    {
      "label": "door",
      "points": [
        [
          71.5,
          186.5
        ],
        [
          30.3,
          186.5
        ],
        [
          30.4,
          182.6
        ],
        [
          31.5,
          179.7
        ],
        [
          34.6,
          175.8
        ],
        [
          38.1,
          172.8
        ],
        [
          42.6,
          170.3
        ],
        [
          47.0,
          168.3
        ],
        [
          52.8,
          166.4
        ],
        [
          58.3,
          165.3
        ],
        [
          64.5,
          164.4
        ],
        [
          71.2,
          163.2
        ],
        [
          71.9,
          165.7
        ],
        [
          63.7,
          167.1
        ],
        [
          56.6,
          168.2
        ],
        [
          52.4,
          169.4
        ],
        [
          46.8,
          171.0
        ],
        [
          41.1,
          173.8
        ],
        [
          38.4,
          176.2
        ],
        [
          35.6,
          180.1
        ],
        [
          34.6,
          182.9
        ],
        [
          72.0,
          183.5
        ]
      ],
      "group_id": null,
      "shape_type": "polygon",
      "flags": {}
    },
    {
      "label": "door",
      "points": [
        [
          131.8,
          351.7
        ],
        [
          132.0,
          353.4
        ],
        [
          172.5,
          353.3
        ],
        [
          172.5,
          349.8
        ],
        [
          170.5,
          345.8
        ],
        [
          168.2,
          342.8
        ],
        [
          165.1,
          340.3
        ],
        [
          160.9,
          337.9
        ],
        [
          157.8,
          336.6
        ],
        [
          154.2,
          334.8
        ],
        [
          149.1,
          333.4
        ],
        [
          144.2,
          332.7
        ],
        [
          137.7,
          332.2
        ],
        [
          132.4,
          331.7
        ],
        [
          132.1,
          333.5
        ],
        [
          136.7,
          333.8
        ],
        [
          142.8,
          334.4
        ],
        [
          147.4,
          335.3
        ],
        [
          150.5,
          335.8
        ],
        [
          153.8,
          337.4
        ],
        [
          156.7,
          338.8
        ],
        [
          160.5,
          340.3
        ],
        [
          163.7,
          342.5
        ],
        [
          166.6,
          344.7
        ],
        [
          168.3,
          347.3
        ],
        [
          169.5,
          349.8
        ],
        [
          169.8,
          351.6
        ]
      ],
      "group_id": null,
      "shape_type": "polygon",
      "flags": {}
    },
    {
      "label": "door",
      "points": [
        [
          316.4652567975831,
          220.54380664652567
        ],
        [
          316.4652567975831,
          240.03021148036254
        ],
        [
          323.26283987915406,
          240.03021148036254
        ],
        [
          332.1752265861027,
          239.72809667673715
        ],
        [
          341.08761329305133,
          237.6132930513595
        ],
        [
          349.5468277945619,
          234.59214501510573
        ],
        [
          357.5528700906344,
          230.36253776435046
        ],
        [
          361.9335347432024,
          223.71601208459214
        ],
        [
          362.9909365558912,
          219.78851963746223
        ],
        [
          359.81873111782477,
          219.93957703927492
        ],
        [
          358.9123867069486,
          222.20543806646526
        ],
        [
          357.40181268882174,
          225.22658610271904
        ],
        [
          354.9848942598187,
          227.79456193353474
        ],
        [
          350.9063444108761,
          230.66465256797582
        ],
        [
          345.619335347432,
          232.77945619335347
        ],
        [
          342.2960725075529,
          234.44108761329304
        ],
        [
          336.85800604229604,
          236.25377643504532
        ],
        [
          331.72205438066464,
          237.16012084592145
        ],
        [
          326.73716012084594,
          237.9154078549849
        ],
        [
          320.2416918429003,
          238.06646525679758
        ],
        [
          320.0906344410876,
          220.54380664652567
        ]
      ],
      "group_id": null,
      "shape_type": "polygon",
      "flags": {}
    }
  ],
  "imagePath": "45740968.jpg",
  "imageData": null,
  "imageHeight": 513,
  "imageWidth": 513
}