{
  "version": "4.5.9",
  "flags": {},
  "shapes": [
    {
      "label": "door",
      "points": [
        [
          257.5842696629214,
          242.41573033707866
        ],
        [
          251.40449438202248,
          242.41573033707866
        ],
        [
          227.0676691729323,
          213.64124597207302
        ],
        [
          228.24919441460793,
          211.2781954887218
        ],
        [
          231.57894736842104,
          208.37808807733617
        ],
        [
          234.6938775510204,
          206.01503759398494
        ],
        [
          238.34586466165413,
          203.97422126745434
        ],
        [
          242.53490870032223,
          201.93340494092374
        ],
        [
          247.79806659505905,
          200.3222341568206
        ],
        [
          253.59828141783026,
          199.24812030075188
        ],
        [
          254.24274973147152,
          201.93340494092374
        ],
        [
          250.26852846401718,
          202.36305048335123
        ],
        [
          246.4017185821697,
          203.00751879699246
        ],
        [
          242.32008592910847,
          204.83351235230933
        ],
        [
          237.05692803437162,
          206.98174006444683
        ],
        [
          233.19011815252415,
          210.63372717508054
        ],
        [
          230.71965628356605,
          212.24489795918367
        ]
      ],
      "group_id": null,
      "shape_type": "polygon",
      "flags": {}
    },
    {
      "label": "door",
      "points": [
        [
          256.1,
          336.2
        ],
        [
          260.1,
          336.7
        ],
        [
          284.9,
          307.5
        ],
        [
          283.5,
          304.8
        ],
        [
          280.1,
          302.0
        ],
        [
          276.3,
          298.9
        ],
        [
          272.7,
          297.2
        ],
        [
          268.4,
          295.6
        ],
        [
          264.5,
          294.6
        ],
        [
          259.4,
          294.1
        ],
        [
          259.6,
          296.3
        ],
        [
          264.1,
          297.1
        ],
        [
          267.9,
          298.5
        ],
        [
          272.1,
          300.0
        ],
        [
          275.6,
          301.9
        ],
        [
          279.1,
          304.7
        ],
        [
          281.2,
          307.5
        ]
      ],
      "group_id": null,
      "shape_type": "polygon",
      "flags": {}
    },
    {
      "label": "door",
      "points": [
        [
          153.6,
          339.6
        ],
        [
          157.1,
          340.0
        ],
        [
          181.9,
          311.2
        ],
        [
          181.0,
          308.9
        ],
        [
          176.6,
          304.6
        ],
        [
          172.5,
          301.6
        ],
        [
          169.5,
          299.7
        ],
        [
          165.1,
          298.2
        ],
        [
          160.8,
          297.6
        ],
        [
          156.5,
          297.3
        ],
        [
          156.4,
          300.0
        ],
        [
          159.5,
          300.2
        ],
        [
          163.0,
          300.5
        ],
        [
          167.4,
          301.9
        ],
        [
          173.1,
          305.2
        ],
        [
          178.3,
          309.6
        ]
      ],
      "group_id": null,
      "shape_type": "polygon",
      "flags": {}
    }
  ],
  "imagePath": "45741076.jpg",
  "imageData": null,
  "imageHeight": 513,
  "imageWidth": 513
}