{
  "version": "4.5.9",
  "flags": {},
  "shapes": [
    {
      "label": "door",
      "points": [
        [
          273.1,
          239.8
        ],
        [
          273.0,
          258.2
        ],
        [
          275.8,
          258.4
        ],
        [
          279.8,
          258.3
        ],
        [
          285.5,
          257.5
        ],
        [
          290.3,
          256.2
        ],
        [
          294.1,
          253.8
        ],
        [
          299.1,
          250.3
        ],
        [
          302.3,
          247.2
        ],
        [
          304.0,
          243.2
        ],
        [
          304.7,
          238.9
        ],
        [
          301.7,
          239.1
        ],
        [
          301.4,
          241.7
        ],
        [
          300.3,
          244.7
        ],
        [
          297.5,
          247.6
        ],
        [
          294.4,
          249.8
        ],
        [
          291.1,
          252.6
        ],
        [
          287.6,
          254.3
        ],
        [
          282.0,
          255.3
        ],
        [
          276.7,
          255.4
        ],
        [
          276.8,
          239.7
        ]
      ],
      "group_id": null,
      "shape_type": "polygon",
      "flags": {}
    },
    {
      "label": "door",
      "points": [
        [
          123.6,
          239.7
        ],
        [
          151.6,
          239.7
        ],
        [
          151.4,
          244.4
        ],
        [
          149.8,
          247.6
        ],
        [
          146.7,
          251.5
        ],
        [
          142.8,
          253.8
        ],
        [
          138.6,
          255.8
        ],
        [
          134.1,
          257.6
        ],
        [
          129.6,
          258.6
        ],
        [
          124.5,
          258.8
        ],
        [
          124.7,
          256.5
        ],
        [
          129.6,
          256.3
        ],
        [
          135.1,
          254.3
        ],
        [
          139.3,
          252.7
        ],
        [
          142.6,
          250.8
        ],
        [
          145.0,
          248.3
        ],
        [
          147.1,
          245.8
        ],
        [
          147.8,
          242.5
        ],
        [
          123.6,
          242.6
        ]
      ],
      "group_id": null,
      "shape_type": "polygon",
      "flags": {}
    },
    {
      "label": "door",
      "points": [
        [
          366.6,
          234.5
        ],
        [
          370.3,
          234.6
        ],
        [
          370.4,
          215.7
        ],
        [
          366.5,
          215.8
        ],
        [
          361.7,
          216.4
        ],
        [
          358.3,
          217.1
        ],
        [
          355.1,
          218.1
        ],
        [
          351.0,
          220.0
        ],
        [
          347.8,
          222.0
        ],
        [
          345.2,
          223.8
        ],
        [
          343.5,
          226.1
        ],
        [
          341.5,
          229.9
        ],
        [
          340.0,
          234.8
        ],
        [
          341.9,
          235.0
        ],
        [
          343.1,
          231.4
        ],
        [
          344.6,
          228.3
        ],
        [
          346.7,
          226.2
        ],
        [
          350.0,
          223.8
        ],
        [
          354.2,
          221.9
        ],
        [
          358.9,
          220.1
        ],
        [
          362.3,
          219.2
        ],
        [
          365.2,
          218.9
        ],
        [
          367.0,
          218.8
        ]
      ],
      "group_id": null,
      "shape_type": "polygon",
      "flags": {}
    },
    {
      "label": "door",
      "points": [
        [
          382.1,
          210.3
        ],
        [
          382.2,
          212.5
        ],
        [
          409.6,
          212.1
        ],
        [
          409.2,
          208.7
        ],
        [
          406.6,
          204.0
        ],
        [
          403.7,
          200.6
        ],
        [
          399.3,
          198.0
        ],
        [
          394.7,
          195.7
        ],
        [
          388.0,
          193.9
        ],
        [
          382.2,
          193.4
        ],
        [
          381.8,
          196.2
        ],
        [
          385.9,
          196.0
        ],
        [
          391.2,
          196.8
        ],
        [
          395.0,
          198.8
        ],
        [
          400.0,
          201.6
        ],
        [
          403.0,
          204.3
        ],
        [
          405.2,
          207.8
        ],
        [
          405.8,
          210.3
        ]
      ],
      "group_id": null,
      "shape_type": "polygon",
      "flags": {}
    },
    {
      "label": "door",
      "points": [
        [
          416.00467289719626,
          412.38317757009344
        ],
        [
          397.4299065420561,
          400.7009345794392
        ],
        [
          398.3644859813084,
          398.1308411214953
        ],
        [
          401.1682242990654,
          396.9626168224299
        ],
        [
          406.30841121495325,
          394.97663551401865
        ],
        [
          412.8504672897196,
          394.1588785046729
        ],
        [
          419.1588785046729,
          393.9252336448598
        ],
        [
          423.71495327102804,
          393.9252336448598
        ],
        [
          429.4392523364486,
          395.6775700934579
        ],
        [
          426.86915887850466,
          392.2897196261682
        ],
        [
          426.1682242990654,
          387.0327102803738
        ],
        [
          427.2196261682243,
          381.1915887850467
        ],
        [
          429.9065420560747,
          377.803738317757
        ],
        [
          433.52803738317755,
          374.41588785046724
        ],
        [
          436.0981308411215,
          373.9485981308411
        ],
        [
          454.7897196261682,
          386.0981308411215
        ],
        [
          452.9205607476635,
          387.85046728971963
        ],
        [
          435.16355140186914,
          377.10280373831773
        ],
        [
          433.2943925233645,
          378.7383177570093
        ],
        [
          431.89252336448595,
          380.84112149532706
        ],
        [
          430.607476635514,
          383.411214953271
        ],
        [
          429.67289719626166,
          386.33177570093454
        ],
        [
          430.0233644859813,
          389.95327102803736
        ],
        [
          430.84112149532706,
          392.75700934579436
        ],
        [
          434.11214953271025,
          396.2616822429906
        ],
        [
          438.78504672897196,
          399.5327102803738
        ],
        [
          436.6822429906542,
          400.81775700934577
        ],
        [
          433.6448598130841,
          399.7663551401869
        ],
        [
          429.4392523364486,
          398.24766355140184
        ],
        [
          425.93457943925233,
          397.07943925233644
        ],
        [
          422.4299065420561,
          396.49532710280374
        ],
        [
          418.4579439252336,
          396.3785046728972
        ],
        [
          412.8504672897196,
          396.7289719626168
        ],
        [
          408.7616822429906,
          397.3130841121495
        ],
        [
          405.14018691588785,
          398.24766355140184
        ],
        [
          401.51869158878503,
          399.88317757009344
        ],
        [
          419.39252336448595,
          410.6308411214953
        ]
      ],
      "group_id": null,
      "shape_type": "polygon",
      "flags": {}
    },
    {
      "label": "door",
      "points": [
        [
          70.8,
          393.0
        ],
        [
          90.0,
          378.4
        ],
        [
          93.0,
          380.5
        ],
        [
          97.0,
          384.1
        ],
        [
          100.8,
          389.6
        ],
        [
          101.7,
          395.9
        ],
        [
          100.2,
          401.1
        ],
        [
          96.9,
          405.0
        ],
        [
          94.4,
          406.9
        ],
        [
          91.9,
          405.5
        ],
        [
          93.9,
          403.6
        ],
        [
          96.0,
          401.3
        ],
        [
          97.9,
          398.2
        ],
        [
          98.8,
          393.0
        ],
        [
          97.2,
          389.3
        ],
        [
          95.6,
          385.9
        ],
        [
          91.0,
          381.7
        ],
        [
          72.4,
          395.4
        ]
      ],
      "group_id": null,
      "shape_type": "polygon",
      "flags": {}
    }
  ],
  "imagePath": "45740533.jpg",
  "imageData": null,
  "imageHeight": 513,
  "imageWidth": 513
}