{
  "version": "4.5.9",
  "flags": {},
  "shapes": [
    {
      "label": "door",
      "points": [
        [
          220.1560468140442,
          182.444733420026
        ],
        [
          182.5747724317295,
          182.444733420026
        ],
        [
          182.5747724317295,
          188.03641092327697
        ],
        [
          183.87516254876462,
          193.1079323797139
        ],
        [
          186.47594278283484,
          198.04941482444733
        ],
        [
          190.24707412223665,
          202.08062418725618
        ],
        [
          194.66840052015604,
          206.111833550065
        ],
        [
          199.47984395318593,
          209.75292587776332
        ],
        [
          204.6814044213264,
          212.74382314694407
        ],
        [
          210.5331599479844,
          214.1742522756827
        ],
        [
          215.6046814044213,
          215.4746423927178
        ],
        [
          220.93628088426527,
          215.73472041612482
        ],
        [
          220.41612483745124,
          212.8738621586476
        ],
        [
          213.78413524057217,
          211.963589076723
        ],
        [
          209.62288686605982,
          210.92327698309492
        ],
        [
          203.25097529258775,
          208.5825747724317
        ],
        [
          200.1300390117035,
          206.37191157347203
        ],
        [
          195.31859557867358,
          202.73081924577372
        ],
        [
          191.9375812743823,
          199.0897269180754
        ],
        [
          189.59687906371911,
          195.5786736020806
        ],
        [
          187.2561768530559,
          191.41742522756826
        ],
        [
          185.56566970091026,
          185.69570871261377
        ],
        [
          221.19635890767228,
          185.56566970091026
        ],
        [
          222.23667100130038,
          185.56566970091026
        ],
        [
          222.36671001300388,
          182.31469440832248
        ]
      ],
      "group_id": null,
      "shape_type": "polygon",
      "flags": {}
    },
    {
      "label": "door",
      "points": [
        [
          235.6,
          150.3
        ],
        [
          235.2,
          186.6
        ],
        [
          237.5,
          186.6
        ],
        [
          241.7,
          186.5
        ],
        [
          248.3,
          185.1
        ],
        [
          256.1,
          182.1
        ],
        [
          261.6,
          179.2
        ],
        [
          266.1,
          176.3
        ],
        [
          270.0,
          172.3
        ],
        [
          272.5,
          168.6
        ],
        [
          275.5,
          162.3
        ],
        [
          277.6,
          157.1
        ],
        [
          278.1,
          150.0
        ],
        [
          275.2,
          150.5
        ],
        [
          274.9,
          155.2
        ],
        [
          273.1,
          160.4
        ],
        [
          271.4,
          164.6
        ],
        [
          267.4,
          169.8
        ],
        [
          263.5,
          173.8
        ],
        [
          256.9,
          178.2
        ],
        [
          251.6,
          180.3
        ],
        [
          246.6,
          182.0
        ],
        [
          238.3,
          183.6
        ],
        [
          238.9,
          150.1
        ]
      ],
      "group_id": null,
      "shape_type": "polygon",
      "flags": {}
    },
    {
      "label": "door",
      "points": [
        [
          279.1,
          198.6
        ],
        [
          317.4,
          198.6
        ],
        [
          317.3,
          202.4
        ],
        [
          315.9,
          208.5
        ],
        [
          314.6,
          211.9
        ],
        [
          312.2,
          216.6
        ],
        [
          309.6,
          220.4
        ],
        [
          305.4,
          224.1
        ],
        [
          301.7,
          226.8
        ],
        [
          297.2,
          228.8
        ],
        [
          291.4,
          230.8
        ],
        [
          285.5,
          232.1
        ],
        [
          279.8,
          232.6
        ],
        [
          279.7,
          230.9
        ],
        [
          283.9,
          230.5
        ],
        [
          289.7,
          228.9
        ],
        [
          295.1,
          226.8
        ],
        [
          300.2,
          224.0
        ],
        [
          305.1,
          220.7
        ],
        [
          308.1,
          217.6
        ],
        [
          311.8,
          212.5
        ],
        [
          313.2,
          208.3
        ],
        [
          314.9,
          201.5
        ],
        [
          279.2,
          201.0
        ]
      ],
      "group_id": null,
      "shape_type": "polygon",
      "flags": {}
    },
    {
      "label": "door",
      "points": [
        [
          231.7,
          257.6
        ],
        [
          231.5,
          287.5
        ],
        [
          235.2,
          287.3
        ],
        [
          240.6,
          286.6
        ],
        [
          244.9,
          285.6
        ],
        [
          251.2,
          283.2
        ],
        [
          255.0,
          281.3
        ],
        [
          258.6,
          278.3
        ],
        [
          261.5,
          275.2
        ],
        [
          265.1,
          270.5
        ],
        [
          267.4,
          266.9
        ],
        [
          267.9,
          264.2
        ],
        [
          264.6,
          264.1
        ],
        [
          262.9,
          269.0
        ],
        [
          259.8,
          273.1
        ],
        [
          256.8,
          276.7
        ],
        [
          251.8,
          279.7
        ],
        [
          247.6,
          281.2
        ],
        [
          242.0,
          283.4
        ],
        [
          234.6,
          284.5
        ],
        [
          235.1,
          256.0
        ],
        [
          231.9,
          256.0
        ]
      ],
      "group_id": null,
      "shape_type": "polygon",
      "flags": {}
    },
    {
      "label": "door",
      "points": [
        [
          335.87540279269604,
          153.81310418904403
        ],
        [
          371.9656283566058,
          153.4908700322234
        ],
        [
          371.6433941997852,
          156.71321160042964
        ],
        [
          371.750805585392,
          160.79484425349085
        ],
        [
          370.2470461868958,
          164.98388829215895
        ],
        [
          368.20622986036517,
          168.52846401718583
        ],
        [
          365.6283566058002,
          172.61009667024703
        ],
        [
          361.86895810955957,
          177.12137486573576
        ],
        [
          357.78732545649837,
          180.02148227712138
        ],
        [
          354.1353383458646,
          182.27712137486571
        ],
        [
          348.8721804511278,
          184.10311493018258
        ],
        [
          343.3941997851772,
          185.2846401718582
        ],
        [
          336.4124597207304,
          185.7142857142857
        ],
        [
          336.5,
          183.3
        ],
        [
          340.0,
          183.3
        ],
        [
          342.8,
          182.9
        ],
        [
          346.7,
          182.1
        ],
        [
          350.5,
          180.8
        ],
        [
          353.7,
          179.3
        ],
        [
          357.2,
          176.4
        ],
        [
          359.5,
          174.4
        ],
        [
          362.3,
          171.5
        ],
        [
          364.6,
          167.8
        ],
        [
          366.4,
          165.5
        ],
        [
          368.5,
          161.2
        ],
        [
          368.9,
          156.8
        ],
        [
          335.7,
          157.0
        ]
      ],
      "group_id": null,
      "shape_type": "polygon",
      "flags": {}
    },
    {
      "label": "door",
      "points": [
        [
          418.7057633973711,
          191.6076845298281
        ],
        [
          379.6764408493427,
          191.5065722952477
        ],
        [
          379.6764408493427,
          195.3488372093023
        ],
        [
          380.08088978766426,
          199.49443882709807
        ],
        [
          382.20424671385234,
          202.93225480283112
        ],
        [
          385.2376137512639,
          208.39231547017187
        ],
        [
          388.9787664307381,
          213.75126390293224
        ],
        [
          394.0343781597573,
          218.30131445904954
        ],
        [
          397.9777553083923,
          220.62689585439836
        ],
        [
          404.1456016177957,
          223.15470171890797
        ],
        [
          411.1223458038422,
          224.9747219413549
        ],
        [
          418.4024266936299,
          225.78361981799796
        ],
        [
          418.9079878665318,
          223.15470171890797
        ],
        [
          413.04347826086956,
          222.75025278058644
        ],
        [
          408.9989888776542,
          221.94135490394336
        ],
        [
          404.04448938321536,
          220.525783619818
        ],
        [
          399.6966632962588,
          218.30131445904954
        ],
        [
          395.3488372093023,
          214.6612740141557
        ],
        [
          391.20323559150654,
          210.61678463094034
        ],
        [
          387.86653185035385,
          206.16784630940342
        ],
        [
          384.73205257836196,
          201.2133468149646
        ],
        [
          383.41759352881695,
          197.26996966632962
        ],
        [
          383.51870576339735,
          194.33771486349846
        ],
        [
          418.9079878665318,
          194.43882709807886
        ]
      ],
      "group_id": null,
      "shape_type": "polygon",
      "flags": {}
    }
  ],
  "imagePath": "45741079.jpg",
  "imageData": null,
  "imageHeight": 513,
  "imageWidth": 513
}