{
  "version": "4.5.9",
  "flags": {},
  "shapes": [
    {
      "label": "door",
      "points": [
        [
          235.29411764705884,
          210.92436974789916
        ],
        [
          208.5,
          211.0
        ],
        [
          208.5,
          208.2
        ],
        [
          208.8,
          204.1
        ],
        [
          210.8,
          200.8
        ],
        [
          213.1,
          197.8
        ],
        [
          215.6,
          195.3
        ],
        [
          219.0,
          193.2
        ],
        [
          221.8,
          191.4
        ],
        [
          225.8,
          190.2
        ],
        [
          231.1,
          189.0
        ],
        [
          235.9,
          188.4
        ],
        [
          236.1,
          190.6
        ],
        [
          231.6,
          191.2
        ],
        [
          227.8,
          191.7
        ],
        [
          223.8,
          192.9
        ],
        [
          220.8,
          194.4
        ],
        [
          218.0,
          196.8
        ],
        [
          215.5,
          199.1
        ],
        [
          213.5,
          201.5
        ],
        [
          211.8,
          205.0
        ],
        [
          211.6,
          207.8
        ],
        [
          235.4,
          207.7
        ]
      ],
      "group_id": null,
      "shape_type": "polygon",
      "flags": {}
    },
    {
      "label": "door",
      "points": [
        [
          235.4,
          308.5
        ],
        [
          230.0,
          308.6
        ],
        [
          225.9,
          307.5
        ],
        [
          222.0,
          305.9
        ],
        [
          218.6,
          304.2
        ],
        [
          214.6,
          301.0
        ],
        [
          211.9,
          297.9
        ],
        [
          209.7,
          294.5
        ],
        [
          208.4,
          291.1
        ],
        [
          208.2,
          286.6
        ],
        [
          235.7,
          286.8
        ],
        [
          235.8,
          289.7
        ],
        [
          211.0,
          289.8
        ],
        [
          211.7,
          292.7
        ],
        [
          213.5,
          296.2
        ],
        [
          216.6,
          299.4
        ],
        [
          220.7,
          302.2
        ],
        [
          225.5,
          304.5
        ],
        [
          229.4,
          306.0
        ],
        [
          235.4,
          306.8
        ]
      ],
      "group_id": null,
      "shape_type": "polygon",
      "flags": {}
    },
    {
      "label": "door",
      "points": [
        [
          206.4,
          413.3
        ],
        [
          201.3,
          413.3
        ],
        [
          197.9,
          412.2
        ],
        [
          193.4,
          410.8
        ],
        [
          189.6,
          408.6
        ],
        [
          186.7,
          406.0
        ],
        [
          184.1,
          402.5
        ],
        [
          182.4,
          399.1
        ],
        [
          181.3,
          395.2
        ],
        [
          181.2,
          391.5
        ],
        [
          207.8,
          391.5
        ],
        [
          207.9,
          395.1
        ],
        [
          183.9,
          395.2
        ],
        [
          184.6,
          398.3
        ],
        [
          186.4,
          401.7
        ],
        [
          189.4,
          404.8
        ],
        [
          193.6,
          408.0
        ],
        [
          199.6,
          410.6
        ],
        [
          205.4,
          412.1
        ]
      ],
      "group_id": null,
      "shape_type": "polygon",
      "flags": {}
    },
    {
      "label": "door",
      "points": [
        [
          333.7851929092805,
          401.9812304483837
        ],
        [
          306.6736183524505,
          401.8769551616267
        ],
        [
          306.56934306569343,
          398.95724713242964
        ],
        [
          307.19499478623567,
          394.68196037539104
        ],
        [
          309.1762252346194,
          390.9280500521376
        ],
        [
          312.2002085505735,
          387.69551616266943
        ],
        [
          314.9113660062565,
          385.0886339937435
        ],
        [
          318.873826903024,
          382.79457768508865
        ],
        [
          322.21063607924924,
          381.126173096976
        ],
        [
          327.007299270073,
          379.66631908237747
        ],
        [
          334.3065693430657,
          379.24921793534935
        ],
        [
          334.51511991657975,
          381.8561001042753
        ],
        [
          329.82273201251303,
          382.1689259645464
        ],
        [
          327.2158498435871,
          382.58602711157454
        ],
        [
          323.6704900938478,
          383.837330552659
        ],
        [
          319.91657977059435,
          385.4014598540146
        ],
        [
          316.8925964546402,
          387.4869655891554
        ],
        [
          314.5985401459854,
          389.6767466110532
        ],
        [
          311.99165797705945,
          392.4921793534932
        ],
        [
          309.9061522419187,
          395.9332638164755
        ],
        [
          309.3847758081335,
          398.8529718456726
        ],
        [
          333.68091762252345,
          398.8529718456726
        ]
      ],
      "group_id": null,
      "shape_type": "polygon",
      "flags": {}
    },
    {
      "label": "door",
      "points": [
        [
          295.8994708994709,
          207.93650793650792
        ],
        [
          295.8994708994709,
          210.3174603174603
        ],
        [
          321.4285714285714,
          210.18518518518516
        ],
        [
          321.95767195767195,
          206.34920634920633
        ],
        [
          320.23809523809524,
          200.66137566137564
        ],
        [
          317.59259259259255,
          197.0899470899471
        ],
        [
          312.96296296296293,
          193.5185185185185
        ],
        [
          308.06878306878303,
          191.00529100529099
        ],
        [
          301.05820105820106,
          189.021164021164
        ],
        [
          296.16402116402116,
          188.35978835978835
        ],
        [
          296.16402116402116,
          191.00529100529099
        ],
        [
          300.0,
          191.26984126984127
        ],
        [
          304.4973544973545,
          192.06349206349205
        ],
        [
          308.8624338624338,
          194.04761904761904
        ],
        [
          313.4920634920635,
          197.2222222222222
        ],
        [
          316.4021164021164,
          200.26455026455025
        ],
        [
          318.6507936507936,
          203.04232804232802
        ],
        [
          319.1798941798942,
          207.67195767195767
        ]
      ],
      "group_id": null,
      "shape_type": "polygon",
      "flags": {}
    },
    {
      "label": "door",
      "points": [
        [
          295.50264550264546,
          266.26984126984127
        ],
        [
          322.3544973544973,
          266.5343915343915
        ],
        [
          322.3544973544973,
          262.69841269841265
        ],
        [
          321.4285714285714,
          257.53968253968253
        ],
        [
          318.6507936507936,
          253.8359788359788
        ],
        [
          314.15343915343914,
          249.86772486772486
        ],
        [
          309.25925925925924,
          247.35449735449734
        ],
        [
          305.4232804232804,
          245.37037037037035
        ],
        [
          299.7354497354497,
          244.70899470899468
        ],
        [
          296.031746031746,
          244.70899470899468
        ],
        [
          296.16402116402116,
          246.16402116402114
        ],
        [
          301.4550264550264,
          246.95767195767195
        ],
        [
          306.2169312169312,
          248.54497354497352
        ],
        [
          309.9206349206349,
          250.79365079365078
        ],
        [
          314.15343915343914,
          253.8359788359788
        ],
        [
          317.32804232804233,
          257.4074074074074
        ],
        [
          319.7089947089947,
          261.37566137566137
        ],
        [
          319.8412698412698,
          263.62433862433863
        ],
        [
          295.1058201058201,
          263.4920634920635
        ]
      ],
      "group_id": null,
      "shape_type": "polygon",
      "flags": {}
    },
    {
      "label": "door",
      "points": [
        [
          296.1,
          330.7
        ],
        [
          296.1,
          334.3
        ],
        [
          322.5,
          334.2
        ],
        [
          322.5,
          330.5
        ],
        [
          321.3,
          326.3
        ],
        [
          318.8,
          322.2
        ],
        [
          315.3,
          318.4
        ],
        [
          311.5,
          315.7
        ],
        [
          305.6,
          313.5
        ],
        [
          301.8,
          312.5
        ],
        [
          296.9,
          312.5
        ],
        [
          297.5,
          314.5
        ],
        [
          300.3,
          314.5
        ],
        [
          304.3,
          315.2
        ],
        [
          308.5,
          317.7
        ],
        [
          311.8,
          319.2
        ],
        [
          314.0,
          321.0
        ],
        [
          316.7,
          324.4
        ],
        [
          318.7,
          327.8
        ],
        [
          320.1,
          330.4
        ],
        [
          320.2,
          331.1
        ]
      ],
      "group_id": null,
      "shape_type": "polygon",
      "flags": {}
    }
  ],
  "imagePath": "45740878.jpg",
  "imageData": null,
  "imageHeight": 513,
  "imageWidth": 513
}