{
  "version": "4.5.9",
  "flags": {},
  "shapes": [
    {
      "label": "door",
      "points": [
        [
          423.3,
          422.3
        ],
        [
          426.9286754002911,
          422.70742358078604
        ],
        [
          450.94614264919943,
          398.981077147016
        ],
        [
          447.3,
          394.1
        ],
        [
          443.1,
          391.2
        ],
        [
          439.0,
          389.4
        ],
        [
          435.1,
          387.2
        ],
        [
          430.4,
          385.9
        ],
        [
          426.7,
          385.5
        ],
        [
          426.1,
          388.9
        ],
        [
          430.7,
          389.4
        ],
        [
          435.7,
          390.6
        ],
        [
          439.3,
          392.5
        ],
        [
          444.0,
          395.5
        ],
        [
          446.8,
          398.9
        ]
      ],
      "group_id": null,
      "shape_type": "polygon",
      "flags": {}
    },
    {
      "label": "door",
      "points": [
        [
          158.76042908224076,
          310.1311084624553
        ],
        [
          158.64123957091775,
          312.99165673420737
        ],
        [
          162.45530393325387,
          313.94517282479137
        ],
        [
          167.69964243146603,
          315.13706793802146
        ],
        [
          173.1823599523242,
          317.5208581644815
        ],
        [
          177.1156138259833,
          320.0238379022646
        ],
        [
          179.02264600715137,
          322.40762812872464
        ],
        [
          156.73420738974968,
          345.17282479141835
        ],
        [
          155.42312276519667,
          346.8414779499404
        ],
        [
          159.23718712753276,
          346.8414779499404
        ],
        [
          183.6710369487485,
          322.64600715137067
        ],
        [
          180.8104886769964,
          318.5935637663885
        ],
        [
          173.6591179976162,
          314.3027413587604
        ],
        [
          169.8450536352801,
          312.3957091775923
        ],
        [
          166.50774731823597,
          311.32300357568533
        ],
        [
          162.21692491060784,
          310.4886769964243
        ]
      ],
      "group_id": null,
      "shape_type": "polygon",
      "flags": {}
    },
    {
      "label": "door",
      "points": [
        [
          170.38934426229508,
          391.0860655737705
        ],
        [
          174.2827868852459,
          391.2909836065574
        ],
        [
          192.0081967213115,
          374.2827868852459
        ],
        [
          194.2622950819672,
          376.2295081967213
        ],
        [
          196.31147540983608,
          378.89344262295083
        ],
        [
          198.36065573770492,
          382.8893442622951
        ],
        [
          199.59016393442624,
          385.5532786885246
        ],
        [
          200.81967213114754,
          388.7295081967213
        ],
        [
          201.84426229508196,
          391.39344262295083
        ],
        [
          204.71311475409837,
          391.2909836065574
        ],
        [
          203.99590163934425,
          387.80737704918033
        ],
        [
          202.35655737704917,
          383.50409836065575
        ],
        [
          199.79508196721312,
          378.89344262295083
        ],
        [
          196.10655737704917,
          373.15573770491807
        ],
        [
          193.44262295081967,
          370.4918032786885
        ],
        [
          191.49590163934425,
          369.7745901639344
        ],
        [
          190.06147540983608,
          371.10655737704917
        ],
        [
          171.31147540983608,
          390.3688524590164
        ]
      ],
      "group_id": null,
      "shape_type": "polygon",
      "flags": {}
    }
  ],
  "imagePath": "45775504.jpg",
  "imageData": null,
  "imageHeight": 513,
  "imageWidth": 513
}