{
  "version": "4.5.9",
  "flags": {},
  "shapes": [
    {
      "label": "door",
      "points": [
        [
          346.1538461538462,
          323.2905982905983
        ],
        [
          345.94017094017096,
          328.41880341880346
        ],
        [
          307.2649572649573,
          285.2564102564103
        ],
        [
          303.84615384615387,
          289.3162393162393
        ],
        [
          299.5726495726496,
          296.36752136752136
        ],
        [
          295.7264957264957,
          304.9145299145299
        ],
        [
          293.8034188034188,
          312.8205128205128
        ],
        [
          292.0940170940171,
          322.00854700854705
        ],
        [
          289.3162393162393,
          321.1538461538462
        ],
        [
          290.5982905982906,
          313.6752136752137
        ],
        [
          292.3076923076923,
          304.9145299145299
        ],
        [
          296.5811965811966,
          295.7264957264957
        ],
        [
          301.92307692307696,
          285.8974358974359
        ],
        [
          308.11965811965814,
          280.12820512820514
        ]
      ],
      "group_id": null,
      "shape_type": "polygon",
      "flags": {}
    }
  ],
  "imagePath": "45777694.jpg",
  "imageData": null,
  "imageHeight": 513,
  "imageWidth": 513
}