{
  "version": "4.5.9",
  "flags": {},
  "shapes": [
    {
      "label": "door",
      "points": [
        [
          243.3862433862434,
          285.18518518518516
        ],
        [
          243.03350970017638,
          316.04938271604937
        ],
        [
          249.73544973544975,
          315.8730158730159
        ],
        [
          259.25925925925924,
          312.87477954144623
        ],
        [
          267.3721340388007,
          307.2310405643739
        ],
        [
          272.2,
          302.8
        ],
        [
          274.6,
          297.8
        ],
        [
          276.6,
          293.3
        ],
        [
          277.5,
          287.6
        ],
        [
          277.5,
          285.0
        ],
        [
          274.9,
          284.9
        ],
        [
          274.2,
          290.0
        ],
        [
          272.0,
          296.5
        ],
        [
          268.4,
          302.4
        ],
        [
          264.0,
          305.8
        ],
        [
          260.1,
          308.7
        ],
        [
          257.0,
          310.4
        ],
        [
          252.3,
          312.0
        ],
        [
          247.7,
          312.9
        ],
        [
          247.9,
          284.8
        ]
      ],
      "group_id": null,
      "shape_type": "polygon",
      "flags": {}
    },
    {
      "label": "door",
      "points": [
        [
          236.7,
          262.1
        ],
        [
          236.7,
          266.3
        ],
        [
          267.8,
          265.9
        ],
        [
          268.0,
          262.0
        ],
        [
          267.1,
          256.0
        ],
        [
          264.1,
          249.4
        ],
        [
          259.2,
          243.3
        ],
        [
          254.8,
          239.4
        ],
        [
          250.8,
          236.7
        ],
        [
          244.5,
          233.7
        ],
        [
          237.7,
          233.3
        ],
        [
          237.9,
          236.1
        ],
        [
          242.9,
          236.6
        ],
        [
          247.9,
          238.7
        ],
        [
          252.4,
          241.4
        ],
        [
          257.4,
          245.2
        ],
        [
          261.0,
          249.8
        ],
        [
          263.3,
          255.2
        ],
        [
          264.8,
          260.4
        ],
        [
          264.8,
          262.4
        ]
      ],
      "group_id": null,
      "shape_type": "polygon",
      "flags": {}
    },
    {
      "label": "door",
      "points": [
        [
          288.46153846153845,
          253.9787798408488
        ],
        [
          288.46153846153845,
          257.9575596816976
        ],
        [
          320.9549071618037,
          258.2228116710875
        ],
        [
          322.14854111405833,
          255.17241379310346
        ],
        [
          321.0875331564987,
          248.27586206896552
        ],
        [
          317.9045092838196,
          241.3793103448276
        ],
        [
          312.3342175066313,
          233.55437665782495
        ],
        [
          307.2944297082228,
          229.57559681697612
        ],
        [
          301.45888594164455,
          226.52519893899205
        ],
        [
          294.6949602122016,
          224.0053050397878
        ],
        [
          290.053050397878,
          223.87267904509284
        ],
        [
          290.3183023872679,
          227.85145888594164
        ],
        [
          295.3580901856764,
          228.3819628647215
        ],
        [
          300.9283819628647,
          230.10610079575596
        ],
        [
          305.9681697612732,
          233.28912466843502
        ],
        [
          311.14058355437663,
          238.06366047745357
        ],
        [
          314.7214854111406,
          243.10344827586206
        ],
        [
          316.84350132625997,
          248.14323607427056
        ],
        [
          317.9045092838196,
          253.315649867374
        ],
        [
          317.37400530503976,
          253.71352785145888
        ]
      ],
      "group_id": null,
      "shape_type": "polygon",
      "flags": {}
    },
    {
      "label": "door",
      "points": [
        [
          277.57644394110986,
          213.92978482446205
        ],
        [
          272.480181200453,
          213.92978482446205
        ],
        [
          272.480181200453,
          186.74971687429218
        ],
        [
          269.3091732729332,
          186.8629671574179
        ],
        [
          264.89241223103056,
          187.88221970554926
        ],
        [
          260.70215175537936,
          189.6942242355606
        ],
        [
          257.6443941109853,
          191.61947904869763
        ],
        [
          254.58663646659116,
          193.54473386183466
        ],
        [
          251.41562853907135,
          197.28199320498302
        ],
        [
          248.92412231030576,
          200.79275198187995
        ],
        [
          247.11211778029445,
          205.43601359003398
        ],
        [
          245.75311438278595,
          210.079275198188
        ],
        [
          245.52661381653454,
          213.59003397508494
        ],
        [
          242.0158550396376,
          213.36353340883352
        ],
        [
          243.03510758776898,
          208.94677236693093
        ],
        [
          244.50736126840317,
          202.9445073612684
        ],
        [
          246.77236693091731,
          197.39524348810872
        ],
        [
          251.98187995469988,
          191.61947904869763
        ],
        [
          256.6251415628539,
          187.88221970554926
        ],
        [
          262.96715741789353,
          184.93771234428087
        ],
        [
          270.7814269535674,
          183.57870894677237
        ],
        [
          276.8969422423556,
          183.69195922989806
        ],
        [
          277.2366930917327,
          184.48471121177803
        ]
      ],
      "group_id": null,
      "shape_type": "polygon",
      "flags": {}
    },
    {
      "label": "door",
      "points": [
        [
          340.6,
          26.9
        ],
        [
          336.4,
          26.7
        ],
        [
          320.3,
          41.9
        ],
        [
          321.5,
          44.8
        ],
        [
          323.9,
          46.7
        ],
        [
          327.2,
          48.6
        ],
        [
          330.7,
          49.8
        ],
        [
          333.8,
          50.4
        ],
        [
          336.3,
          50.6
        ],
        [
          336.6,
          48.2
        ],
        [
          332.5,
          47.5
        ],
        [
          329.4,
          46.6
        ],
        [
          324.7,
          43.2
        ]
      ],
      "group_id": null,
      "shape_type": "polygon",
      "flags": {}
    }
  ],
  "imagePath": "45775501.jpg",
  "imageData": null,
  "imageHeight": 513,
  "imageWidth": 513
}