{
  "version": "4.5.9",
  "flags": {},
  "shapes": [
    {
      "label": "door",
      "points": [
        [
          192.44264507422403,
          283.2658569500675
        ],
        [
          209.44669365721998,
          283.2658569500675
        ],
        [
          209.85155195681511,
          286.63967611336034
        ],
        [
          208.50202429149797,
          290.55330634278005
        ],
        [
          205.53306342780027,
          294.4669365721997
        ],
        [
          200.1349527665317,
          297.57085020242914
        ],
        [
          195.68151147098516,
          299.59514170040484
        ],
        [
          192.71255060728745,
          299.86504723346826
        ],
        [
          192.84750337381917,
          297.165991902834
        ],
        [
          195.54655870445345,
          296.7611336032389
        ],
        [
          198.92037786774628,
          295.68151147098513
        ],
        [
          203.50877192982455,
          292.0377867746289
        ],
        [
          206.47773279352225,
          288.2591093117409
        ],
        [
          207.15249662618083,
          286.3697705802969
        ],
        [
          192.57759784075574,
          286.5047233468286
        ]
      ],
      "group_id": null,
      "shape_type": "polygon",
      "flags": {}
    },
    {
      "label": "door",
      "points": [
        [
          157.9,
          254.6
        ],
        [
          158.1,
          245.4
        ],
        [
          161.5,
          245.3
        ],
        [
          167.9,
          246.3
        ],
        [
          170.9,
          248.8
        ],
        [
          174.8,
          251.8
        ],
        [
          175.2,
          253.7
        ],
        [
          176.6,
          251.4
        ],
        [
          181.0,
          247.9
        ],
        [
          184.0,
          246.7
        ],
        [
          187.1,
          245.4
        ],
        [
          192.9,
          245.3
        ],
        [
          192.6,
          254.8
        ],
        [
          189.6,
          254.8
        ],
        [
          189.6,
          247.6
        ],
        [
          185.9,
          248.4
        ],
        [
          182.2,
          250.1
        ],
        [
          179.9,
          252.0
        ],
        [
          177.8,
          254.1
        ],
        [
          176.5,
          256.6
        ],
        [
          176.3,
          259.4
        ],
        [
          174.3,
          259.0
        ],
        [
          174.2,
          255.9
        ],
        [
          173.1,
          254.1
        ],
        [
          171.2,
          251.7
        ],
        [
          168.5,
          249.9
        ],
        [
          165.4,
          247.9
        ],
        [
          162.0,
          247.4
        ],
        [
          161.3,
          247.7
        ],
        [
          161.5,
          254.6
        ]
      ],
      "group_id": null,
      "shape_type": "polygon",
      "flags": {}
    },
    {
      "label": "door",
      "points": [
        [
          55.534351145038165,
          464.3129770992366
        ],
        [
          41.412213740458014,
          472.13740458015263
        ],
        [
          43.6,
          476.4
        ],
        [
          46.6,
          477.8
        ],
        [
          51.8,
          478.7
        ],
        [
          57.2,
          478.9
        ],
        [
          61.4,
          479.0
        ],
        [
          63.8,
          478.5
        ],
        [
          60.4,
          481.4
        ],
        [
          60.2,
          483.7
        ],
        [
          60.0,
          487.7
        ],
        [
          60.8,
          490.9
        ],
        [
          62.4,
          494.0
        ],
        [
          64.4,
          495.8
        ],
        [
          66.5,
          495.9
        ],
        [
          80.0,
          487.3
        ],
        [
          78.6,
          484.7
        ],
        [
          65.4,
          492.8
        ],
        [
          64.1,
          491.2
        ],
        [
          63.3,
          488.8
        ],
        [
          63.3,
          486.3
        ],
        [
          63.9,
          483.0
        ],
        [
          65.7,
          480.1
        ],
        [
          68.7,
          477.3
        ],
        [
          72.3,
          474.6
        ],
        [
          70.4,
          472.6
        ],
        [
          67.6,
          474.0
        ],
        [
          63.3,
          476.1
        ],
        [
          60.0,
          476.4
        ],
        [
          55.6,
          476.2
        ],
        [
          50.4,
          475.6
        ],
        [
          46.5,
          474.7
        ],
        [
          45.3,
          473.3
        ],
        [
          57.5,
          465.8
        ]
      ],
      "group_id": null,
      "shape_type": "polygon",
      "flags": {}
    },
    {
      "label": "door",
      "points": [
        [
          106.68016194331983,
          491.9028340080971
        ],
        [
          106.47773279352226,
          504.6558704453441
        ],
        [
          110.3238866396761,
          505.16194331983803
        ],
        [
          115.58704453441294,
          504.3522267206477
        ],
        [
          119.4331983805668,
          502.4291497975708
        ],
        [
          123.78542510121457,
          498.3805668016194
        ],
        [
          125.70850202429149,
          495.3441295546558
        ],
        [
          126.41700404858298,
          493.6234817813765
        ],
        [
          127.32793522267205,
          495.5465587044534
        ],
        [
          129.14979757085018,
          498.3805668016194
        ],
        [
          131.57894736842104,
          501.51821862348174
        ],
        [
          134.21052631578945,
          503.03643724696354
        ],
        [
          138.36032388663966,
          504.6558704453441
        ],
        [
          142.914979757085,
          505.06072874493924
        ],
        [
          146.4574898785425,
          505.16194331983803
        ],
        [
          146.4574898785425,
          490.78947368421046
        ],
        [
          142.3076923076923,
          490.89068825910925
        ],
        [
          142.3076923076923,
          501.7206477732793
        ],
        [
          138.7651821862348,
          501.31578947368416
        ],
        [
          135.52631578947367,
          500.5060728744939
        ],
        [
          132.4898785425101,
          498.3805668016194
        ],
        [
          130.4655870445344,
          495.242914979757
        ],
        [
          129.14979757085018,
          492.2064777327935
        ],
        [
          127.93522267206477,
          489.7773279352226
        ],
        [
          127.32793522267205,
          487.246963562753
        ],
        [
          125.70850202429149,
          487.34817813765176
        ],
        [
          125.20242914979757,
          490.78947368421046
        ],
        [
          123.48178137651821,
          493.3198380566801
        ],
        [
          120.34412955465586,
          497.46963562753035
        ],
        [
          117.914979757085,
          499.89878542510115
        ],
        [
          115.2834008097166,
          501.31578947368416
        ],
        [
          111.7408906882591,
          502.4291497975708
        ],
        [
          110.22267206477731,
          502.4291497975708
        ],
        [
          110.3238866396761,
          491.5991902834008
        ]
      ],
      "group_id": null,
      "shape_type": "polygon",
      "flags": {}
    },
    {
      "label": "door",
      "points": [
        [
          173.86489479512736,
          487.7076411960133
        ],
        [
          188.59357696567,
          495.9025470653378
        ],
        [
          190.58693244739757,
          494.2414174972315
        ],
        [
          193.57696566998894,
          489.7009966777409
        ],
        [
          194.0199335548173,
          485.3820598006645
        ],
        [
          192.58028792912515,
          481.50609080841645
        ],
        [
          190.03322259136215,
          477.9623477297896
        ],
        [
          193.0232558139535,
          478.62679955703214
        ],
        [
          197.00996677740866,
          479.2912513842747
        ],
        [
          201.55038759689924,
          479.0697674418605
        ],
        [
          204.42967884828352,
          478.2945736434109
        ],
        [
          208.30564784053158,
          476.9656699889258
        ],
        [
          211.73864894795128,
          474.30786267995575
        ],
        [
          212.84606866002215,
          472.6467331118494
        ],
        [
          198.67109634551497,
          463.8981173864895
        ],
        [
          196.6777408637874,
          465.55924695459584
        ],
        [
          208.52713178294576,
          473.20044296788484
        ],
        [
          206.64451827242527,
          474.8615725359912
        ],
        [
          203.21151716500555,
          475.968992248062
        ],
        [
          198.11738648947951,
          476.63344407530457
        ],
        [
          192.91251384274642,
          476.1904761904762
        ],
        [
          189.4795127353267,
          475.1937984496124
        ],
        [
          185.71428571428572,
          473.6434108527132
        ],
        [
          182.72425249169436,
          472.093023255814
        ],
        [
          180.84163898117387,
          471.6500553709856
        ],
        [
          180.17718715393136,
          473.0897009966778
        ],
        [
          182.61351052048727,
          474.4186046511628
        ],
        [
          184.82834994462903,
          476.1904761904762
        ],
        [
          187.15393133997787,
          478.40531561461796
        ],
        [
          188.4828349944629,
          480.8416389811739
        ],
        [
          189.81173864894797,
          483.9424141749723
        ],
        [
          190.69767441860466,
          486.7109634551495
        ],
        [
          190.69767441860466,
          489.811738648948
        ],
        [
          188.26135105204875,
          492.358803986711
        ],
        [
          175.19379844961242,
          485.1605758582503
        ]
      ],
      "group_id": null,
      "shape_type": "polygon",
      "flags": {}
    },
    {
      "label": "door",
      "points": [
        [
          377.3,
          364.1
        ],
        [
          377.3,
          378.6
        ],
        [
          374.9,
          378.7
        ],
        [
          371.4,
          378.7
        ],
        [
          367.7,
          377.9
        ],
        [
          363.1,
          375.8
        ],
        [
          360.8,
          373.3
        ],
        [
          358.2,
          369.5
        ],
        [
          356.9,
          364.2
        ],
        [
          359.6,
          364.4
        ],
        [
          360.4,
          367.2
        ],
        [
          361.8,
          369.6
        ],
        [
          363.9,
          372.2
        ],
        [
          366.2,
          374.5
        ],
        [
          369.0,
          376.1
        ],
        [
          371.9,
          376.8
        ],
        [
          373.7,
          376.9
        ],
        [
          374.7,
          376.7
        ],
        [
          375.0,
          363.7
        ]
      ],
      "group_id": null,
      "shape_type": "polygon",
      "flags": {}
    },
    {
      "label": "door",
      "points": [
        [
          410.5702364394993,
          323.643949930459
        ],
        [
          410.7093184979137,
          309.7357440890125
        ],
        [
          407.0931849791377,
          309.7357440890125
        ],
        [
          401.1126564673157,
          311.40472878998605
        ],
        [
          396.6620305980528,
          313.6300417246175
        ],
        [
          393.3240611961057,
          317.10709318497914
        ],
        [
          390.68150208623086,
          320.7232267037552
        ],
        [
          390.5424200278164,
          322.80945757997216
        ],
        [
          392.62865090403335,
          323.0876216968011
        ],
        [
          394.019471488178,
          320.02781641168286
        ],
        [
          396.5229485396384,
          317.24617524339357
        ],
        [
          400.41724617524335,
          314.60361613351876
        ],
        [
          404.5897079276773,
          312.7955493741307
        ],
        [
          407.6495132127955,
          312.37830319888735
        ],
        [
          408.2058414464534,
          323.9221140472879
        ]
      ],
      "group_id": null,
      "shape_type": "polygon",
      "flags": {}
    },
    {
      "label": "door",
      "points": [
        [
          405.98052851182194,
          344.08901251738524
        ],
        [
          405.98052851182194,
          346.31432545201665
        ],
        [
          396.24478442280946,
          340.1947148817802
        ],
        [
          394.4367176634214,
          341.30737134909594
        ],
        [
          393.18497913769124,
          343.8108484005563
        ],
        [
          390.68150208623086,
          343.5326842837274
        ],
        [
          391.933240611961,
          340.89012517385254
        ],
        [
          394.019471488178,
          338.3866481223922
        ],
        [
          396.24478442280946,
          337.2739916550765
        ]
      ],
      "group_id": null,
      "shape_type": "polygon",
      "flags": {}
    },
    {
      "label": "door",
      "points": [
        [
          416.6,
          328.5
        ],
        [
          434.9,
          328.4
        ],
        [
          435.0,
          330.3
        ],
        [
          433.9,
          333.9
        ],
        [
          431.7,
          336.7
        ],
        [
          428.8,
          339.6
        ],
        [
          426.2,
          341.2
        ],
        [
          423.2,
          342.7
        ],
        [
          418.1,
          343.7
        ],
        [
          416.9,
          343.7
        ],
        [
          417.0,
          341.0
        ],
        [
          420.1,
          341.0
        ],
        [
          423.7,
          339.7
        ],
        [
          427.6,
          337.3
        ],
        [
          429.7,
          335.2
        ],
        [
          431.0,
          332.8
        ],
        [
          431.5,
          330.8
        ],
        [
          431.6,
          330.5
        ],
        [
          416.5,
          330.4
        ]
      ],
      "group_id": null,
      "shape_type": "polygon",
      "flags": {}
    },
    {
      "label": "door",
      "points": [
        [
          420.5,
          260.5
        ],
        [
          439.2,
          260.4
        ],
        [
          439.4,
          263.3
        ],
        [
          438.2,
          266.9
        ],
        [
          436.5,
          270.2
        ],
        [
          432.7,
          272.4
        ],
        [
          428.4,
          274.4
        ],
        [
          423.1,
          275.3
        ],
        [
          420.2,
          275.5
        ],
        [
          420.7,
          272.8
        ],
        [
          424.5,
          273.0
        ],
        [
          429.6,
          271.6
        ],
        [
          432.6,
          270.2
        ],
        [
          434.3,
          268.0
        ],
        [
          436.0,
          265.0
        ],
        [
          436.4,
          262.4
        ],
        [
          420.2,
          262.5
        ]
      ],
      "group_id": null,
      "shape_type": "polygon",
      "flags": {}
    },
    {
      "label": "door",
      "points": [
        [
          288.6,
          169.6
        ],
        [
          287.2,
          171.1
        ],
        [
          295.4,
          177.7
        ],
        [
          293.4,
          178.7
        ],
        [
          290.3,
          180.0
        ],
        [
          288.3,
          180.6
        ],
        [
          289.0,
          182.4
        ],
        [
          292.1,
          181.7
        ],
        [
          295.5,
          180.4
        ],
        [
          299.4,
          177.9
        ],
        [
          299.3,
          176.9
        ]
      ],
      "group_id": null,
      "shape_type": "polygon",
      "flags": {}
    },
    {
      "label": "door",
      "points": [
        [
          286.9,
          245.8
        ],
        [
          289.0,
          246.1
        ],
        [
          298.4,
          240.5
        ],
        [
          298.5,
          237.8
        ],
        [
          296.2,
          236.7
        ],
        [
          294.4,
          235.7
        ],
        [
          291.6,
          235.2
        ],
        [
          288.2,
          234.6
        ],
        [
          288.3,
          236.3
        ],
        [
          291.4,
          236.8
        ],
        [
          294.4,
          237.9
        ],
        [
          295.6,
          238.8
        ]
      ],
      "group_id": null,
      "shape_type": "polygon",
      "flags": {}
    },
    {
      "label": "door",
      "points": [
        [
          228.24919441460793,
          323.52309344790547
        ],
        [
          228.24919441460793,
          314.500537056928
        ],
        [
          225.13426423200858,
          314.3931256713211
        ],
        [
          221.58968850698173,
          314.71535982814174
        ],
        [
          218.15252416756175,
          316.7561761546724
        ],
        [
          214.82277121374864,
          319.5488721804511
        ],
        [
          213.64124597207302,
          320.9452201933405
        ],
        [
          211.38560687432866,
          318.04511278195486
        ],
        [
          208.16326530612244,
          315.89688506981736
        ],
        [
          205.15574650912995,
          314.1783029001074
        ],
        [
          200.64446831364123,
          314.07089151450054
        ],
        [
          197.74436090225564,
          314.500537056928
        ],
        [
          197.8517722878625,
          323.63050483351236
        ],
        [
          200.96670247046185,
          324.0601503759398
        ],
        [
          201.18152524167562,
          317.29323308270676
        ],
        [
          203.6519871106337,
          317.078410311493
        ],
        [
          206.55209452201933,
          318.15252416756175
        ],
        [
          210.09667024704618,
          321.16004296455424
        ],
        [
          211.49301825993555,
          324.27497314715356
        ],
        [
          212.56713211600427,
          326.42320085929106
        ],
        [
          214.500537056928,
          326.9602577873254
        ],
        [
          215.57465091299676,
          326.3157894736842
        ],
        [
          215.68206229860365,
          323.30827067669173
        ],
        [
          217.29323308270676,
          320.9452201933405
        ],
        [
          220.8378088077336,
          318.3673469387755
        ],
        [
          224.16756176154672,
          316.97099892588614
        ],
        [
          225.4564983888292,
          316.7561761546724
        ],
        [
          225.67132116004296,
          323.52309344790547
        ]
      ],
      "group_id": null,
      "shape_type": "polygon",
      "flags": {}
    }
  ],
  "imagePath": "45775894.jpg",
  "imageData": null,
  "imageHeight": 513,
  "imageWidth": 513
}