{
  "version": "4.5.9",
  "flags": {},
  "shapes": [
    {
      "label": "door",
      "points": [
        [
          328.6,
          321.2
        ],
        [
          348.1,
          325.2
        ],
        [
          349.8,
          323.6
        ],
        [
          350.7,
          320.3
        ],
        [
          350.3,
          315.6
        ],
        [
          348.8,
          313.1
        ],
        [
          345.3,
          310.2
        ],
        [
          344.5,
          309.7
        ],
        [
          348.1,
          309.7
        ],
        [
          351.6,
          308.9
        ],
        [
          357.2,
          306.7
        ],
        [
          360.4,
          304.0
        ],
        [
          362.6,
          301.7
        ],
        [
          363.0,
          298.6
        ],
        [
          359.7,
          297.6
        ],
        [
          343.5,
          294.2
        ],
        [
          341.8,
          296.4
        ],
        [
          359.3,
          300.3
        ],
        [
          358.2,
          301.9
        ],
        [
          355.6,
          304.0
        ],
        [
          351.0,
          306.2
        ],
        [
          347.5,
          306.9
        ],
        [
          343.2,
          307.5
        ],
        [
          339.7,
          307.3
        ],
        [
          335.0,
          305.7
        ],
        [
          333.4,
          307.7
        ],
        [
          336.9,
          309.3
        ],
        [
          341.2,
          311.1
        ],
        [
          344.4,
          313.1
        ],
        [
          346.4,
          316.5
        ],
        [
          347.5,
          318.5
        ],
        [
          347.4,
          321.9
        ],
        [
          328.4,
          317.9
        ]
      ],
      "group_id": null,
      "shape_type": "polygon",
      "flags": {}
    },
    {
      "label": "door",
      "points": [
        [
          351.8,
          279.4
        ],
        [
          350.5,
          281.7
        ],
        [
          370.6,
          287.2
        ],
        [
          372.5,
          284.9
        ],
        [
          373.7,
          281.0
        ],
        [
          373.0,
          277.6
        ],
        [
          371.0,
          274.4
        ],
        [
          367.7,
          271.8
        ],
        [
          364.6,
          270.2
        ],
        [
          368.3,
          270.4
        ],
        [
          372.8,
          270.0
        ],
        [
          376.8,
          268.8
        ],
        [
          381.2,
          266.8
        ],
        [
          384.5,
          264.4
        ],
        [
          386.6,
          261.5
        ],
        [
          385.1,
          259.7
        ],
        [
          365.8,
          256.0
        ],
        [
          365.0,
          258.1
        ],
        [
          381.7,
          262.5
        ],
        [
          379.5,
          264.7
        ],
        [
          376.8,
          266.1
        ],
        [
          372.7,
          267.4
        ],
        [
          369.1,
          268.2
        ],
        [
          365.9,
          268.4
        ],
        [
          362.2,
          268.7
        ],
        [
          359.8,
          267.8
        ],
        [
          358.4,
          270.2
        ],
        [
          360.7,
          270.9
        ],
        [
          364.5,
          273.4
        ],
        [
          366.4,
          275.0
        ],
        [
          368.6,
          277.4
        ],
        [
          369.8,
          280.1
        ],
        [
          369.4,
          283.4
        ]
      ],
      "group_id": null,
      "shape_type": "polygon",
      "flags": {}
    },
    {
      "label": "door",
      "points": [
        [
          242.9,
          188.6
        ],
        [
          221.2,
          188.4
        ],
        [
          221.5,
          183.8
        ],
        [
          223.9,
          180.3
        ],
        [
          227.0,
          178.1
        ],
        [
          230.2,
          176.1
        ],
        [
          234.7,
          173.7
        ],
        [
          237.6,
          173.2
        ],
        [
          242.7,
          172.8
        ],
        [
          243.5,
          172.8
        ],
        [
          243.5,
          174.8
        ],
        [
          238.1,
          175.3
        ],
        [
          235.4,
          176.1
        ],
        [
          231.4,
          178.2
        ],
        [
          228.7,
          180.0
        ],
        [
          226.0,
          182.3
        ],
        [
          224.3,
          184.4
        ],
        [
          224.0,
          185.5
        ],
        [
          243.0,
          185.3
        ]
      ],
      "group_id": null,
      "shape_type": "polygon",
      "flags": {}
    },
    {
      "label": "door",
      "points": [
        [
          243.4,
          208.7
        ],
        [
          221.6,
          208.4
        ],
        [
          221.3,
          211.3
        ],
        [
          221.6,
          214.1
        ],
        [
          223.3,
          215.8
        ],
        [
          226.0,
          217.8
        ],
        [
          228.9,
          220.3
        ],
        [
          232.4,
          221.9
        ],
        [
          235.2,
          222.4
        ],
        [
          237.7,
          222.7
        ],
        [
          241.0,
          223.1
        ],
        [
          243.6,
          223.1
        ],
        [
          243.4,
          221.7
        ],
        [
          240.1,
          221.4
        ],
        [
          235.6,
          220.7
        ],
        [
          232.3,
          219.4
        ],
        [
          229.6,
          217.8
        ],
        [
          226.6,
          215.3
        ],
        [
          224.8,
          213.5
        ],
        [
          224.3,
          211.6
        ],
        [
          243.3,
          211.5
        ]
      ],
      "group_id": null,
      "shape_type": "polygon",
      "flags": {}
    },
    {
      "label": "door",
      "points": [
        [
          252.5,
          227.6
        ],
        [
          252.7,
          240.7
        ],
        [
          255.8,
          241.1
        ],
        [
          259.0,
          241.0
        ],
        [
          265.0,
          239.7
        ],
        [
          269.1,
          237.7
        ],
        [
          272.5,
          235.5
        ],
        [
          274.8,
          232.3
        ],
        [
          276.5,
          227.6
        ],
        [
          273.8,
          227.5
        ],
        [
          272.5,
          230.7
        ],
        [
          270.9,
          232.9
        ],
        [
          268.2,
          235.1
        ],
        [
          265.4,
          236.4
        ],
        [
          262.3,
          237.6
        ],
        [
          258.8,
          238.4
        ],
        [
          256.3,
          238.9
        ],
        [
          256.0,
          227.2
        ]
      ],
      "group_id": null,
      "shape_type": "polygon",
      "flags": {}
    },
    {
      "label": "door",
      "points": [
        [
          227.3,
          135.2
        ],
        [
          206.4,
          135.2
        ],
        [
          206.3,
          138.6
        ],
        [
          208.2,
          142.1
        ],
        [
          211.6,
          145.6
        ],
        [
          215.2,
          147.8
        ],
        [
          219.0,
          149.3
        ],
        [
          223.8,
          150.2
        ],
        [
          227.5,
          150.4
        ],
        [
          227.5,
          148.4
        ],
        [
          224.8,
          148.1
        ],
        [
          221.2,
          147.0
        ],
        [
          218.4,
          146.3
        ],
        [
          216.0,
          145.4
        ],
        [
          214.1,
          144.2
        ],
        [
          212.4,
          142.2
        ],
        [
          210.8,
          140.6
        ],
        [
          209.0,
          137.6
        ],
        [
          227.5,
          137.4
        ]
      ],
      "group_id": null,
      "shape_type": "polygon",
      "flags": {}
    },
    {
      "label": "door",
      "points": [
        [
          279.6,
          135.3
        ],
        [
          258.2,
          135.4
        ],
        [
          258.4,
          137.7
        ],
        [
          259.6,
          141.2
        ],
        [
          261.8,
          144.0
        ],
        [
          266.0,
          147.4
        ],
        [
          269.1,
          148.8
        ],
        [
          272.6,
          149.7
        ],
        [
          276.5,
          150.5
        ],
        [
          279.7,
          150.5
        ],
        [
          279.7,
          148.4
        ],
        [
          275.6,
          148.2
        ],
        [
          272.1,
          147.3
        ],
        [
          269.5,
          146.3
        ],
        [
          266.6,
          145.0
        ],
        [
          264.8,
          143.5
        ],
        [
          263.0,
          141.4
        ],
        [
          261.3,
          139.6
        ],
        [
          261.2,
          137.5
        ],
        [
          280.0,
          137.5
        ]
      ],
      "group_id": null,
      "shape_type": "polygon",
      "flags": {}
    },
    {
      "label": "door",
      "points": [
        [
          262.1,
          93.5
        ],
        [
          258.8,
          93.4
        ],
        [
          258.6,
          82.4
        ],
        [
          255.2,
          82.5
        ],
        [
          252.3,
          83.5
        ],
        [
          249.7,
          84.6
        ],
        [
          247.2,
          86.0
        ],
        [
          244.9,
          88.3
        ],
        [
          243.2,
          90.5
        ],
        [
          242.5,
          92.4
        ],
        [
          242.6,
          93.6
        ],
        [
          239.6,
          93.6
        ],
        [
          239.8,
          90.9
        ],
        [
          241.0,
          88.0
        ],
        [
          243.2,
          85.5
        ],
        [
          246.4,
          83.1
        ],
        [
          250.6,
          81.5
        ],
        [
          255.2,
          80.2
        ],
        [
          259.3,
          79.5
        ],
        [
          262.2,
          79.5
        ]
      ],
      "group_id": null,
      "shape_type": "polygon",
      "flags": {}
    },
    {
      "label": "door",
      "points": [
        [
          167.9,
          74.9
        ],
        [
          168.1,
          61.1
        ],
        [
          171.4,
          61.0
        ],
        [
          175.2,
          61.7
        ],
        [
          178.5,
          62.8
        ],
        [
          182.5,
          64.6
        ],
        [
          185.9,
          66.8
        ],
        [
          188.7,
          68.8
        ],
        [
          190.9,
          71.7
        ],
        [
          191.2,
          75.0
        ],
        [
          188.9,
          75.0
        ],
        [
          188.4,
          73.4
        ],
        [
          186.9,
          70.9
        ],
        [
          184.1,
          69.0
        ],
        [
          181.3,
          67.0
        ],
        [
          177.4,
          65.6
        ],
        [
          175.1,
          64.8
        ],
        [
          171.3,
          64.4
        ],
        [
          171.5,
          75.8
        ],
        [
          169.1,
          75.8
        ]
      ],
      "group_id": null,
      "shape_type": "polygon",
      "flags": {}
    }
  ],
  "imagePath": "45775222.jpg",
  "imageData": null,
  "imageHeight": 513,
  "imageWidth": 513
}