{
  "version": "4.5.9",
  "flags": {},
  "shapes": [
    {
      "label": "door",
      "points": [
        [
          170.0,
          298.5
        ],
        [
          173.1,
          298.5
        ],
        [
          173.0,
          317.4
        ],
        [
          170.5,
          317.4
        ],
        [
          167.4,
          317.1
        ],
        [
          165.0,
          316.4
        ],
        [
          162.0,
          314.9
        ],
        [
          158.6,
          312.3
        ],
        [
          155.2,
          308.9
        ],
        [
          153.7,
          305.9
        ],
        [
          152.3,
          303.1
        ],
        [
          152.3,
          298.3
        ],
        [
          154.6,
          298.7
        ],
        [
          155.2,
          301.2
        ],
        [
          156.4,
          304.6
        ],
        [
          158.3,
          307.9
        ],
        [
          160.5,
          309.8
        ],
        [
          163.8,
          311.9
        ],
        [
          166.8,
          313.0
        ],
        [
          169.4,
          313.8
        ]
      ],
      "group_id": null,
      "shape_type": "polygon",
      "flags": {}
    },
    {
      "label": "door",
      "points": [
        [
          189.7,
          277.6
        ],
        [
          189.6,
          295.1
        ],
        [
          190.8,
          295.6
        ],
        [
          194.0,
          295.6
        ],
        [
          197.4,
          294.7
        ],
        [
          202.1,
          292.8
        ],
        [
          205.0,
          290.1
        ],
        [
          208.2,
          287.2
        ],
        [
          210.3,
          283.0
        ],
        [
          210.7,
          277.4
        ],
        [
          208.4,
          277.2
        ],
        [
          208.4,
          279.8
        ],
        [
          207.8,
          282.6
        ],
        [
          206.1,
          285.9
        ],
        [
          203.2,
          288.7
        ],
        [
          200.4,
          290.7
        ],
        [
          197.1,
          292.6
        ],
        [
          192.9,
          293.0
        ],
        [
          193.0,
          277.2
        ]
      ],
      "group_id": null,
      "shape_type": "polygon",
      "flags": {}
    },
    {
      "label": "door",
      "points": [
        [
          188.33333333333331,
          202.14285714285714
        ],
        [
          188.33333333333331,
          183.45238095238093
        ],
        [
          192.5,
          183.5
        ],
        [
          196.7,
          185.0
        ],
        [
          200.6,
          187.1
        ],
        [
          204.8,
          190.7
        ],
        [
          207.9,
          195.0
        ],
        [
          209.2,
          198.6
        ],
        [
          210.0,
          202.4
        ],
        [
          207.2,
          202.4
        ],
        [
          206.3,
          198.7
        ],
        [
          204.2,
          194.6
        ],
        [
          201.4,
          191.3
        ],
        [
          197.8,
          188.8
        ],
        [
          194.6,
          187.4
        ],
        [
          191.7,
          186.8
        ],
        [
          191.9,
          202.6
        ]
      ],
      "group_id": null,
      "shape_type": "polygon",
      "flags": {}
    },
    {
      "label": "door",
      "points": [
        [
          216.7,
          266.9
        ],
        [
          216.7,
          269.2
        ],
        [
          203.0,
          269.4
        ],
        [
          202.5,
          267.7
        ],
        [
          203.2,
          264.3
        ],
        [
          205.0,
          260.6
        ],
        [
          206.8,
          258.2
        ],
        [
          209.5,
          256.0
        ],
        [
          212.8,
          254.6
        ],
        [
          209.3,
          252.8
        ],
        [
          206.5,
          249.9
        ],
        [
          204.7,
          247.8
        ],
        [
          203.6,
          245.6
        ],
        [
          202.9,
          242.0
        ],
        [
          202.9,
          239.5
        ],
        [
          216.8,
          239.6
        ],
        [
          216.8,
          242.4
        ],
        [
          205.7,
          242.4
        ],
        [
          206.3,
          244.5
        ],
        [
          208.0,
          247.3
        ],
        [
          210.3,
          249.9
        ],
        [
          212.9,
          251.8
        ],
        [
          218.0,
          253.1
        ],
        [
          220.6,
          253.8
        ],
        [
          220.6,
          255.1
        ],
        [
          219.4,
          255.7
        ],
        [
          214.6,
          256.4
        ],
        [
          211.1,
          258.5
        ],
        [
          208.3,
          261.4
        ],
        [
          206.2,
          264.6
        ],
        [
          206.3,
          266.5
        ]
      ],
      "group_id": null,
      "shape_type": "polygon",
      "flags": {}
    },
    {
      "label": "door",
      "points": [
        [
          286.44421272158496,
          290.5109489051095
        ],
        [
          286.44421272158496,
          271.53284671532845
        ],
        [
          283.2116788321168,
          271.74139728884256
        ],
        [
          280.08342022940565,
          272.3670490093848
        ],
        [
          274.7653806047967,
          274.97393117831075
        ],
        [
          271.01147028154327,
          278.415015641293
        ],
        [
          267.3618352450469,
          283.837330552659
        ],
        [
          265.48488008342025,
          287.3826903023983
        ],
        [
          265.6934306569343,
          290.0938477580813
        ],
        [
          267.7789363920751,
          290.0938477580813
        ],
        [
          268.71741397288844,
          287.0698644421272
        ],
        [
          269.7601668404588,
          284.3587069864442
        ],
        [
          272.0542231491137,
          281.3347236704901
        ],
        [
          274.13972888425445,
          279.1449426485923
        ],
        [
          277.8936392075078,
          276.64233576642334
        ],
        [
          281.64754953076124,
          275.1824817518248
        ],
        [
          282.6903023983316,
          275.3910323253389
        ],
        [
          282.48175182481754,
          290.8237747653806
        ]
      ],
      "group_id": null,
      "shape_type": "polygon",
      "flags": {}
    },
    {
      "label": "door",
      "points": [
        [
          311.8,
          208.2
        ],
        [
          315.0,
          208.2
        ],
        [
          315.1,
          226.9
        ],
        [
          312.0,
          226.9
        ],
        [
          307.6,
          226.3
        ],
        [
          304.7,
          224.6
        ],
        [
          301.2,
          222.1
        ],
        [
          298.2,
          219.1
        ],
        [
          296.0,
          215.4
        ],
        [
          294.8,
          212.1
        ],
        [
          294.1,
          208.4
        ],
        [
          296.8,
          208.3
        ],
        [
          297.4,
          211.1
        ],
        [
          298.4,
          214.5
        ],
        [
          300.5,
          217.8
        ],
        [
          302.9,
          220.2
        ],
        [
          306.8,
          222.5
        ],
        [
          310.3,
          224.1
        ],
        [
          311.5,
          224.2
        ],
        [
          311.6,
          209.2
        ]
      ],
      "group_id": null,
      "shape_type": "polygon",
      "flags": {}
    },
    {
      "label": "door",
      "points": [
        [
          80.1,
          403.3
        ],
        [
          96.3,
          403.3
        ],
        [
          96.4,
          400.7
        ],
        [
          95.8,
          397.3
        ],
        [
          94.1,
          393.4
        ],
        [
          91.7,
          391.2
        ],
        [
          88.1,
          388.9
        ],
        [
          87.6,
          388.6
        ],
        [
          90.5,
          386.4
        ],
        [
          92.9,
          384.1
        ],
        [
          94.9,
          381.2
        ],
        [
          96.2,
          378.5
        ],
        [
          96.2,
          374.5
        ],
        [
          96.1,
          373.0
        ],
        [
          80.2,
          373.0
        ],
        [
          80.3,
          376.3
        ],
        [
          94.0,
          376.1
        ],
        [
          93.8,
          377.9
        ],
        [
          91.7,
          381.1
        ],
        [
          89.2,
          384.3
        ],
        [
          85.8,
          386.1
        ],
        [
          82.4,
          386.7
        ],
        [
          80.3,
          387.0
        ],
        [
          80.5,
          389.4
        ],
        [
          82.9,
          389.4
        ],
        [
          85.7,
          389.8
        ],
        [
          89.1,
          392.4
        ],
        [
          91.1,
          395.1
        ],
        [
          93.0,
          398.3
        ],
        [
          93.5,
          400.9
        ],
        [
          79.7,
          400.6
        ]
      ],
      "group_id": null,
      "shape_type": "polygon",
      "flags": {}
    },
    {
      "label": "door",
      "points": [
        [
          80.2,
          326.7
        ],
        [
          80.2,
          329.3
        ],
        [
          96.2,
          329.1
        ],
        [
          96.5,
          326.7
        ],
        [
          96.3,
          324.5
        ],
        [
          94.7,
          321.2
        ],
        [
          91.9,
          317.7
        ],
        [
          87.4,
          315.2
        ],
        [
          91.4,
          312.9
        ],
        [
          94.7,
          309.2
        ],
        [
          96.2,
          305.0
        ],
        [
          96.8,
          300.3
        ],
        [
          96.6,
          299.6
        ],
        [
          80.2,
          299.5
        ],
        [
          80.1,
          302.5
        ],
        [
          93.6,
          302.6
        ],
        [
          92.7,
          305.8
        ],
        [
          90.8,
          308.7
        ],
        [
          88.3,
          311.0
        ],
        [
          85.3,
          312.7
        ],
        [
          81.2,
          313.4
        ],
        [
          80.6,
          313.7
        ],
        [
          80.6,
          316.1
        ],
        [
          84.7,
          316.3
        ],
        [
          88.0,
          318.3
        ],
        [
          90.0,
          320.4
        ],
        [
          91.9,
          322.5
        ],
        [
          93.0,
          324.6
        ],
        [
          93.6,
          326.5
        ]
      ],
      "group_id": null,
      "shape_type": "polygon",
      "flags": {}
    }
  ],
  "imagePath": "45775138.jpg",
  "imageData": null,
  "imageHeight": 513,
  "imageWidth": 513
}