{
  "version": "4.5.9",
  "flags": {},
  "shapes": [
    {
      "label": "door",
      "points": [
        [
          282.93768545994067,
          365.43026706231456
        ],
        [
          287.83382789317506,
          365.5786350148368
        ],
        [
          287.53709198813056,
          389.0207715133531
        ],
        [
          283.82789317507417,
          388.87240356083083
        ],
        [
          278.0415430267062,
          388.87240356083083
        ],
        [
          271.9584569732938,
          388.27893175074183
        ],
        [
          265.72700296735906,
          387.24035608308606
        ],
        [
          258.75370919881306,
          384.7181008902077
        ],
        [
          254.15430267062314,
          382.4925816023739
        ],
        [
          248.9614243323442,
          379.8219584569733
        ],
        [
          245.84569732937683,
          376.55786350148367
        ],
        [
          241.24629080118694,
          371.0682492581602
        ],
        [
          239.7626112759644,
          365.13353115727
        ],
        [
          242.28486646884272,
          364.9851632047478
        ],
        [
          243.91691394658753,
          368.69436201780417
        ],
        [
          247.3293768545994,
          373.73887240356083
        ],
        [
          252.52225519287833,
          378.3382789317507
        ],
        [
          259.05044510385756,
          381.7507418397626
        ],
        [
          266.9139465875371,
          383.67952522255194
        ],
        [
          275.96439169139467,
          385.16320474777444
        ],
        [
          282.7893175074184,
          386.2017804154303
        ]
      ],
      "group_id": null,
      "shape_type": "polygon",
      "flags": {}
    },
    {
      "label": "door",
      "points": [
        [
          272.06235011990407,
          303.59712230215825
        ],
        [
          269.3045563549161,
          303.23741007194246
        ],
        [
          252.5179856115108,
          319.3045563549161
        ],
        [
          255.0359712230216,
          322.3021582733813
        ],
        [
          259.71223021582733,
          323.5011990407674
        ],
        [
          264.6282973621103,
          323.5011990407674
        ],
        [
          269.7841726618705,
          323.621103117506
        ],
        [
          270.14388489208636,
          320.9832134292566
        ],
        [
          263.66906474820144,
          320.863309352518
        ],
        [
          258.9928057553957,
          320.3836930455636
        ],
        [
          256.47482014388487,
          319.42446043165467
        ]
      ],
      "group_id": null,
      "shape_type": "polygon",
      "flags": {}
    },
    {
      "label": "door",
      "points": [
        [
          216.2,
          125.4
        ],
        [
          212.8,
          125.2
        ],
        [
          212.7,
          104.1
        ],
        [
          208.0,
          104.3
        ],
        [
          202.4,
          104.8
        ],
        [
          196.5,
          106.3
        ],
        [
          189.0,
          108.5
        ],
        [
          183.0,
          112.0
        ],
        [
          178.6,
          115.2
        ],
        [
          174.7,
          118.3
        ],
        [
          171.9,
          121.7
        ],
        [
          170.9,
          125.0
        ],
        [
          169.0,
          124.8
        ],
        [
          169.6,
          120.7
        ],
        [
          173.2,
          115.4
        ],
        [
          177.6,
          111.8
        ],
        [
          182.7,
          108.5
        ],
        [
          190.0,
          105.7
        ],
        [
          198.3,
          103.7
        ],
        [
          204.2,
          102.1
        ],
        [
          211.6,
          101.8
        ],
        [
          217.0,
          101.9
        ]
      ],
      "group_id": null,
      "shape_type": "polygon",
      "flags": {}
    },
    {
      "label": "door",
      "points": [
        [
          314.41213653603035,
          255.49936788874842
        ],
        [
          311.1251580278129,
          255.49936788874842
        ],
        [
          311.1251580278129,
          234.5132743362832
        ],
        [
          305.94184576485463,
          234.5132743362832
        ],
        [
          300.2528445006321,
          235.39823008849558
        ],
        [
          293.29962073324907,
          237.5474083438685
        ],
        [
          288.7,
          238.8
        ],
        [
          282.8,
          241.0
        ],
        [
          278.9,
          243.5
        ],
        [
          273.9,
          247.0
        ],
        [
          271.5,
          250.9
        ],
        [
          269.6,
          254.9
        ],
        [
          267.4,
          254.5
        ],
        [
          270.4,
          247.7
        ],
        [
          275.6,
          243.1
        ],
        [
          282.3,
          239.2
        ],
        [
          289.0,
          236.3
        ],
        [
          296.7,
          233.7
        ],
        [
          304.8,
          232.4
        ],
        [
          314.3,
          232.2
        ]
      ],
      "group_id": null,
      "shape_type": "polygon",
      "flags": {}
    },
    {
      "label": "door",
      "points": [
        [
          353.0,
          288.5
        ],
        [
          392.1,
          288.3
        ],
        [
          392.0,
          292.2
        ],
        [
          389.3,
          297.7
        ],
        [
          386.0,
          301.6
        ],
        [
          381.1,
          305.3
        ],
        [
          377.3,
          308.1
        ],
        [
          372.2,
          309.9
        ],
        [
          365.9,
          312.1
        ],
        [
          362.2,
          312.6
        ],
        [
          353.5,
          313.5
        ],
        [
          353.8,
          311.7
        ],
        [
          358.7,
          311.1
        ],
        [
          365.0,
          310.0
        ],
        [
          371.5,
          308.1
        ],
        [
          376.1,
          306.0
        ],
        [
          381.1,
          302.2
        ],
        [
          385.9,
          298.3
        ],
        [
          388.0,
          294.9
        ],
        [
          389.3,
          290.4
        ],
        [
          353.1,
          290.4
        ]
      ],
      "group_id": null,
      "shape_type": "polygon",
      "flags": {}
    },
    {
      "label": "door",
      "points": [
        [
          210.71975497702908,
          282.54211332312406
        ],
        [
          206.12557427258804,
          282.69525267993873
        ],
        [
          185.75803981623275,
          264.1653905053599
        ],
        [
          189.4333843797856,
          262.02143950995406
        ],
        [
          194.94640122511484,
          260.490045941807
        ],
        [
          201.9908116385911,
          259.87748851454825
        ],
        [
          207.65696784073506,
          259.7243491577335
        ],
        [
          207.65696784073506,
          262.3277182235835
        ],
        [
          201.9908116385911,
          262.48085758039815
        ],
        [
          195.71209800918837,
          262.94027565084224
        ],
        [
          192.03675344563553,
          264.77794793261864
        ]
      ],
      "group_id": null,
      "shape_type": "polygon",
      "flags": {}
    }
  ],
  "imagePath": "45781483.jpg",
  "imageData": null,
  "imageHeight": 513,
  "imageWidth": 513
}