{
  "version": "4.5.9",
  "flags": {},
  "shapes": [
    {
      "label": "door",
      "points": [
        [
          329.40320232896653,
          39.737991266375545
        ],
        [
          303.63901018922854,
          39.88355167394469
        ],
        [
          303.78457059679766,
          45.851528384279476
        ],
        [
          305.3857350800582,
          51.96506550218341
        ],
        [
          308.73362445414847,
          55.89519650655022
        ],
        [
          313.6826783114993,
          59.679767103347885
        ],
        [
          318.3406113537118,
          62.29985443959243
        ],
        [
          322.85298398835516,
          63.901018922852984
        ],
        [
          328.5298398835517,
          64.19213973799127
        ],
        [
          328.9665211062591,
          61.572052401746724
        ],
        [
          324.0174672489083,
          61.1353711790393
        ],
        [
          320.9606986899563,
          59.97088791848617
        ],
        [
          316.8850072780204,
          58.22416302765647
        ],
        [
          312.66375545851525,
          54.29403202328967
        ],
        [
          309.75254730713243,
          50.80058224163027
        ],
        [
          307.1324599708879,
          46.87045123726347
        ],
        [
          306.8413391557496,
          43.522561863173216
        ],
        [
          329.25764192139735,
          43.37700145560407
        ]
      ],
      "group_id": null,
      "shape_type": "polygon",
      "flags": {}
    },
    {
      "label": "door",
      "points": [
        [
          324.3,
          109.4
        ],
        [
          320.6,
          109.3
        ],
        [
          321.0,
          90.3
        ],
        [
          317.4,
          90.4
        ],
        [
          313.5,
          91.3
        ],
        [
          309.5,
          93.3
        ],
        [
          305.9,
          96.3
        ],
        [
          303.4,
          99.5
        ],
        [
          300.7,
          103.2
        ],
        [
          299.9,
          106.8
        ],
        [
          299.3,
          109.4
        ],
        [
          296.4,
          109.3
        ],
        [
          296.4,
          106.7
        ],
        [
          297.3,
          102.9
        ],
        [
          299.7,
          98.6
        ],
        [
          302.7,
          94.5
        ],
        [
          307.1,
          91.5
        ],
        [
          311.1,
          89.4
        ],
        [
          316.6,
          87.8
        ],
        [
          321.5,
          87.6
        ],
        [
          324.2,
          87.7
        ]
      ],
      "group_id": null,
      "shape_type": "polygon",
      "flags": {}
    },
    {
      "label": "door",
      "points": [
        [
          328.5,
          147.5
        ],
        [
          321.6,
          146.5
        ],
        [
          315.7,
          144.3
        ],
        [
          311.0,
          141.3
        ],
        [
          307.0,
          138.0
        ],
        [
          304.3,
          132.9
        ],
        [
          303.4,
          128.8
        ],
        [
          303.0,
          122.4
        ],
        [
          329.6,
          122.4
        ],
        [
          329.9,
          126.1
        ],
        [
          306.2,
          126.1
        ],
        [
          307.0,
          129.7
        ],
        [
          309.3,
          133.5
        ],
        [
          312.6,
          138.2
        ],
        [
          317.8,
          141.7
        ],
        [
          321.1,
          143.7
        ],
        [
          327.2,
          144.9
        ],
        [
          329.2,
          145.1
        ]
      ],
      "group_id": null,
      "shape_type": "polygon",
      "flags": {}
    },
    {
      "label": "door",
      "points": [
        [
          279.47932618683,
          220.98009188361408
        ],
        [
          253.13935681470136,
          220.3675344563553
        ],
        [
          252.98621745788668,
          217.15160796324653
        ],
        [
          253.75191424196018,
          212.0980091883614
        ],
        [
          256.9678407350689,
          206.73813169984686
        ],
        [
          261.25574272588057,
          202.14395099540582
        ],
        [
          269.3721286370597,
          197.70290964777948
        ],
        [
          279.1730474732006,
          195.86523736600304
        ],
        [
          279.1730474732006,
          198.62174578866768
        ],
        [
          273.35375191424197,
          199.6937212863706
        ],
        [
          267.8407350689127,
          201.9908116385911
        ],
        [
          263.093415007657,
          204.74732006125575
        ],
        [
          259.57120980091884,
          209.64777947932618
        ],
        [
          257.427258805513,
          214.0888208269525
        ],
        [
          257.1209800918836,
          216.69218989280245
        ],
        [
          279.32618683001533,
          216.69218989280245
        ]
      ],
      "group_id": null,
      "shape_type": "polygon",
      "flags": {}
    },
    {
      "label": "door",
      "points": [
        [
          299.8516320474777,
          247.0326409495549
        ],
        [
          281.4540059347181,
          262.16617210682494
        ],
        [
          283.97626112759644,
          266.46884272997033
        ],
        [
          288.4272997032641,
          268.5459940652819
        ],
        [
          293.620178041543,
          270.62314540059344
        ],
        [
          298.9614243323442,
          271.0682492581602
        ],
        [
          305.04451038575667,
          270.4747774480712
        ],
        [
          312.46290801186944,
          268.99109792284867
        ],
        [
          310.08902077151333,
          274.03560830860533
        ],
        [
          309.9406528189911,
          281.4540059347181
        ],
        [
          311.72106824925817,
          288.87240356083083
        ],
        [
          317.06231454005933,
          295.40059347181005
        ],
        [
          319.58456973293767,
          295.25222551928783
        ],
        [
          336.7952522255193,
          280.41543026706233
        ],
        [
          335.16320474777444,
          277.7448071216617
        ],
        [
          317.9525222551929,
          291.24629080118694
        ],
        [
          315.2818991097923,
          288.27893175074183
        ],
        [
          313.7982195845697,
          283.97626112759644
        ],
        [
          312.90801186943617,
          279.3768545994065
        ],
        [
          313.05637982195844,
          274.03560830860533
        ],
        [
          315.43026706231456,
          269.58456973293767
        ],
        [
          317.8041543026706,
          266.17210682492583
        ],
        [
          321.8100890207715,
          263.2047477744807
        ],
        [
          322.70029673590506,
          262.01780415430267
        ],
        [
          320.4747774480712,
          259.79228486646883
        ],
        [
          317.2106824925816,
          262.01780415430267
        ],
        [
          314.0949554896142,
          264.540059347181
        ],
        [
          309.64391691394655,
          266.61721068249255
        ],
        [
          303.2640949554896,
          267.35905044510383
        ],
        [
          298.07121661721067,
          267.5074183976261
        ],
        [
          292.2848664688427,
          266.32047477744806
        ],
        [
          287.53709198813056,
          265.13353115727
        ],
        [
          286.4985163204748,
          263.946587537092
        ],
        [
          302.22551928783383,
          249.70326409495547
        ]
      ],
      "group_id": null,
      "shape_type": "polygon",
      "flags": {}
    },
    {
      "label": "door",
      "points": [
        [
          405.0632911392405,
          267.72151898734177
        ],
        [
          405.3164556962025,
          271.3924050632911
        ],
        [
          381.2658227848101,
          271.2658227848101
        ],
        [
          381.3924050632911,
          267.2151898734177
        ],
        [
          382.53164556962025,
          261.1392405063291
        ],
        [
          385.82278481012656,
          255.18987341772151
        ],
        [
          391.2658227848101,
          251.01265822784808
        ],
        [
          396.4556962025316,
          248.1012658227848
        ],
        [
          402.65822784810126,
          247.2151898734177
        ],
        [
          405.44303797468353,
          247.2151898734177
        ],
        [
          405.44303797468353,
          250.25316455696202
        ],
        [
          401.3924050632911,
          250.37974683544303
        ],
        [
          395.56962025316454,
          252.1518987341772
        ],
        [
          390.37974683544303,
          255.94936708860757
        ],
        [
          386.83544303797464,
          259.36708860759495
        ],
        [
          385.44303797468353,
          262.7848101265823
        ],
        [
          384.1772151898734,
          266.9620253164557
        ],
        [
          384.1772151898734,
          267.59493670886076
        ]
      ],
      "group_id": null,
      "shape_type": "polygon",
      "flags": {}
    },
    {
      "label": "door",
      "points": [
        [
          389.5,
          230.0
        ],
        [
          391.3,
          232.6
        ],
        [
          379.9,
          241.5
        ],
        [
          377.2,
          241.7
        ],
        [
          374.8,
          239.8
        ],
        [
          372.8,
          235.9
        ],
        [
          372.2,
          231.6
        ],
        [
          374.5,
          231.7
        ],
        [
          375.3,
          235.0
        ],
        [
          376.8,
          238.0
        ]
      ],
      "group_id": null,
      "shape_type": "polygon",
      "flags": {}
    }
  ],
  "imagePath": "45783298.jpg",
  "imageData": null,
  "imageHeight": 513,
  "imageWidth": 513
}