{
  "version": "4.5.9",
  "flags": {},
  "shapes": [
    {
      "label": "door",
      "points": [
        [
          175.84134615384616,
          69.47115384615384
        ],
        [
          176.08173076923077,
          52.40384615384615
        ],
        [
          180.64903846153845,
          52.52403846153846
        ],
        [
          187.01923076923077,
          53.24519230769231
        ],
        [
          193.9903846153846,
          55.40865384615385
        ],
        [
          197.83653846153845,
          58.65384615384615
        ],
        [
          202.40384615384616,
          63.70192307692307
        ],
        [
          204.56730769230768,
          68.8701923076923
        ],
        [
          201.8028846153846,
          69.11057692307692
        ],
        [
          199.87980769230768,
          64.78365384615384
        ],
        [
          197.47596153846152,
          61.65865384615385
        ],
        [
          193.5096153846154,
          58.89423076923077
        ],
        [
          190.3846153846154,
          57.21153846153846
        ],
        [
          186.41826923076923,
          55.88942307692307
        ],
        [
          179.6875,
          54.32692307692307
        ],
        [
          179.6875,
          69.23076923076923
        ]
      ],
      "group_id": null,
      "shape_type": "polygon",
      "flags": {}
    },
    {
      "label": "door",
      "points": [
        [
          187.39754098360658,
          217.0081967213115
        ],
        [
          183.09426229508196,
          216.90573770491804
        ],
        [
          183.19672131147541,
          200.0
        ],
        [
          179.20081967213116,
          200.30737704918033
        ],
        [
          175.7172131147541,
          201.22950819672133
        ],
        [
          172.95081967213116,
          202.45901639344262
        ],
        [
          169.15983606557378,
          204.30327868852459
        ],
        [
          166.18852459016395,
          206.35245901639345
        ],
        [
          163.62704918032787,
          209.52868852459017
        ],
        [
          161.88524590163934,
          212.60245901639345
        ],
        [
          161.2704918032787,
          217.21311475409837
        ],
        [
          158.9139344262295,
          216.70081967213116
        ],
        [
          159.93852459016395,
          211.9877049180328
        ],
        [
          162.5,
          206.96721311475412
        ],
        [
          166.18852459016395,
          203.1762295081967
        ],
        [
          170.59426229508196,
          201.02459016393442
        ],
        [
          175.922131147541,
          198.97540983606558
        ],
        [
          181.45491803278688,
          198.15573770491804
        ],
        [
          186.0655737704918,
          198.05327868852459
        ],
        [
          187.29508196721312,
          198.05327868852459
        ]
      ],
      "group_id": null,
      "shape_type": "polygon",
      "flags": {}
    },
    {
      "label": "door",
      "points": [
        [
          149.4,
          247.3
        ],
        [
          123.5,
          247.2
        ],
        [
          123.2,
          250.7
        ],
        [
          124.4,
          254.5
        ],
        [
          126.0,
          257.4
        ],
        [
          128.2,
          260.1
        ],
        [
          130.9,
          262.6
        ],
        [
          134.5,
          264.7
        ],
        [
          138.0,
          266.0
        ],
        [
          142.1,
          266.9
        ],
        [
          145.8,
          267.5
        ],
        [
          148.7,
          267.6
        ],
        [
          148.9,
          265.5
        ],
        [
          144.6,
          265.2
        ],
        [
          139.9,
          264.0
        ],
        [
          135.1,
          262.1
        ],
        [
          131.7,
          259.8
        ],
        [
          128.8,
          257.2
        ],
        [
          127.4,
          254.5
        ],
        [
          126.8,
          250.5
        ],
        [
          149.7,
          250.5
        ]
      ],
      "group_id": null,
      "shape_type": "polygon",
      "flags": {}
    },
    {
      "label": "door",
      "points": [
        [
          81.4,
          239.3
        ],
        [
          82.8,
          243.1
        ],
        [
          86.0,
          247.1
        ],
        [
          88.8,
          248.6
        ],
        [
          102.8,
          238.9
        ],
        [
          100.7,
          237.6
        ],
        [
          88.4,
          245.6
        ],
        [
          86.2,
          243.1
        ],
        [
          84.9,
          240.5
        ],
        [
          84.4,
          238.4
        ]
      ],
      "group_id": null,
      "shape_type": "polygon",
      "flags": {}
    },
    {
      "label": "door",
      "points": [
        [
          161.7,
          333.3
        ],
        [
          161.9,
          316.4
        ],
        [
          164.9,
          316.3
        ],
        [
          170.4,
          316.6
        ],
        [
          176.4,
          318.5
        ],
        [
          183.1,
          321.7
        ],
        [
          186.4,
          325.5
        ],
        [
          188.3,
          328.9
        ],
        [
          189.4,
          333.5
        ],
        [
          186.8,
          333.2
        ],
        [
          185.8,
          329.6
        ],
        [
          184.1,
          326.1
        ],
        [
          180.9,
          323.7
        ],
        [
          177.1,
          321.7
        ],
        [
          173.6,
          319.8
        ],
        [
          167.4,
          318.8
        ],
        [
          166.6,
          318.8
        ],
        [
          166.5,
          333.3
        ]
      ],
      "group_id": null,
      "shape_type": "polygon",
      "flags": {}
    },
    {
      "label": "door",
      "points": [
        [
          286.3,
          166.8
        ],
        [
          286.8,
          169.7
        ],
        [
          298.7,
          161.7
        ],
        [
          300.9,
          162.6
        ],
        [
          302.3,
          165.4
        ],
        [
          303.0,
          167.4
        ],
        [
          305.3,
          167.4
        ],
        [
          304.5,
          163.6
        ],
        [
          301.9,
          160.2
        ],
        [
          299.5,
          158.4
        ],
        [
          297.5,
          158.5
        ]
      ],
      "group_id": null,
      "shape_type": "polygon",
      "flags": {}
    },
    {
      "label": "door",
      "points": [
        [
          417.8,
          167.2
        ],
        [
          417.2,
          163.3
        ],
        [
          415.3,
          159.6
        ],
        [
          412.0,
          156.1
        ],
        [
          408.8,
          153.9
        ],
        [
          402.4,
          151.3
        ],
        [
          395.3,
          149.6
        ],
        [
          389.5,
          149.3
        ],
        [
          389.8,
          167.7
        ],
        [
          393.3,
          167.8
        ],
        [
          393.5,
          152.0
        ],
        [
          396.7,
          152.0
        ],
        [
          401.3,
          153.0
        ],
        [
          405.9,
          155.2
        ],
        [
          408.5,
          157.2
        ],
        [
          412.1,
          160.4
        ],
        [
          413.8,
          163.9
        ],
        [
          414.8,
          167.5
        ]
      ],
      "group_id": null,
      "shape_type": "polygon",
      "flags": {}
    },
    {
      "label": "door",
      "points": [
        [
          379.6,
          212.7
        ],
        [
          353.7,
          212.6
        ],
        [
          353.7,
          210.0
        ],
        [
          354.1,
          205.6
        ],
        [
          356.2,
          202.8
        ],
        [
          359.5,
          198.6
        ],
        [
          364.3,
          196.0
        ],
        [
          369.2,
          194.4
        ],
        [
          374.3,
          193.1
        ],
        [
          379.5,
          192.3
        ],
        [
          379.5,
          194.3
        ],
        [
          374.8,
          195.1
        ],
        [
          367.6,
          197.2
        ],
        [
          362.8,
          199.9
        ],
        [
          359.8,
          202.9
        ],
        [
          356.8,
          206.9
        ],
        [
          356.4,
          209.8
        ],
        [
          379.6,
          209.4
        ]
      ],
      "group_id": null,
      "shape_type": "polygon",
      "flags": {}
    },
    {
      "label": "door",
      "points": [
        [
          379.7,
          221.4
        ],
        [
          354.0,
          221.4
        ],
        [
          353.8,
          224.1
        ],
        [
          354.6,
          228.6
        ],
        [
          356.5,
          232.0
        ],
        [
          358.9,
          235.1
        ],
        [
          362.5,
          237.6
        ],
        [
          366.4,
          239.7
        ],
        [
          370.2,
          240.8
        ],
        [
          374.1,
          241.2
        ],
        [
          379.7,
          241.7
        ],
        [
          379.8,
          239.6
        ],
        [
          377.2,
          239.4
        ],
        [
          373.5,
          238.8
        ],
        [
          370.0,
          238.2
        ],
        [
          366.2,
          236.7
        ],
        [
          363.5,
          235.0
        ],
        [
          361.2,
          233.3
        ],
        [
          358.9,
          230.8
        ],
        [
          357.7,
          228.2
        ],
        [
          356.7,
          224.5
        ],
        [
          380.2,
          224.7
        ]
      ],
      "group_id": null,
      "shape_type": "polygon",
      "flags": {}
    },
    {
      "label": "door",
      "points": [
        [
          379.9,
          247.7
        ],
        [
          353.8,
          247.3
        ],
        [
          353.9,
          251.0
        ],
        [
          354.8,
          255.4
        ],
        [
          357.0,
          258.6
        ],
        [
          361.4,
          262.7
        ],
        [
          366.8,
          265.3
        ],
        [
          372.1,
          266.7
        ],
        [
          377.8,
          267.7
        ],
        [
          379.3,
          267.7
        ],
        [
          379.1,
          265.8
        ],
        [
          376.2,
          265.5
        ],
        [
          372.9,
          264.7
        ],
        [
          369.8,
          263.8
        ],
        [
          366.6,
          262.6
        ],
        [
          362.6,
          260.3
        ],
        [
          360.3,
          258.1
        ],
        [
          358.5,
          255.9
        ],
        [
          356.9,
          253.5
        ],
        [
          356.3,
          250.3
        ],
        [
          380.1,
          250.5
        ]
      ],
      "group_id": null,
      "shape_type": "polygon",
      "flags": {}
    },
    {
      "label": "door",
      "points": [
        [
          415.8811475409836,
          272.3360655737705
        ],
        [
          418.34016393442624,
          272.4385245901639
        ],
        [
          416.90573770491807,
          275.81967213114757
        ],
        [
          414.85655737704917,
          279.91803278688525
        ],
        [
          412.6024590163934,
          283.094262295082
        ],
        [
          408.60655737704917,
          285.8606557377049
        ],
        [
          403.6885245901639,
          288.01229508196724
        ],
        [
          399.8975409836066,
          289.1393442622951
        ],
        [
          396.6188524590164,
          289.54918032786884
        ],
        [
          392.1106557377049,
          289.95901639344265
        ],
        [
          389.54918032786884,
          289.85655737704917
        ],
        [
          389.344262295082,
          271.82377049180326
        ],
        [
          393.34016393442624,
          271.82377049180326
        ],
        [
          393.13524590163934,
          287.5
        ],
        [
          396.82377049180326,
          287.5
        ],
        [
          402.35655737704917,
          286.37295081967216
        ],
        [
          406.55737704918033,
          284.42622950819674
        ],
        [
          411.37295081967216,
          280.84016393442624
        ],
        [
          414.2418032786885,
          276.4344262295082
        ]
      ],
      "group_id": null,
      "shape_type": "polygon",
      "flags": {}
    }
  ],
  "imagePath": "45783466.jpg",
  "imageData": null,
  "imageHeight": 513,
  "imageWidth": 513
}