{
  "version": "4.5.9",
  "flags": {},
  "shapes": [
    {
      "label": "door",
      "points": [
        [
          288.5,
          219.5
        ],
        [
          288.6,
          222.5
        ],
        [
          262.6,
          222.2
        ],
        [
          262.4,
          218.9
        ],
        [
          263.9,
          212.7
        ],
        [
          267.5,
          207.1
        ],
        [
          272.5,
          203.0
        ],
        [
          280.0,
          199.7
        ],
        [
          287.7,
          198.1
        ],
        [
          287.9,
          200.3
        ],
        [
          283.8,
          201.0
        ],
        [
          278.5,
          203.2
        ],
        [
          274.1,
          205.3
        ],
        [
          270.8,
          207.8
        ],
        [
          267.7,
          211.5
        ],
        [
          266.0,
          215.1
        ],
        [
          264.9,
          218.1
        ],
        [
          264.9,
          219.2
        ]
      ],
      "group_id": null,
      "shape_type": "polygon",
      "flags": {}
    },
    {
      "label": "door",
      "points": [
        [
          296.5,
          234.2
        ],
        [
          296.3,
          254.7
        ],
        [
          299.1,
          254.7
        ],
        [
          304.7,
          254.6
        ],
        [
          310.0,
          252.8
        ],
        [
          315.7,
          250.3
        ],
        [
          321.2,
          246.5
        ],
        [
          325.0,
          241.8
        ],
        [
          326.9,
          237.4
        ],
        [
          327.4,
          234.0
        ],
        [
          323.8,
          234.2
        ],
        [
          323.5,
          237.3
        ],
        [
          321.7,
          240.4
        ],
        [
          318.7,
          244.7
        ],
        [
          315.2,
          247.5
        ],
        [
          309.2,
          250.7
        ],
        [
          304.5,
          251.9
        ],
        [
          300.8,
          252.4
        ],
        [
          299.8,
          252.2
        ],
        [
          300.0,
          233.9
        ]
      ],
      "group_id": null,
      "shape_type": "polygon",
      "flags": {}
    },
    {
      "label": "door",
      "points": [
        [
          251.3,
          140.2
        ],
        [
          248.5,
          140.1
        ],
        [
          248.2,
          161.3
        ],
        [
          250.8,
          161.5
        ],
        [
          254.8,
          161.2
        ],
        [
          260.0,
          159.6
        ],
        [
          264.0,
          158.1
        ],
        [
          267.7,
          156.0
        ],
        [
          271.1,
          153.4
        ],
        [
          273.9,
          150.5
        ],
        [
          276.5,
          146.6
        ],
        [
          277.9,
          142.9
        ],
        [
          278.6,
          140.6
        ],
        [
          275.7,
          140.7
        ],
        [
          274.6,
          145.0
        ],
        [
          272.1,
          149.3
        ],
        [
          268.0,
          152.8
        ],
        [
          262.5,
          156.0
        ],
        [
          258.6,
          157.4
        ],
        [
          253.8,
          158.5
        ],
        [
          250.8,
          158.6
        ]
      ],
      "group_id": null,
      "shape_type": "polygon",
      "flags": {}
    },
    {
      "label": "door",
      "points": [
        [
          193.57060849598162,
          67.27898966704936
        ],
        [
          222.27324913892076,
          67.27898966704936
        ],
        [
          222.50287026406428,
          71.52698048220435
        ],
        [
          221.1251435132032,
          77.26750861079219
        ],
        [
          218.25487944890926,
          81.05625717566015
        ],
        [
          214.35132032146956,
          85.76349024110218
        ],
        [
          210.21814006888633,
          88.74856486796784
        ],
        [
          205.5109070034443,
          91.27439724454649
        ],
        [
          200.91848450057404,
          92.99655568312284
        ],
        [
          193.68541905855338,
          93.80022962112514
        ],
        [
          193.91504018369687,
          91.73363949483351
        ],
        [
          197.93340987370837,
          91.27439724454649
        ],
        [
          202.8702640642939,
          89.43742824339839
        ],
        [
          208.26636050516646,
          86.56716417910447
        ],
        [
          212.16991963260617,
          83.23765786452353
        ],
        [
          216.41791044776116,
          78.87485648679677
        ],
        [
          218.36969001148103,
          76.00459242250287
        ],
        [
          219.40298507462686,
          70.49368541905855
        ],
        [
          193.3409873708381,
          70.49368541905855
        ]
      ],
      "group_id": null,
      "shape_type": "polygon",
      "flags": {}
    }
  ],
  "imagePath": "45780715.jpg",
  "imageData": null,
  "imageHeight": 513,
  "imageWidth": 513
}