{
  "version": "4.5.9",
  "flags": {},
  "shapes": [
    {
      "label": "door",
      "points": [
        [
          223.99150743099787,
          216.56050955414014
        ],
        [
          272.61146496815286,
          216.02972399150744
        ],
        [
          272.82377919320595,
          222.08067940552016
        ],
        [
          270.51282051282055,
          231.62393162393164
        ],
        [
          267.3076923076923,
          238.03418803418805
        ],
        [
          259.4017094017094,
          245.72649572649573
        ],
        [
          253.20512820512823,
          250.64102564102566
        ],
        [
          244.8717948717949,
          254.91452991452994
        ],
        [
          236.32478632478634,
          257.2649572649573
        ],
        [
          230.9,
          258.4
        ],
        [
          223.5,
          258.7
        ],
        [
          223.7,
          256.5
        ],
        [
          228.0,
          256.6
        ],
        [
          234.4,
          255.2
        ],
        [
          243.4,
          252.2
        ],
        [
          251.2,
          248.1
        ],
        [
          257.2,
          244.0
        ],
        [
          261.3,
          239.6
        ],
        [
          264.8,
          234.9
        ],
        [
          268.6,
          227.8
        ],
        [
          269.9,
          222.3
        ],
        [
          269.8,
          219.5
        ],
        [
          223.86248736097068,
          219.51466127401414
        ],
        [
          223.8,
          217.4
        ]
      ],
      "group_id": null,
      "shape_type": "polygon",
      "flags": {}
    },
    {
      "label": "door",
      "points": [
        [
          241.10985277463195,
          356.6251415628539
        ],
        [
          236.01359003397508,
          356.5118912797282
        ],
        [
          236.1268403171008,
          315.06228765571916
        ],
        [
          240.99660249150622,
          315.17553793884485
        ],
        [
          246.88561721404304,
          315.06228765571916
        ],
        [
          254.69988674971688,
          316.53454133635336
        ],
        [
          263.0804077010192,
          319.47904869762175
        ],
        [
          273.15968289920727,
          323.2163080407701
        ],
        [
          283.6919592298981,
          330.80407701019254
        ],
        [
          290.37372593431485,
          337.599093997735
        ],
        [
          294.67723669309174,
          344.28086070215176
        ],
        [
          297.3952434881087,
          351.0758776896942
        ],
        [
          299.4337485843715,
          356.8516421291053
        ],
        [
          296.03624009060024,
          357.07814269535675
        ],
        [
          295.1302378255946,
          352.88788221970555
        ],
        [
          291.73272933182335,
          344.16761041902606
        ],
        [
          288.33522083805207,
          339.6375990939977
        ],
        [
          284.1449603624009,
          335.5605889014723
        ],
        [
          280.40770101925256,
          331.8233295583239
        ],
        [
          276.10419026047566,
          328.5390713476784
        ],
        [
          269.762174405436,
          324.46206115515287
        ],
        [
          264.6659116647792,
          322.6500566251416
        ],
        [
          258.55039637599094,
          320.95130237825595
        ],
        [
          254.58663646659116,
          319.59229898074744
        ],
        [
          250.50962627406568,
          318.4597961494904
        ],
        [
          245.18686296715742,
          317.6670441676104
        ],
        [
          241.44960362400906,
          317.440543601359
        ]
      ],
      "group_id": null,
      "shape_type": "polygon",
      "flags": {}
    }
  ],
  "imagePath": "45780376.jpg",
  "imageData": null,
  "imageHeight": 513,
  "imageWidth": 513
}