{
  "version": "4.5.9",
  "flags": {},
  "shapes": [
    {
      "label": "door",
      "points": [
        [
          118.91025641025641,
          281.25
        ],
        [
          98.71794871794872,
          289.90384615384613
        ],
        [
          100.16025641025641,
          294.71153846153845
        ],
        [
          103.84615384615384,
          298.5576923076923
        ],
        [
          107.53205128205128,
          301.12179487179486
        ],
        [
          111.3,
          303.8
        ],
        [
          114.2,
          304.7
        ],
        [
          119.6,
          305.3
        ],
        [
          125.1,
          305.2
        ],
        [
          127.8,
          304.7
        ],
        [
          127.3,
          301.8
        ],
        [
          124.1,
          302.4
        ],
        [
          120.5,
          302.8
        ],
        [
          116.1,
          302.6
        ],
        [
          112.9,
          301.7
        ],
        [
          109.1,
          299.4
        ],
        [
          106.6,
          297.6
        ],
        [
          103.9,
          295.5
        ],
        [
          101.6,
          291.6
        ],
        [
          120.3,
          283.4
        ]
      ],
      "group_id": null,
      "shape_type": "polygon",
      "flags": {}
    },
    {
      "label": "door",
      "points": [
        [
          277.68508863399376,
          377.1637122002086
        ],
        [
          280.50052137643377,
          377.0594369134515
        ],
        [
          280.6047966631908,
          398.4358706986444
        ],
        [
          277.5808133472367,
          398.6444212721585
        ],
        [
          276.95516162669446,
          397.70594369134517
        ],
        [
          272.88842544317,
          397.39311783107405
        ],
        [
          268.6131386861314,
          395.6204379562044
        ],
        [
          264.5464025026069,
          393.7434827945777
        ],
        [
          261.6266944734098,
          391.6579770594369
        ],
        [
          259.33263816475494,
          388.9468196037539
        ],
        [
          257.97705943691346,
          385.9228362877998
        ],
        [
          256.3086548488008,
          382.1689259645464
        ],
        [
          255.05735140771637,
          385.4014598540146
        ],
        [
          252.9718456725756,
          388.1126173096976
        ],
        [
          249.94786235662147,
          391.55370177267986
        ],
        [
          246.81960375391031,
          394.577685088634
        ],
        [
          243.4827945776851,
          396.0375391032325
        ],
        [
          240.45881126173097,
          397.18456725756
        ],
        [
          237.0177267987487,
          397.49739311783105
        ],
        [
          232.1167883211679,
          397.81021897810217
        ],
        [
          231.69968717413974,
          377.7893639207508
        ],
        [
          234.41084462982275,
          377.68508863399376
        ],
        [
          234.41084462982275,
          395.7247132429614
        ],
        [
          238.68613138686132,
          395.0990615224192
        ],
        [
          242.9614181438999,
          393.43065693430657
        ],
        [
          247.13242961418143,
          390.9280500521376
        ],
        [
          249.4264859228363,
          388.3211678832117
        ],
        [
          252.1376433785193,
          384.8800834202294
        ],
        [
          253.70177267987486,
          382.06465067778936
        ],
        [
          254.43169968717413,
          379.56204379562047
        ],
        [
          254.95307612095934,
          375.599582898853
        ],
        [
          257.3514077163712,
          375.4953076120959
        ],
        [
          257.4556830031283,
          377.9979144942649
        ],
        [
          258.3941605839416,
          381.23044838373306
        ],
        [
          260.37539103232535,
          384.9843587069864
        ],
        [
          262.77372262773724,
          388.42544316996873
        ],
        [
          265.48488008342025,
          391.44942648592286
        ],
        [
          269.03023983315956,
          393.3263816475495
        ],
        [
          272.3670490093848,
          394.68196037539104
        ],
        [
          277.8936392075078,
          395.4118873826903
        ]
      ],
      "group_id": null,
      "shape_type": "polygon",
      "flags": {}
    },
    {
      "label": "door",
      "points": [
        [
          18.11740890688259,
          168.6234817813765
        ],
        [
          39.27125506072874,
          175.40485829959513
        ],
        [
          38.66396761133603,
          177.6315789473684
        ],
        [
          36.53846153846153,
          181.47773279352225
        ],
        [
          33.19838056680162,
          185.52631578947367
        ],
        [
          30.161943319838056,
          187.4493927125506
        ],
        [
          24.999999999999996,
          190.08097165991902
        ],
        [
          19.534412955465587,
          191.80161943319837
        ],
        [
          11.437246963562751,
          191.39676113360323
        ],
        [
          11.639676113360323,
          188.96761133603238
        ],
        [
          15.080971659919028,
          189.3724696356275
        ],
        [
          19.23076923076923,
          189.5748987854251
        ],
        [
          23.279352226720647,
          188.7651821862348
        ],
        [
          28.340080971659916,
          185.52631578947367
        ],
        [
          31.882591093117405,
          182.89473684210526
        ],
        [
          34.21052631578947,
          180.06072874493927
        ],
        [
          35.931174089068826,
          177.32793522267204
        ],
        [
          17.00404858299595,
          170.6477732793522
        ]
      ],
      "group_id": null,
      "shape_type": "polygon",
      "flags": {}
    },
    {
      "label": "door",
      "points": [
        [
          65.86206896551724,
          113.33333333333331
        ],
        [
          71.49425287356321,
          113.44827586206895
        ],
        [
          75.17241379310344,
          115.4022988505747
        ],
        [
          79.77011494252872,
          118.9655172413793
        ],
        [
          82.64367816091954,
          123.10344827586205
        ],
        [
          83.5632183908046,
          127.01149425287355
        ],
        [
          83.5632183908046,
          127.9310344827586
        ],
        [
          66.32183908045977,
          130.4597701149425
        ],
        [
          66.20689655172413,
          128.50574712643677
        ],
        [
          81.03448275862068,
          126.20689655172413
        ],
        [
          79.88505747126436,
          123.44827586206895
        ],
        [
          77.24137931034481,
          119.88505747126435
        ],
        [
          74.48275862068965,
          118.16091954022987
        ],
        [
          71.26436781609195,
          116.55172413793102
        ],
        [
          66.20689655172413,
          115.7471264367816
        ]
      ],
      "group_id": null,
      "shape_type": "polygon",
      "flags": {}
    },
    {
      "label": "door",
      "points": [
        [
          105.7471264367816,
          117.47126436781608
        ],
        [
          103.90804597701148,
          118.39080459770113
        ],
        [
          98.9655172413793,
          113.67816091954022
        ],
        [
          100.11494252873563,
          111.26436781609193
        ],
        [
          103.67816091954022,
          109.54022988505746
        ],
        [
          107.9310344827586,
          109.19540229885057
        ],
        [
          110.57471264367815,
          109.99999999999999
        ],
        [
          109.99999999999999,
          107.47126436781608
        ],
        [
          110.45977011494251,
          103.90804597701148
        ],
        [
          111.60919540229884,
          100.68965517241378
        ],
        [
          114.59770114942528,
          98.04597701149424
        ],
        [
          119.65517241379308,
          103.21839080459769
        ],
        [
          117.70114942528734,
          104.36781609195401
        ],
        [
          114.48275862068964,
          101.49425287356321
        ],
        [
          112.98850574712642,
          102.98850574712642
        ],
        [
          112.29885057471263,
          105.28735632183907
        ],
        [
          112.5287356321839,
          107.58620689655172
        ],
        [
          113.21839080459769,
          110.11494252873563
        ],
        [
          115.51724137931033,
          112.06896551724137
        ],
        [
          116.09195402298849,
          113.21839080459769
        ],
        [
          114.13793103448275,
          114.48275862068964
        ],
        [
          112.29885057471263,
          113.33333333333331
        ],
        [
          110.34482758620689,
          112.06896551724137
        ],
        [
          107.47126436781608,
          111.37931034482757
        ],
        [
          104.59770114942528,
          111.4942528735632
        ],
        [
          101.49425287356321,
          113.21839080459769
        ]
      ],
      "group_id": null,
      "shape_type": "polygon",
      "flags": {}
    },
    {
      "label": "door",
      "points": [
        [
          117.15542521994135,
          195.60117302052785
        ],
        [
          119.06158357771261,
          196.04105571847506
        ],
        [
          125.8,
          178.7
        ],
        [
          123.3,
          177.7
        ],
        [
          120.0,
          177.3
        ],
        [
          115.0,
          177.4
        ],
        [
          110.2,
          178.2
        ],
        [
          106.6,
          179.8
        ],
        [
          103.5,
          182.2
        ],
        [
          100.7,
          185.4
        ],
        [
          98.5,
          188.5
        ],
        [
          100.2,
          189.8
        ],
        [
          101.9,
          187.1
        ],
        [
          104.8,
          183.9
        ],
        [
          107.6,
          181.9
        ],
        [
          110.7,
          180.5
        ],
        [
          114.1,
          179.7
        ],
        [
          118.9,
          179.8
        ],
        [
          122.6,
          180.3
        ]
      ],
      "group_id": null,
      "shape_type": "polygon",
      "flags": {}
    },
    {
      "label": "door",
      "points": [
        [
          137.2,
          168.4
        ],
        [
          135.7,
          169.8
        ],
        [
          119.9,
          153.9
        ],
        [
          121.3,
          151.9
        ],
        [
          124.3,
          150.0
        ],
        [
          127.7,
          148.2
        ],
        [
          132.9,
          147.1
        ],
        [
          138.9,
          146.5
        ],
        [
          143.3,
          147.3
        ],
        [
          149.0,
          149.4
        ],
        [
          147.2,
          146.4
        ],
        [
          146.1,
          143.2
        ],
        [
          145.6,
          140.0
        ],
        [
          146.1,
          135.3
        ],
        [
          147.1,
          130.8
        ],
        [
          149.3,
          125.3
        ],
        [
          151.5,
          122.4
        ],
        [
          153.3,
          121.2
        ],
        [
          168.7,
          135.9
        ],
        [
          166.7,
          137.4
        ],
        [
          153.5,
          124.8
        ],
        [
          151.1,
          127.5
        ],
        [
          149.3,
          131.6
        ],
        [
          148.7,
          134.3
        ],
        [
          148.7,
          137.7
        ],
        [
          148.4,
          141.8
        ],
        [
          149.2,
          145.1
        ],
        [
          151.1,
          149.0
        ],
        [
          153.6,
          152.2
        ],
        [
          154.3,
          153.7
        ],
        [
          152.5,
          154.5
        ],
        [
          149.8,
          152.3
        ],
        [
          146.4,
          150.4
        ],
        [
          143.3,
          149.6
        ],
        [
          137.2,
          149.0
        ],
        [
          131.7,
          149.3
        ],
        [
          126.4,
          151.0
        ],
        [
          122.9,
          153.6
        ]
      ],
      "group_id": null,
      "shape_type": "polygon",
      "flags": {}
    },
    {
      "label": "door",
      "points": [
        [
          134.8,
          102.8
        ],
        [
          132.7,
          103.9
        ],
        [
          127.0,
          96.7
        ],
        [
          128.8,
          94.7
        ],
        [
          133.7,
          93.2
        ],
        [
          138.9,
          93.8
        ],
        [
          139.7,
          95.1
        ],
        [
          139.4,
          92.0
        ],
        [
          140.5,
          88.7
        ],
        [
          142.3,
          86.2
        ],
        [
          144.9,
          83.9
        ],
        [
          150.7,
          90.5
        ],
        [
          149.0,
          91.6
        ],
        [
          145.3,
          87.3
        ],
        [
          143.0,
          89.0
        ],
        [
          142.0,
          91.4
        ],
        [
          141.6,
          93.4
        ],
        [
          142.9,
          96.0
        ],
        [
          143.8,
          98.2
        ],
        [
          141.8,
          99.4
        ],
        [
          140.0,
          97.6
        ],
        [
          137.4,
          95.8
        ],
        [
          133.2,
          95.5
        ],
        [
          130.0,
          96.7
        ]
      ],
      "group_id": null,
      "shape_type": "polygon",
      "flags": {}
    },
    {
      "label": "door",
      "points": [
        [
          155.0,
          83.2
        ],
        [
          156.6,
          84.9
        ],
        [
          171.6,
          75.9
        ],
        [
          170.6,
          72.6
        ],
        [
          168.2,
          69.7
        ],
        [
          164.8,
          67.2
        ],
        [
          160.5,
          65.1
        ],
        [
          156.5,
          64.4
        ],
        [
          150.0,
          64.4
        ],
        [
          144.1,
          66.3
        ],
        [
          145.1,
          68.4
        ],
        [
          148.2,
          67.5
        ],
        [
          151.9,
          66.7
        ],
        [
          157.0,
          67.2
        ],
        [
          161.5,
          68.4
        ],
        [
          164.8,
          70.5
        ],
        [
          168.1,
          73.5
        ],
        [
          168.3,
          74.3
        ],
        [
          156.0,
          82.7
        ]
      ],
      "group_id": null,
      "shape_type": "polygon",
      "flags": {}
    },
    {
      "label": "door",
      "points": [
        [
          245.1,
          81.6
        ],
        [
          238.6,
          82.3
        ],
        [
          234.7,
          84.1
        ],
        [
          231.9,
          86.4
        ],
        [
          228.7,
          89.9
        ],
        [
          225.2,
          95.5
        ],
        [
          224.7,
          98.6
        ],
        [
          224.0,
          103.9
        ],
        [
          224.2,
          105.7
        ],
        [
          246.5,
          105.6
        ],
        [
          246.4,
          102.9
        ],
        [
          226.4,
          103.3
        ],
        [
          226.8,
          100.7
        ],
        [
          227.6,
          97.3
        ],
        [
          227.8,
          95.4
        ],
        [
          230.3,
          91.9
        ],
        [
          232.4,
          89.5
        ],
        [
          234.9,
          87.3
        ],
        [
          237.6,
          85.3
        ],
        [
          241.1,
          83.7
        ],
        [
          245.0,
          83.5
        ]
      ],
      "group_id": null,
      "shape_type": "polygon",
      "flags": {}
    },
    {
      "label": "door",
      "points": [
        [
          268.2704811443433,
          74.51235370611182
        ],
        [
          270.8712613784135,
          55.78673602080624
        ],
        [
          276.07282184655395,
          56.56697009102731
        ],
        [
          280.2340702210663,
          58.647594278283485
        ],
        [
          284.00520156046815,
          61.76853055916775
        ],
        [
          287.90637191157344,
          66.31989596879063
        ],
        [
          289.7269180754226,
          70.74122236671
        ],
        [
          290.50715214564366,
          74.90247074122236
        ],
        [
          290.37711313394016,
          77.50325097529259
        ],
        [
          288.296488946684,
          77.11313394018205
        ],
        [
          287.77633289986994,
          73.60208062418725
        ],
        [
          286.47594278283486,
          69.4408322496749
        ],
        [
          283.8751625487646,
          65.7997399219766
        ],
        [
          279.58387516254874,
          61.378413524057216
        ],
        [
          273.9921976592978,
          58.38751625487646
        ],
        [
          270.74122236671,
          74.77243172951886
        ]
      ],
      "group_id": null,
      "shape_type": "polygon",
      "flags": {}
    },
    {
      "label": "door",
      "points": [
        [
          360.7361963190184,
          49.693251533742334
        ],
        [
          375.74712643678157,
          57.586206896551715
        ],
        [
          374.94252873563215,
          60.34482758620689
        ],
        [
          373.6781609195402,
          63.218390804597696
        ],
        [
          370.919540229885,
          64.82758620689654
        ],
        [
          368.1609195402298,
          66.89655172413792
        ],
        [
          364.2528735632184,
          68.39080459770113
        ],
        [
          361.03448275862064,
          69.42528735632183
        ],
        [
          357.81609195402297,
          69.77011494252872
        ],
        [
          353.3333333333333,
          69.19540229885057
        ],
        [
          351.2643678160919,
          67.70114942528735
        ],
        [
          351.9540229885057,
          66.32183908045977
        ],
        [
          354.59770114942523,
          67.01149425287356
        ],
        [
          357.9310344827586,
          67.35632183908045
        ],
        [
          360.919540229885,
          66.89655172413792
        ],
        [
          364.59770114942523,
          65.97701149425286
        ],
        [
          367.81609195402297,
          64.36781609195401
        ],
        [
          369.6551724137931,
          62.8735632183908
        ],
        [
          371.4942528735632,
          60.68965517241379
        ],
        [
          372.2988505747126,
          59.42528735632183
        ],
        [
          358.1609195402298,
          51.609195402298845
        ]
      ],
      "group_id": null,
      "shape_type": "polygon",
      "flags": {}
    },
    {
      "label": "door",
      "points": [
        [
          409.1,
          83.1
        ],
        [
          394.8,
          71.1
        ],
        [
          393.0,
          72.8
        ],
        [
          391.0,
          75.1
        ],
        [
          389.8,
          78.2
        ],
        [
          389.0,
          81.3
        ],
        [
          388.4,
          84.8
        ],
        [
          388.6,
          88.9
        ],
        [
          389.5,
          92.1
        ],
        [
          391.2,
          95.3
        ],
        [
          393.8,
          98.6
        ],
        [
          395.3,
          97.6
        ],
        [
          393.2,
          94.4
        ],
        [
          391.9,
          92.2
        ],
        [
          391.0,
          88.8
        ],
        [
          390.7,
          86.5
        ],
        [
          390.5,
          83.4
        ],
        [
          391.4,
          80.2
        ],
        [
          392.3,
          77.9
        ],
        [
          394.4,
          74.3
        ],
        [
          407.4,
          84.2
        ]
      ],
      "group_id": null,
      "shape_type": "polygon",
      "flags": {}
    },
    {
      "label": "door",
      "points": [
        [
          412.1,
          162.9
        ],
        [
          413.5,
          164.3
        ],
        [
          430.1,
          155.1
        ],
        [
          429.0,
          152.0
        ],
        [
          426.9,
          149.2
        ],
        [
          422.4,
          146.4
        ],
        [
          417.8,
          144.6
        ],
        [
          414.2,
          143.6
        ],
        [
          409.5,
          143.5
        ],
        [
          404.3,
          144.4
        ],
        [
          402.3,
          145.9
        ],
        [
          403.7,
          147.3
        ],
        [
          406.0,
          146.4
        ],
        [
          410.1,
          146.0
        ],
        [
          414.0,
          146.1
        ],
        [
          417.1,
          146.6
        ],
        [
          421.2,
          148.2
        ],
        [
          424.3,
          150.4
        ],
        [
          426.5,
          153.0
        ],
        [
          427.0,
          154.4
        ]
      ],
      "group_id": null,
      "shape_type": "polygon",
      "flags": {}
    },
    {
      "label": "door",
      "points": [
        [
          429.4,
          202.0
        ],
        [
          448.0,
          198.6
        ],
        [
          448.5,
          201.3
        ],
        [
          448.4,
          205.8
        ],
        [
          448.1,
          209.5
        ],
        [
          445.9,
          213.5
        ],
        [
          443.4,
          217.3
        ],
        [
          439.4,
          220.4
        ],
        [
          435.8,
          222.4
        ],
        [
          433.7,
          222.7
        ],
        [
          433.9,
          220.9
        ],
        [
          436.3,
          220.2
        ],
        [
          438.9,
          218.5
        ],
        [
          441.8,
          215.8
        ],
        [
          443.5,
          213.0
        ],
        [
          445.3,
          209.5
        ],
        [
          446.4,
          206.4
        ],
        [
          446.6,
          201.0
        ],
        [
          429.4,
          204.0
        ]
      ],
      "group_id": null,
      "shape_type": "polygon",
      "flags": {}
    },
    {
      "label": "door",
      "points": [
        [
          480.14403292181066,
          277.3662551440329
        ],
        [
          482.20164609053495,
          277.57201646090533
        ],
        [
          479.6296296296296,
          293.3127572016461
        ],
        [
          476.2345679012345,
          293.82716049382714
        ],
        [
          472.53086419753083,
          293.10699588477365
        ],
        [
          469.0329218106996,
          291.1522633744856
        ],
        [
          465.43209876543204,
          288.1687242798354
        ],
        [
          462.34567901234567,
          283.84773662551436
        ],
        [
          461.00823045267487,
          279.9382716049383
        ],
        [
          460.3909465020576,
          274.5884773662551
        ],
        [
          463.06584362139915,
          274.1769547325103
        ],
        [
          463.1687242798354,
          277.0576131687243
        ],
        [
          464.0946502057613,
          280.761316872428
        ],
        [
          467.18106995884773,
          285.2880658436214
        ],
        [
          470.98765432098764,
          288.9917695473251
        ],
        [
          473.97119341563786,
          290.8436213991769
        ],
        [
          477.77777777777777,
          291.66666666666663
        ]
      ],
      "group_id": null,
      "shape_type": "polygon",
      "flags": {}
    },
    {
      "label": "door",
      "points": [
        [
          461.7,
          331.3
        ],
        [
          464.0,
          331.7
        ],
        [
          471.9,
          315.4
        ],
        [
          469.7,
          313.6
        ],
        [
          466.6,
          312.4
        ],
        [
          463.0,
          312.3
        ],
        [
          457.4,
          312.8
        ],
        [
          452.5,
          314.4
        ],
        [
          450.1,
          316.2
        ],
        [
          446.9,
          318.6
        ],
        [
          444.3,
          322.6
        ],
        [
          445.8,
          323.1
        ],
        [
          448.8,
          320.4
        ],
        [
          451.8,
          317.6
        ],
        [
          456.2,
          315.6
        ],
        [
          460.0,
          314.8
        ],
        [
          463.1,
          314.6
        ],
        [
          466.4,
          315.1
        ],
        [
          468.7,
          316.0
        ]
      ],
      "group_id": null,
      "shape_type": "polygon",
      "flags": {}
    },
    {
      "label": "door",
      "points": [
        [
          384.3,
          360.4
        ],
        [
          398.6,
          373.0
        ],
        [
          401.0,
          370.9
        ],
        [
          403.4,
          367.9
        ],
        [
          404.3,
          364.4
        ],
        [
          405.0,
          359.1
        ],
        [
          404.4,
          353.2
        ],
        [
          402.3,
          348.5
        ],
        [
          399.6,
          344.6
        ],
        [
          397.4,
          345.7
        ],
        [
          399.0,
          348.0
        ],
        [
          400.8,
          350.8
        ],
        [
          401.9,
          354.5
        ],
        [
          402.3,
          358.4
        ],
        [
          402.5,
          362.6
        ],
        [
          401.5,
          366.3
        ],
        [
          398.4,
          369.5
        ],
        [
          385.4,
          358.7
        ]
      ],
      "group_id": null,
      "shape_type": "polygon",
      "flags": {}
    },
    {
      "label": "door",
      "points": [
        [
          233.1,
          479.8
        ],
        [
          233.2,
          462.5
        ],
        [
          236.6,
          462.2
        ],
        [
          241.7,
          463.2
        ],
        [
          246.3,
          465.3
        ],
        [
          250.5,
          468.2
        ],
        [
          253.5,
          471.3
        ],
        [
          255.8,
          476.0
        ],
        [
          257.0,
          479.4
        ],
        [
          258.9,
          475.3
        ],
        [
          261.6,
          471.1
        ],
        [
          265.7,
          467.5
        ],
        [
          269.5,
          465.4
        ],
        [
          273.5,
          463.5
        ],
        [
          277.7,
          462.7
        ],
        [
          281.0,
          462.5
        ],
        [
          281.3,
          462.8
        ],
        [
          281.3,
          484.6
        ],
        [
          279.4,
          484.5
        ],
        [
          279.8,
          464.2
        ],
        [
          277.1,
          464.5
        ],
        [
          273.4,
          465.7
        ],
        [
          270.1,
          467.3
        ],
        [
          267.3,
          469.0
        ],
        [
          264.7,
          471.3
        ],
        [
          262.0,
          474.5
        ],
        [
          260.3,
          477.4
        ],
        [
          259.3,
          479.9
        ],
        [
          258.7,
          482.3
        ],
        [
          258.7,
          486.1
        ],
        [
          256.1,
          486.0
        ],
        [
          255.8,
          481.7
        ],
        [
          254.6,
          477.8
        ],
        [
          252.6,
          474.4
        ],
        [
          248.9,
          470.2
        ],
        [
          244.9,
          467.5
        ],
        [
          240.7,
          465.7
        ],
        [
          235.3,
          464.7
        ],
        [
          235.3,
          480.2
        ]
      ],
      "group_id": null,
      "shape_type": "polygon",
      "flags": {}
    }
  ],
  "imagePath": "46.jpg",
  "imageData": null,
  "imageHeight": 513,
  "imageWidth": 513
}