{
  "version": "4.5.9",
  "flags": {},
  "shapes": [
    {
      "label": "door",
      "points": [
        [
          145.5242966751918,
          134.14322250639387
        ],
        [
          145.78005115089513,
          122.63427109974424
        ],
        [
          149.23273657289002,
          122.7621483375959
        ],
        [
          155.49872122762147,
          124.29667519181585
        ],
        [
          160.61381074168798,
          126.47058823529412
        ],
        [
          163.9386189258312,
          130.17902813299233
        ],
        [
          166.24040920716112,
          134.3989769820972
        ],
        [
          163.17135549872123,
          134.52685421994883
        ],
        [
          161.5089514066496,
          131.2020460358056
        ],
        [
          158.8235294117647,
          128.64450127877237
        ],
        [
          154.85933503836316,
          126.59846547314578
        ],
        [
          150.89514066496164,
          125.31969309462914
        ],
        [
          148.33759590792837,
          125.31969309462914
        ],
        [
          148.33759590792837,
          134.14322250639387
        ]
      ],
      "group_id": null,
      "shape_type": "polygon",
      "flags": {}
    },
    {
      "label": "door",
      "points": [
        [
          177.2,
          142.6
        ],
        [
          195.0,
          142.4
        ],
        [
          195.6,
          145.5
        ],
        [
          193.5,
          149.3
        ],
        [
          191.0,
          152.0
        ],
        [
          186.8,
          153.8
        ],
        [
          182.6,
          155.3
        ],
        [
          177.6,
          155.5
        ],
        [
          177.7,
          153.2
        ],
        [
          180.7,
          153.4
        ],
        [
          183.6,
          153.0
        ],
        [
          187.0,
          151.4
        ],
        [
          189.0,
          149.9
        ],
        [
          191.5,
          147.8
        ],
        [
          192.2,
          145.9
        ],
        [
          191.8,
          145.3
        ],
        [
          177.2,
          145.5
        ]
      ],
      "group_id": null,
      "shape_type": "polygon",
      "flags": {}
    },
    {
      "label": "door",
      "points": [
        [
          233.9,
          140.3
        ],
        [
          233.7,
          151.6
        ],
        [
          236.5,
          152.0
        ],
        [
          240.6,
          151.4
        ],
        [
          244.7,
          150.0
        ],
        [
          248.6,
          147.8
        ],
        [
          251.4,
          145.3
        ],
        [
          253.2,
          143.0
        ],
        [
          253.5,
          139.7
        ],
        [
          251.0,
          139.4
        ],
        [
          250.3,
          141.5
        ],
        [
          249.4,
          143.4
        ],
        [
          247.2,
          145.3
        ],
        [
          244.6,
          147.0
        ],
        [
          241.6,
          148.2
        ],
        [
          238.6,
          148.8
        ],
        [
          236.9,
          148.9
        ],
        [
          237.1,
          140.2
        ]
      ],
      "group_id": null,
      "shape_type": "polygon",
      "flags": {}
    },
    {
      "label": "door",
      "points": [
        [
          177.9,
          242.6
        ],
        [
          177.8,
          245.1
        ],
        [
          195.1,
          244.9
        ],
        [
          195.4,
          242.0
        ],
        [
          193.4,
          238.5
        ],
        [
          190.7,
          235.4
        ],
        [
          186.3,
          233.2
        ],
        [
          183.1,
          231.6
        ],
        [
          177.6,
          231.6
        ],
        [
          177.5,
          234.0
        ],
        [
          181.0,
          233.9
        ],
        [
          184.5,
          234.5
        ],
        [
          188.0,
          236.3
        ],
        [
          190.4,
          238.4
        ],
        [
          191.9,
          241.0
        ],
        [
          192.5,
          242.5
        ]
      ],
      "group_id": null,
      "shape_type": "polygon",
      "flags": {}
    },
    {
      "label": "door",
      "points": [
        [
          242.9,
          302.6
        ],
        [
          243.2,
          314.0
        ],
        [
          240.4,
          314.3
        ],
        [
          235.8,
          313.9
        ],
        [
          231.8,
          312.6
        ],
        [
          228.7,
          311.2
        ],
        [
          225.9,
          309.4
        ],
        [
          224.5,
          307.2
        ],
        [
          222.5,
          309.7
        ],
        [
          219.6,
          311.4
        ],
        [
          214.9,
          313.6
        ],
        [
          209.5,
          314.7
        ],
        [
          205.5,
          314.7
        ],
        [
          205.8,
          303.3
        ],
        [
          208.5,
          303.4
        ],
        [
          208.4,
          311.9
        ],
        [
          211.7,
          311.8
        ],
        [
          214.9,
          310.5
        ],
        [
          219.3,
          308.2
        ],
        [
          222.2,
          305.5
        ],
        [
          222.9,
          303.1
        ],
        [
          223.6,
          300.1
        ],
        [
          225.8,
          300.0
        ],
        [
          225.9,
          303.5
        ],
        [
          227.3,
          305.9
        ],
        [
          229.2,
          307.9
        ],
        [
          232.6,
          309.6
        ],
        [
          235.6,
          311.1
        ],
        [
          239.5,
          311.9
        ],
        [
          240.0,
          302.5
        ]
      ],
      "group_id": null,
      "shape_type": "polygon",
      "flags": {}
    },
    {
      "label": "door",
      "points": [
        [
          271.4,
          321.4
        ],
        [
          254.5,
          321.2
        ],
        [
          254.1,
          324.4
        ],
        [
          255.6,
          327.7
        ],
        [
          258.3,
          330.5
        ],
        [
          262.1,
          333.1
        ],
        [
          267.4,
          334.3
        ],
        [
          272.3,
          334.6
        ],
        [
          272.6,
          332.4
        ],
        [
          268.4,
          332.2
        ],
        [
          264.4,
          331.3
        ],
        [
          260.8,
          329.2
        ],
        [
          258.5,
          326.7
        ],
        [
          257.1,
          323.3
        ],
        [
          271.4,
          323.3
        ]
      ],
      "group_id": null,
      "shape_type": "polygon",
      "flags": {}
    },
    {
      "label": "door",
      "points": [
        [
          253.3,
          349.0
        ],
        [
          250.7,
          349.0
        ],
        [
          250.5,
          358.3
        ],
        [
          247.9,
          358.3
        ],
        [
          244.8,
          357.3
        ],
        [
          241.6,
          356.2
        ],
        [
          238.9,
          354.2
        ],
        [
          237.2,
          351.8
        ],
        [
          235.9,
          349.6
        ],
        [
          235.6,
          346.4
        ],
        [
          233.6,
          346.0
        ],
        [
          232.5,
          349.5
        ],
        [
          232.1,
          351.5
        ],
        [
          229.9,
          353.7
        ],
        [
          227.9,
          355.6
        ],
        [
          225.0,
          356.9
        ],
        [
          221.4,
          357.8
        ],
        [
          219.4,
          358.2
        ],
        [
          219.2,
          348.5
        ],
        [
          215.9,
          348.8
        ],
        [
          215.2,
          361.3
        ],
        [
          218.6,
          361.5
        ],
        [
          222.2,
          361.1
        ],
        [
          225.5,
          360.0
        ],
        [
          229.3,
          358.7
        ],
        [
          232.0,
          356.9
        ],
        [
          233.9,
          355.0
        ],
        [
          234.6,
          353.5
        ],
        [
          235.4,
          355.0
        ],
        [
          237.6,
          356.9
        ],
        [
          241.9,
          359.3
        ],
        [
          247.7,
          360.9
        ],
        [
          251.9,
          361.4
        ],
        [
          253.3,
          361.3
        ]
      ],
      "group_id": null,
      "shape_type": "polygon",
      "flags": {}
    }
  ],
  "imagePath": "46678955.jpg",
  "imageData": null,
  "imageHeight": 513,
  "imageWidth": 513
}