{
  "version": "4.5.9",
  "flags": {},
  "shapes": [
    {
      "label": "door",
      "points": [
        [
          179.2248062015504,
          239.53488372093022
        ],
        [
          178.91472868217053,
          220.0
        ],
        [
          182.63565891472868,
          220.31007751937983
        ],
        [
          189.45736434108525,
          221.3953488372093
        ],
        [
          197.36434108527132,
          223.72093023255815
        ],
        [
          204.49612403100775,
          228.06201550387595
        ],
        [
          208.37209302325581,
          232.24806201550388
        ],
        [
          209.7674418604651,
          236.58914728682169
        ],
        [
          209.7674418604651,
          239.2248062015504
        ],
        [
          207.28682170542635,
          239.2248062015504
        ],
        [
          206.66666666666666,
          236.74418604651163
        ],
        [
          204.9612403100775,
          233.02325581395348
        ],
        [
          201.70542635658913,
          229.6124031007752
        ],
        [
          197.36434108527132,
          226.97674418604652
        ],
        [
          192.71317829457365,
          224.9612403100775
        ],
        [
          188.2170542635659,
          224.1860465116279
        ],
        [
          182.32558139534882,
          223.4108527131783
        ],
        [
          181.70542635658913,
          223.72093023255815
        ],
        [
          182.015503875969,
          240.31007751937983
        ]
      ],
      "group_id": null,
      "shape_type": "polygon",
      "flags": {}
    },
    {
      "label": "door",
      "points": [
        [
          251.0077519379845,
          240.0
        ],
        [
          248.37209302325581,
          239.84496124031008
        ],
        [
          248.52713178294573,
          223.5658914728682
        ],
        [
          242.48062015503876,
          223.87596899224806
        ],
        [
          235.96899224806202,
          225.42635658914728
        ],
        [
          230.54263565891472,
          227.90697674418604
        ],
        [
          226.66666666666666,
          231.31782945736433
        ],
        [
          223.72093023255815,
          235.03875968992247
        ],
        [
          222.63565891472868,
          240.0
        ],
        [
          219.68992248062014,
          239.3798449612403
        ],
        [
          220.46511627906978,
          235.1937984496124
        ],
        [
          223.25581395348837,
          230.2325581395349
        ],
        [
          227.75193798449612,
          226.35658914728683
        ],
        [
          232.71317829457362,
          223.25581395348837
        ],
        [
          238.13953488372093,
          221.86046511627907
        ],
        [
          245.42635658914728,
          220.7751937984496
        ],
        [
          251.31782945736433,
          221.08527131782944
        ]
      ],
      "group_id": null,
      "shape_type": "polygon",
      "flags": {}
    },
    {
      "label": "door",
      "points": [
        [
          169.92248062015503,
          268.6821705426357
        ],
        [
          161.1,
          270.0
        ],
        [
          153.8,
          271.7
        ],
        [
          148.7,
          274.8
        ],
        [
          144.6,
          279.1
        ],
        [
          141.4,
          283.8
        ],
        [
          140.8,
          289.1
        ],
        [
          141.1,
          289.6
        ],
        [
          170.0,
          289.5
        ],
        [
          170.2,
          287.5
        ],
        [
          143.2,
          287.6
        ],
        [
          144.1,
          285.2
        ],
        [
          145.4,
          282.6
        ],
        [
          147.8,
          279.4
        ],
        [
          151.1,
          276.5
        ],
        [
          154.3,
          274.7
        ],
        [
          159.0,
          273.1
        ],
        [
          162.8,
          271.8
        ],
        [
          169.7,
          270.9
        ]
      ],
      "group_id": null,
      "shape_type": "polygon",
      "flags": {}
    },
    {
      "label": "door",
      "points": [
        [
          183.2,
          321.5
        ],
        [
          183.2,
          340.5
        ],
        [
          185.9,
          340.6
        ],
        [
          190.3,
          340.7
        ],
        [
          196.6,
          339.4
        ],
        [
          201.4,
          337.4
        ],
        [
          206.9,
          334.1
        ],
        [
          210.9,
          331.1
        ],
        [
          212.9,
          328.2
        ],
        [
          213.4,
          321.6
        ],
        [
          209.8,
          321.6
        ],
        [
          209.9,
          325.5
        ],
        [
          208.9,
          328.6
        ],
        [
          206.1,
          331.5
        ],
        [
          201.2,
          334.0
        ],
        [
          196.9,
          336.1
        ],
        [
          191.1,
          337.7
        ],
        [
          186.2,
          337.8
        ],
        [
          185.8,
          321.5
        ]
      ],
      "group_id": null,
      "shape_type": "polygon",
      "flags": {}
    },
    {
      "label": "door",
      "points": [
        [
          284.2,
          321.5
        ],
        [
          284.3,
          340.0
        ],
        [
          281.4,
          340.5
        ],
        [
          276.3,
          340.4
        ],
        [
          270.8,
          339.2
        ],
        [
          266.3,
          337.5
        ],
        [
          261.1,
          335.1
        ],
        [
          257.0,
          332.2
        ],
        [
          253.9,
          328.0
        ],
        [
          252.2,
          324.2
        ],
        [
          252.2,
          321.2
        ],
        [
          255.1,
          321.3
        ],
        [
          255.4,
          324.2
        ],
        [
          256.8,
          327.3
        ],
        [
          259.9,
          330.9
        ],
        [
          263.4,
          333.3
        ],
        [
          268.2,
          335.4
        ],
        [
          272.9,
          337.0
        ],
        [
          278.0,
          337.9
        ],
        [
          281.6,
          337.9
        ],
        [
          281.6,
          321.2
        ]
      ],
      "group_id": null,
      "shape_type": "polygon",
      "flags": {}
    },
    {
      "label": "door",
      "points": [
        [
          291.8,
          293.6
        ],
        [
          269.6,
          293.7
        ],
        [
          269.9,
          298.0
        ],
        [
          272.0,
          303.4
        ],
        [
          275.9,
          307.8
        ],
        [
          281.4,
          311.2
        ],
        [
          288.6,
          313.2
        ],
        [
          293.6,
          313.5
        ],
        [
          293.8,
          311.7
        ],
        [
          290.1,
          311.1
        ],
        [
          286.6,
          310.3
        ],
        [
          282.3,
          308.6
        ],
        [
          280.2,
          307.1
        ],
        [
          275.7,
          303.2
        ],
        [
          273.6,
          300.4
        ],
        [
          272.2,
          295.7
        ],
        [
          292.0,
          295.7
        ]
      ],
      "group_id": null,
      "shape_type": "polygon",
      "flags": {}
    },
    {
      "label": "door",
      "points": [
        [
          151.5,
          321.4
        ],
        [
          151.5,
          323.8
        ],
        [
          126.5,
          329.3
        ],
        [
          124.3,
          328.5
        ],
        [
          123.1,
          326.3
        ],
        [
          123.1,
          323.5
        ],
        [
          125.4,
          323.2
        ],
        [
          125.8,
          325.4
        ],
        [
          127.0,
          326.6
        ]
      ],
      "group_id": null,
      "shape_type": "polygon",
      "flags": {}
    }
  ],
  "imagePath": "47464145.jpg",
  "imageData": null,
  "imageHeight": 513,
  "imageWidth": 513
}