{
  "version": "4.5.9",
  "flags": {},
  "shapes": [
    {
      "label": "door",
      "points": [
        [
          214.28571428571428,
          165.42443064182194
        ],
        [
          187.5776397515528,
          165.0103519668737
        ],
        [
          186.7,
          168.9
        ],
        [
          187.1,
          172.7
        ],
        [
          188.4,
          177.6
        ],
        [
          189.9,
          181.0
        ],
        [
          191.9,
          185.1
        ],
        [
          195.0,
          189.4
        ],
        [
          198.6,
          192.2
        ],
        [
          201.0,
          194.7
        ],
        [
          203.5,
          196.1
        ],
        [
          205.8,
          197.4
        ],
        [
          208.5,
          198.5
        ],
        [
          211.2,
          198.7
        ],
        [
          213.2,
          198.8
        ],
        [
          213.4,
          196.5
        ],
        [
          210.5,
          196.3
        ],
        [
          206.2,
          194.6
        ],
        [
          204.1,
          193.4
        ],
        [
          201.2,
          191.2
        ],
        [
          198.6,
          189.0
        ],
        [
          195.1,
          185.4
        ],
        [
          192.6,
          180.9
        ],
        [
          191.4,
          178.0
        ],
        [
          189.7,
          173.7
        ],
        [
          189.3,
          167.8
        ],
        [
          213.9,
          168.0
        ]
      ],
      "group_id": null,
      "shape_type": "polygon",
      "flags": {}
    },
    {
      "label": "door",
      "points": [
        [
          287.5259875259875,
          203.7422037422037
        ],
        [
          287.7,
          172.6
        ],
        [
          283.7,
          172.2
        ],
        [
          278.5,
          172.9
        ],
        [
          272.9,
          174.3
        ],
        [
          268.1,
          176.6
        ],
        [
          262.8,
          180.2
        ],
        [
          258.7,
          183.8
        ],
        [
          255.4,
          188.0
        ],
        [
          253.6,
          191.3
        ],
        [
          251.1,
          195.7
        ],
        [
          250.0,
          200.1
        ],
        [
          249.4,
          203.8
        ],
        [
          251.9,
          204.1
        ],
        [
          252.4,
          200.5
        ],
        [
          253.7,
          196.6
        ],
        [
          256.1,
          192.1
        ],
        [
          258.6,
          187.9
        ],
        [
          261.7,
          184.4
        ],
        [
          265.0,
          181.8
        ],
        [
          270.0,
          178.8
        ],
        [
          274.8,
          176.8
        ],
        [
          279.6,
          175.2
        ],
        [
          285.4,
          174.6
        ],
        [
          285.4,
          203.9
        ]
      ],
      "group_id": null,
      "shape_type": "polygon",
      "flags": {}
    },
    {
      "label": "door",
      "points": [
        [
          375.91623036649213,
          218.3246073298429
        ],
        [
          348.6910994764398,
          218.06282722513086
        ],
        [
          348.7350199733689,
          210.3861517976032
        ],
        [
          350.19973368841545,
          203.59520639147803
        ],
        [
          353.7949400798935,
          197.33688415446073
        ],
        [
          358.1890812250333,
          192.2769640479361
        ],
        [
          363.51531291611184,
          188.1491344873502
        ],
        [
          371.5046604527297,
          184.28761651131825
        ],
        [
          375.36617842876166,
          183.62183754993342
        ],
        [
          375.6324900133156,
          186.41810918774968
        ],
        [
          372.03728362183756,
          187.48335552596538
        ],
        [
          366.57789613848206,
          189.6138482023968
        ],
        [
          361.65113182423437,
          192.41011984021304
        ],
        [
          357.25699067909454,
          196.80426098535287
        ],
        [
          354.72703062583224,
          200.7989347536618
        ],
        [
          352.19707057256994,
          205.1930758988016
        ],
        [
          351.1318242343542,
          208.9214380825566
        ],
        [
          351.1318242343542,
          215.97869507323568
        ],
        [
          376.2982689747004,
          215.97869507323568
        ]
      ],
      "group_id": null,
      "shape_type": "polygon",
      "flags": {}
    },
    {
      "label": "door",
      "points": [
        [
          376.08440797186404,
          239.03868698710434
        ],
        [
          396.483001172333,
          238.9214536928488
        ],
        [
          397.65533411488866,
          241.38335287221574
        ],
        [
          397.5381008206331,
          245.2520515826495
        ],
        [
          396.13130128956624,
          249.82415005861665
        ],
        [
          394.1383352872216,
          254.1617819460727
        ],
        [
          389.68347010550997,
          260.2579132473623
        ],
        [
          384.8769050410317,
          263.5404454865182
        ],
        [
          379.36694021101994,
          266.0023446658851
        ],
        [
          375.61547479484176,
          266.2368112543963
        ],
        [
          375.61547479484176,
          264.47831184056275
        ],
        [
          379.36694021101994,
          263.6576787807738
        ],
        [
          384.4079718640094,
          261.3130128956624
        ],
        [
          387.9249706916765,
          258.147713950762
        ],
        [
          391.4419695193435,
          253.92731535756155
        ],
        [
          394.37280187573276,
          247.831184056272
        ],
        [
          395.42790152403285,
          242.5556858147714
        ],
        [
          376.31887456037515,
          242.43845252051585
        ]
      ],
      "group_id": null,
      "shape_type": "polygon",
      "flags": {}
    },
    {
      "label": "door",
      "points": [
        [
          362.85390713476784,
          303.73725934314837
        ],
        [
          366.0249150622877,
          303.6240090600227
        ],
        [
          365.3454133635334,
          331.59682899207246
        ],
        [
          360.9286523216308,
          331.7100792751982
        ],
        [
          355.83238958097394,
          331.37032842582107
        ],
        [
          351.0758776896942,
          329.33182332955835
        ],
        [
          344.7338618346546,
          324.9150622876557
        ],
        [
          340.317100792752,
          320.6115515288788
        ],
        [
          336.806342015855,
          315.515288788222
        ],
        [
          334.7678369195923,
          311.7780294450736
        ],
        [
          333.5220838052095,
          307.92751981879957
        ],
        [
          333.4088335220838,
          302.8312570781427
        ],
        [
          335.67383918459797,
          302.718006795017
        ],
        [
          335.78708946772366,
          305.8890147225368
        ],
        [
          336.806342015855,
          309.9660249150623
        ],
        [
          339.7508493771234,
          315.96828992072477
        ],
        [
          344.0543601359003,
          321.63080407701017
        ],
        [
          349.3771234428086,
          325.59456398641
        ],
        [
          355.71913929784824,
          328.08607021517554
        ],
        [
          362.06115515288786,
          329.2185730464326
        ],
        [
          362.5141562853907,
          329.1053227633069
        ]
      ],
      "group_id": null,
      "shape_type": "polygon",
      "flags": {}
    },
    {
      "label": "door",
      "points": [
        [
          222.25519287833828,
          163.05637982195844
        ],
        [
          236.64688427299703,
          179.67359050445103
        ],
        [
          239.7626112759644,
          177.89317507418397
        ],
        [
          242.28486646884272,
          174.4807121661721
        ],
        [
          244.21364985163203,
          169.8813056379822
        ],
        [
          244.80712166172106,
          164.09495548961425
        ],
        [
          244.9554896142433,
          162.6112759643917
        ],
        [
          241.98813056379822,
          162.75964391691394
        ],
        [
          241.98813056379822,
          165.57863501483678
        ],
        [
          241.24629080118694,
          170.91988130563797
        ],
        [
          239.3175074183976,
          174.18397626112758
        ],
        [
          237.24035608308606,
          175.5192878338279
        ],
        [
          224.18397626112758,
          161.86943620178042
        ]
      ],
      "group_id": null,
      "shape_type": "polygon",
      "flags": {}
    },
    {
      "label": "door",
      "points": [
        [
          313.58024691358025,
          162.6543209876543
        ],
        [
          316.9753086419753,
          163.11728395061726
        ],
        [
          301.5432098765432,
          180.2469135802469
        ],
        [
          297.9938271604938,
          177.4691358024691
        ],
        [
          295.98765432098764,
          173.91975308641975
        ],
        [
          294.2901234567901,
          168.67283950617283
        ],
        [
          294.75308641975306,
          163.2716049382716
        ],
        [
          297.10610932475885,
          163.5048231511254
        ],
        [
          296.7845659163987,
          167.20257234726688
        ],
        [
          297.9099678456592,
          171.06109324758845
        ],
        [
          300.4823151125402,
          175.56270096463024
        ],
        [
          301.60771704180064,
          175.7234726688103
        ]
      ],
      "group_id": null,
      "shape_type": "polygon",
      "flags": {}
    },
    {
      "label": "door",
      "points": [
        [
          344.6153846153846,
          164.1025641025641
        ],
        [
          330.2564102564102,
          179.82905982905982
        ],
        [
          325.64102564102564,
          177.6068376068376
        ],
        [
          323.7606837606837,
          173.84615384615384
        ],
        [
          321.7094017094017,
          168.20512820512818
        ],
        [
          322.05128205128204,
          163.07692307692307
        ],
        [
          324.2735042735042,
          163.58974358974356
        ],
        [
          323.9316239316239,
          167.69230769230768
        ],
        [
          326.3247863247863,
          172.82051282051282
        ],
        [
          328.54700854700855,
          176.23931623931622
        ],
        [
          341.025641025641,
          163.58974358974356
        ]
      ],
      "group_id": null,
      "shape_type": "polygon",
      "flags": {}
    },
    {
      "label": "door",
      "points": [
        [
          350.17241379310343,
          170.51724137931035
        ],
        [
          350.3448275862069,
          176.3793103448276
        ],
        [
          352.7586206896552,
          181.55172413793105
        ],
        [
          356.3793103448276,
          185.6896551724138
        ],
        [
          360.0,
          185.17241379310346
        ],
        [
          373.7931034482759,
          170.17241379310346
        ],
        [
          370.6896551724138,
          169.6551724137931
        ],
        [
          357.58620689655174,
          182.93103448275863
        ],
        [
          354.1379310344828,
          178.10344827586206
        ],
        [
          353.1034482758621,
          172.75862068965517
        ],
        [
          353.1034482758621,
          169.82758620689657
        ]
      ],
      "group_id": null,
      "shape_type": "polygon",
      "flags": {}
    },
    {
      "label": "door",
      "points": [
        [
          384.1379310344828,
          167.58620689655172
        ],
        [
          398.44827586206895,
          183.10344827586206
        ],
        [
          401.7241379310345,
          182.41379310344828
        ],
        [
          403.7931034482759,
          179.31034482758622
        ],
        [
          406.2068965517241,
          175.17241379310346
        ],
        [
          406.3,
          168.6
        ],
        [
          404.4,
          168.2
        ],
        [
          404.2,
          170.6
        ],
        [
          403.7,
          174.0
        ],
        [
          402.0,
          176.8
        ],
        [
          399.0,
          180.2
        ],
        [
          386.4,
          166.6
        ]
      ],
      "group_id": null,
      "shape_type": "polygon",
      "flags": {}
    }
  ],
  "imagePath": "47464151.jpg",
  "imageData": null,
  "imageHeight": 513,
  "imageWidth": 513
}