{
  "version": "4.5.9",
  "flags": {},
  "shapes": [
    {
      "label": "door",
      "points": [
        [
          208.33333333333331,
          225.52742616033754
        ],
        [
          203.0590717299578,
          225.73839662447256
        ],
        [
          198.1012658227848,
          227.2151898734177
        ],
        [
          192.51054852320675,
          229.8523206751055
        ],
        [
          188.0801687763713,
          232.70042194092827
        ],
        [
          183.64978902953587,
          235.75949367088606
        ],
        [
          180.27426160337552,
          239.2405063291139
        ],
        [
          177.42616033755274,
          242.93248945147678
        ],
        [
          175.94936708860757,
          247.1518987341772
        ],
        [
          175.42194092827003,
          250.0
        ],
        [
          209.28270042194092,
          250.42194092827003
        ],
        [
          209.49367088607593,
          247.78481012658227
        ],
        [
          179.2194092827004,
          248.2067510548523
        ],
        [
          179.957805907173,
          244.51476793248943
        ],
        [
          183.64978902953587,
          238.9240506329114
        ],
        [
          188.81856540084388,
          234.59915611814344
        ],
        [
          194.40928270042193,
          231.54008438818565
        ],
        [
          200.31645569620252,
          229.32489451476792
        ],
        [
          202.95358649789029,
          228.58649789029536
        ],
        [
          208.33333333333331,
          228.1645569620253
        ]
      ],
      "group_id": null,
      "shape_type": "polygon",
      "flags": {}
    },
    {
      "label": "door",
      "points": [
        [
          209.0717299578059,
          266.8776371308017
        ],
        [
          175.42194092827003,
          267.29957805907173
        ],
        [
          177.00421940928268,
          272.8902953586498
        ],
        [
          180.168776371308,
          278.4810126582278
        ],
        [
          184.28270042194092,
          282.59493670886076
        ],
        [
          188.2911392405063,
          285.75949367088606
        ],
        [
          194.62025316455694,
          288.81856540084385
        ],
        [
          200.42194092827003,
          291.1392405063291
        ],
        [
          208.75527426160338,
          291.8776371308017
        ],
        [
          208.75527426160338,
          289.55696202531647
        ],
        [
          203.79746835443038,
          289.45147679324896
        ],
        [
          199.68354430379745,
          288.3966244725738
        ],
        [
          194.72573839662445,
          285.9704641350211
        ],
        [
          189.76793248945148,
          283.3333333333333
        ],
        [
          186.18143459915612,
          280.69620253164555
        ],
        [
          184.0717299578059,
          278.0590717299578
        ],
        [
          181.0126582278481,
          274.05063291139237
        ],
        [
          178.79746835443038,
          269.62025316455697
        ],
        [
          209.49367088607593,
          269.1983122362869
        ]
      ],
      "group_id": null,
      "shape_type": "polygon",
      "flags": {}
    },
    {
      "label": "door",
      "points": [
        [
          312.34567901234567,
          291.87242798353907
        ],
        [
          313.78600823045264,
          291.87242798353907
        ],
        [
          313.78600823045264,
          323.559670781893
        ],
        [
          310.59670781893004,
          322.9423868312757
        ],
        [
          304.4238683127572,
          320.7818930041152
        ],
        [
          298.7654320987654,
          318.3127572016461
        ],
        [
          294.0329218106996,
          314.8148148148148
        ],
        [
          290.0205761316872,
          310.8024691358024
        ],
        [
          286.52263374485597,
          306.1728395061728
        ],
        [
          284.6707818930041,
          301.95473251028807
        ],
        [
          283.641975308642,
          296.2962962962963
        ],
        [
          286.1111111111111,
          296.1934156378601
        ],
        [
          286.72839506172835,
          299.1769547325103
        ],
        [
          288.2716049382716,
          303.49794238683126
        ],
        [
          290.7407407407407,
          308.02469135802465
        ],
        [
          293.82716049382714,
          311.2139917695473
        ],
        [
          297.3251028806584,
          314.0946502057613
        ],
        [
          301.1316872427983,
          316.358024691358
        ],
        [
          305.04115226337444,
          317.9012345679012
        ],
        [
          309.5679012345679,
          319.5473251028806
        ],
        [
          311.41975308641975,
          319.75308641975306
        ]
      ],
      "group_id": null,
      "shape_type": "polygon",
      "flags": {}
    },
    {
      "label": "door",
      "points": [
        [
          338.6,
          263.8
        ],
        [
          371.4,
          263.5
        ],
        [
          371.8,
          267.3
        ],
        [
          370.0,
          272.0
        ],
        [
          367.0,
          276.5
        ],
        [
          363.2,
          280.3
        ],
        [
          356.9,
          284.5
        ],
        [
          351.0,
          287.5
        ],
        [
          343.8,
          289.2
        ],
        [
          338.4,
          289.6
        ],
        [
          338.6,
          287.5
        ],
        [
          343.8,
          287.2
        ],
        [
          349.4,
          286.0
        ],
        [
          354.5,
          283.3
        ],
        [
          358.6,
          280.3
        ],
        [
          362.7,
          277.3
        ],
        [
          365.4,
          273.7
        ],
        [
          367.2,
          270.5
        ],
        [
          368.7,
          266.6
        ],
        [
          338.2,
          266.4
        ]
      ],
      "group_id": null,
      "shape_type": "polygon",
      "flags": {}
    },
    {
      "label": "door",
      "points": [
        [
          325.1,
          137.2
        ],
        [
          328.6,
          137.2
        ],
        [
          327.9,
          140.8
        ],
        [
          324.9,
          145.1
        ],
        [
          321.1,
          149.9
        ],
        [
          316.1,
          154.1
        ],
        [
          309.8,
          156.9
        ],
        [
          304.1,
          159.3
        ],
        [
          299.7,
          159.7
        ],
        [
          299.5,
          137.5
        ],
        [
          301.8,
          137.6
        ],
        [
          302.0,
          137.8
        ],
        [
          302.2,
          157.1
        ],
        [
          307.2,
          155.8
        ],
        [
          312.3,
          152.8
        ],
        [
          318.3,
          149.1
        ],
        [
          321.8,
          145.4
        ],
        [
          323.9,
          142.2
        ]
      ],
      "group_id": null,
      "shape_type": "polygon",
      "flags": {}
    },
    {
      "label": "door",
      "points": [
        [
          332.0,
          167.7
        ],
        [
          332.0,
          169.6
        ],
        [
          325.9,
          169.9
        ],
        [
          318.2,
          171.0
        ],
        [
          315.6,
          171.5
        ],
        [
          331.7,
          183.3
        ],
        [
          331.7,
          185.9
        ],
        [
          311.1,
          172.3
        ],
        [
          312.0,
          170.6
        ],
        [
          315.4,
          169.4
        ],
        [
          319.9,
          168.6
        ],
        [
          324.5,
          168.0
        ],
        [
          328.4,
          167.6
        ]
      ],
      "group_id": null,
      "shape_type": "polygon",
      "flags": {}
    },
    {
      "label": "door",
      "points": [
        [
          331.9,
          202.0
        ],
        [
          331.9,
          204.0
        ],
        [
          329.0,
          204.1
        ],
        [
          324.5,
          204.6
        ],
        [
          318.9,
          206.2
        ],
        [
          315.7,
          207.9
        ],
        [
          331.9,
          220.0
        ],
        [
          331.7,
          223.4
        ],
        [
          311.1,
          207.9
        ],
        [
          312.8,
          206.0
        ],
        [
          316.2,
          204.9
        ],
        [
          320.5,
          203.6
        ],
        [
          326.2,
          202.7
        ],
        [
          329.4,
          202.2
        ]
      ],
      "group_id": null,
      "shape_type": "polygon",
      "flags": {}
    },
    {
      "label": "door",
      "points": [
        [
          331.9,
          233.4
        ],
        [
          332.1,
          235.7
        ],
        [
          329.4,
          235.6
        ],
        [
          325.8,
          235.7
        ],
        [
          322.9,
          236.1
        ],
        [
          319.0,
          236.9
        ],
        [
          316.1,
          238.2
        ],
        [
          331.6,
          250.2
        ],
        [
          331.4,
          252.5
        ],
        [
          311.8,
          238.3
        ],
        [
          312.5,
          236.7
        ],
        [
          316.0,
          235.6
        ],
        [
          321.3,
          234.1
        ],
        [
          327.2,
          233.7
        ]
      ],
      "group_id": null,
      "shape_type": "polygon",
      "flags": {}
    }
  ],
  "imagePath": "47489648.jpg",
  "imageData": null,
  "imageHeight": 513,
  "imageWidth": 513
}