{
  "version": "4.5.9",
  "flags": {},
  "shapes": [
    {
      "label": "door",
      "points": [
        [
          178.6,
          210.7
        ],
        [
          147.4,
          210.5
        ],
        [
          147.3,
          213.9
        ],
        [
          148.6,
          218.4
        ],
        [
          150.4,
          219.8
        ],
        [
          153.2,
          222.1
        ],
        [
          157.6,
          225.3
        ],
        [
          163.3,
          228.0
        ],
        [
          168.0,
          229.4
        ],
        [
          173.5,
          230.3
        ],
        [
          176.9,
          230.7
        ],
        [
          177.3,
          228.8
        ],
        [
          172.9,
          228.1
        ],
        [
          168.1,
          227.2
        ],
        [
          164.5,
          226.0
        ],
        [
          160.9,
          224.3
        ],
        [
          157.1,
          222.5
        ],
        [
          154.8,
          220.3
        ],
        [
          152.4,
          218.1
        ],
        [
          150.6,
          216.0
        ],
        [
          150.0,
          213.7
        ],
        [
          178.7,
          213.6
        ]
      ],
      "group_id": null,
      "shape_type": "polygon",
      "flags": {}
    },
    {
      "label": "door",
      "points": [
        [
          170.70707070707073,
          177.34487734487735
        ],
        [
          170.7,
          157.2
        ],
        [
          175.3,
          157.2
        ],
        [
          182.3,
          158.1
        ],
        [
          187.8,
          159.8
        ],
        [
          195.2,
          162.8
        ],
        [
          200.2,
          166.4
        ],
        [
          204.0,
          171.6
        ],
        [
          205.6,
          176.8
        ],
        [
          205.6,
          177.3
        ],
        [
          203.0,
          177.1
        ],
        [
          202.2,
          174.4
        ],
        [
          199.0,
          169.4
        ],
        [
          193.9,
          165.8
        ],
        [
          190.1,
          164.0
        ],
        [
          185.6,
          162.4
        ],
        [
          181.6,
          161.2
        ],
        [
          178.0,
          160.1
        ],
        [
          172.9,
          159.5
        ],
        [
          173.0,
          177.5
        ]
      ],
      "group_id": null,
      "shape_type": "polygon",
      "flags": {}
    },
    {
      "label": "door",
      "points": [
        [
          230.7,
          184.7
        ],
        [
          264.6,
          184.3
        ],
        [
          264.8,
          187.9
        ],
        [
          263.1,
          190.6
        ],
        [
          259.5,
          194.0
        ],
        [
          254.4,
          197.8
        ],
        [
          248.9,
          200.7
        ],
        [
          243.0,
          203.0
        ],
        [
          237.8,
          204.0
        ],
        [
          229.7,
          204.1
        ],
        [
          230.1,
          202.7
        ],
        [
          237.4,
          202.2
        ],
        [
          242.2,
          201.0
        ],
        [
          247.5,
          198.7
        ],
        [
          253.2,
          195.5
        ],
        [
          256.9,
          192.2
        ],
        [
          260.6,
          187.7
        ],
        [
          260.8,
          186.9
        ],
        [
          230.5,
          186.6
        ]
      ],
      "group_id": null,
      "shape_type": "polygon",
      "flags": {}
    },
    {
      "label": "door",
      "points": [
        [
          231.4,
          208.5
        ],
        [
          236.2,
          208.7
        ],
        [
          242.1,
          209.7
        ],
        [
          249.7,
          212.4
        ],
        [
          257.1,
          215.9
        ],
        [
          262.4,
          221.6
        ],
        [
          265.1,
          226.0
        ],
        [
          264.8,
          227.5
        ],
        [
          229.5,
          227.7
        ],
        [
          229.7,
          225.4
        ],
        [
          261.7,
          225.6
        ],
        [
          258.7,
          222.3
        ],
        [
          256.3,
          219.5
        ],
        [
          252.5,
          217.1
        ],
        [
          247.0,
          214.2
        ],
        [
          241.9,
          212.7
        ],
        [
          235.8,
          211.3
        ],
        [
          232.2,
          210.0
        ]
      ],
      "group_id": null,
      "shape_type": "polygon",
      "flags": {}
    },
    {
      "label": "door",
      "points": [
        [
          369.3,
          453.3
        ],
        [
          335.7,
          453.3
        ],
        [
          336.7,
          449.9
        ],
        [
          339.8,
          446.0
        ],
        [
          345.0,
          440.7
        ],
        [
          351.7,
          437.3
        ],
        [
          357.8,
          435.2
        ],
        [
          363.9,
          433.4
        ],
        [
          368.3,
          433.2
        ],
        [
          368.2,
          435.3
        ],
        [
          364.8,
          435.5
        ],
        [
          359.8,
          436.8
        ],
        [
          354.5,
          438.7
        ],
        [
          351.0,
          440.2
        ],
        [
          347.7,
          441.9
        ],
        [
          344.3,
          445.3
        ],
        [
          340.4,
          450.3
        ],
        [
          369.5,
          450.3
        ]
      ],
      "group_id": null,
      "shape_type": "polygon",
      "flags": {}
    },
    {
      "label": "door",
      "points": [
        [
          407.5,
          435.1
        ],
        [
          407.2,
          454.5
        ],
        [
          403.5,
          454.9
        ],
        [
          398.0,
          453.5
        ],
        [
          392.9,
          451.2
        ],
        [
          389.0,
          449.1
        ],
        [
          385.0,
          446.1
        ],
        [
          382.2,
          443.2
        ],
        [
          379.5,
          440.2
        ],
        [
          378.1,
          436.9
        ],
        [
          377.8,
          433.8
        ],
        [
          380.1,
          434.0
        ],
        [
          380.8,
          437.2
        ],
        [
          382.8,
          440.2
        ],
        [
          386.2,
          443.3
        ],
        [
          390.7,
          446.6
        ],
        [
          395.0,
          449.0
        ],
        [
          399.4,
          451.2
        ],
        [
          404.9,
          452.1
        ],
        [
          405.3,
          434.8
        ]
      ],
      "group_id": null,
      "shape_type": "polygon",
      "flags": {}
    }
  ],
  "imagePath": "47489612.jpg",
  "imageData": null,
  "imageHeight": 513,
  "imageWidth": 513
}