{
  "version": "4.5.9",
  "flags": {},
  "shapes": [
    {
      "label": "door",
      "points": [
        [
          84.30034129692832,
          317.7474402730375
        ],
        [
          113.99317406143344,
          317.5767918088737
        ],
        [
          113.6518771331058,
          322.18430034129693
        ],
        [
          111.94539249146757,
          327.4744027303754
        ],
        [
          108.3617747440273,
          332.0819112627986
        ],
        [
          103.41296928327644,
          336.518771331058
        ],
        [
          95.39249146757679,
          339.93174061433444
        ],
        [
          88.56655290102388,
          341.9795221843003
        ],
        [
          82.25255972696246,
          342.49146757679176
        ],
        [
          82.5938566552901,
          340.2730375426621
        ],
        [
          88.2,
          339.9
        ],
        [
          94.7,
          337.9
        ],
        [
          99.7,
          335.9
        ],
        [
          102.4,
          334.5
        ],
        [
          106.6,
          330.5
        ],
        [
          108.5,
          327.7
        ],
        [
          109.6,
          325.1
        ],
        [
          111.2,
          319.8
        ],
        [
          84.2,
          320.0
        ]
      ],
      "group_id": null,
      "shape_type": "polygon",
      "flags": {}
    },
    {
      "label": "door",
      "points": [
        [
          331.6,
          222.5
        ],
        [
          331.7,
          202.3
        ],
        [
          334.4,
          202.1
        ],
        [
          339.1,
          202.7
        ],
        [
          345.2,
          204.6
        ],
        [
          351.7,
          208.1
        ],
        [
          355.8,
          210.9
        ],
        [
          358.8,
          214.1
        ],
        [
          361.4,
          219.2
        ],
        [
          362.3,
          222.0
        ],
        [
          360.1,
          222.3
        ],
        [
          358.6,
          219.5
        ],
        [
          357.0,
          216.2
        ],
        [
          354.8,
          213.7
        ],
        [
          350.7,
          210.5
        ],
        [
          347.6,
          209.1
        ],
        [
          344.9,
          207.8
        ],
        [
          340.3,
          206.3
        ],
        [
          334.6,
          205.4
        ],
        [
          334.1,
          205.5
        ],
        [
          334.5,
          223.0
        ]
      ],
      "group_id": null,
      "shape_type": "polygon",
      "flags": {}
    },
    {
      "label": "door",
      "points": [
        [
          375.4,
          232.5
        ],
        [
          399.6,
          232.6
        ],
        [
          399.5,
          237.6
        ],
        [
          398.4,
          242.2
        ],
        [
          396.6,
          246.7
        ],
        [
          393.2,
          250.2
        ],
        [
          389.8,
          252.8
        ],
        [
          385.8,
          254.7
        ],
        [
          381.3,
          256.4
        ],
        [
          375.3,
          257.4
        ],
        [
          375.4,
          254.5
        ],
        [
          380.5,
          253.9
        ],
        [
          384.3,
          252.4
        ],
        [
          387.9,
          250.5
        ],
        [
          390.8,
          248.7
        ],
        [
          393.6,
          245.4
        ],
        [
          395.4,
          242.1
        ],
        [
          396.8,
          237.6
        ],
        [
          396.8,
          235.4
        ],
        [
          375.1,
          235.4
        ]
      ],
      "group_id": null,
      "shape_type": "polygon",
      "flags": {}
    }
  ],
  "imagePath": "47485670.jpg",
  "imageData": null,
  "imageHeight": 513,
  "imageWidth": 513
}