{
  "version": "4.5.9",
  "flags": {},
  "shapes": [
    {
      "label": "door",
      "points": [
        [
          297.6744186046512,
          249.6124031007752
        ],
        [
          285.73643410852713,
          250.54263565891472
        ],
        [
          276.74418604651163,
          252.09302325581393
        ],
        [
          268.2170542635659,
          255.1937984496124
        ],
        [
          259.68992248062017,
          258.91472868217056
        ],
        [
          252.4031007751938,
          262.48062015503876
        ],
        [
          247.13178294573643,
          268.6821705426357
        ],
        [
          245.27131782945736,
          273.48837209302326
        ],
        [
          245.11627906976744,
          278.7596899224806
        ],
        [
          297.984496124031,
          279.06976744186045
        ],
        [
          297.984496124031,
          276.27906976744185
        ],
        [
          248.06201550387595,
          276.4341085271318
        ],
        [
          248.52713178294573,
          273.0232558139535
        ],
        [
          251.1627906976744,
          268.6821705426357
        ],
        [
          255.65891472868216,
          264.031007751938
        ],
        [
          261.5503875968992,
          261.08527131782944
        ],
        [
          268.2170542635659,
          258.1395348837209
        ],
        [
          275.6589147286822,
          255.65891472868216
        ],
        [
          282.3255813953488,
          253.953488372093
        ],
        [
          288.06201550387595,
          253.1782945736434
        ],
        [
          293.95348837209303,
          252.24806201550388
        ],
        [
          297.51937984496124,
          252.09302325581393
        ]
      ],
      "group_id": null,
      "shape_type": "polygon",
      "flags": {}
    },
    {
      "label": "door",
      "points": [
        [
          297.51937984496124,
          290.69767441860466
        ],
        [
          297.51937984496124,
          294.26356589147287
        ],
        [
          248.68217054263565,
          294.4186046511628
        ],
        [
          248.68217054263565,
          296.4341085271318
        ],
        [
          249.14728682170542,
          298.1395348837209
        ],
        [
          251.62790697674419,
          301.86046511627904
        ],
        [
          255.34883720930233,
          306.04651162790697
        ],
        [
          260.62015503875966,
          310.07751937984494
        ],
        [
          265.5813953488372,
          312.71317829457365
        ],
        [
          272.09302325581393,
          314.8837209302325
        ],
        [
          279.5348837209302,
          316.5891472868217
        ],
        [
          285.5813953488372,
          317.2093023255814
        ],
        [
          292.2480620155039,
          318.1395348837209
        ],
        [
          297.3643410852713,
          318.29457364341084
        ],
        [
          297.6744186046512,
          321.39534883720927
        ],
        [
          290.5426356589147,
          320.93023255813955
        ],
        [
          281.2403100775194,
          319.2248062015504
        ],
        [
          271.47286821705427,
          317.6744186046512
        ],
        [
          263.4108527131783,
          314.5736434108527
        ],
        [
          256.8992248062015,
          311.47286821705427
        ],
        [
          252.5581395348837,
          307.1317829457364
        ],
        [
          247.75193798449612,
          302.7906976744186
        ],
        [
          245.73643410852713,
          298.4496124031008
        ],
        [
          245.11627906976744,
          291.62790697674416
        ]
      ],
      "group_id": null,
      "shape_type": "polygon",
      "flags": {}
    },
    {
      "label": "door",
      "points": [
        [
          316.8,
          207.5
        ],
        [
          316.3,
          179.4
        ],
        [
          319.9,
          179.3
        ],
        [
          324.2,
          179.3
        ],
        [
          330.3,
          179.4
        ],
        [
          335.9,
          179.8
        ],
        [
          340.9,
          180.8
        ],
        [
          346.7,
          183.0
        ],
        [
          351.8,
          186.0
        ],
        [
          355.7,
          190.2
        ],
        [
          361.4,
          195.8
        ],
        [
          364.9,
          200.7
        ],
        [
          367.1,
          205.2
        ],
        [
          367.5,
          207.5
        ],
        [
          364.6,
          207.6
        ],
        [
          363.4,
          204.0
        ],
        [
          360.0,
          198.0
        ],
        [
          354.2,
          192.2
        ],
        [
          350.0,
          188.5
        ],
        [
          344.7,
          185.5
        ],
        [
          340.0,
          183.9
        ],
        [
          335.0,
          182.4
        ],
        [
          329.3,
          182.3
        ],
        [
          319.6,
          182.3
        ],
        [
          319.6,
          207.6
        ]
      ],
      "group_id": null,
      "shape_type": "polygon",
      "flags": {}
    },
    {
      "label": "door",
      "points": [
        [
          458.1,
          241.5
        ],
        [
          459.8,
          241.7
        ],
        [
          460.0,
          272.0
        ],
        [
          456.8,
          271.7
        ],
        [
          452.1,
          271.5
        ],
        [
          444.3,
          271.0
        ],
        [
          437.1,
          269.9
        ],
        [
          431.3,
          268.5
        ],
        [
          426.8,
          266.2
        ],
        [
          422.8,
          264.0
        ],
        [
          418.2,
          260.4
        ],
        [
          415.2,
          257.3
        ],
        [
          412.0,
          253.8
        ],
        [
          409.9,
          249.6
        ],
        [
          409.7,
          243.8
        ],
        [
          412.5,
          244.0
        ],
        [
          412.3,
          247.0
        ],
        [
          413.5,
          250.0
        ],
        [
          415.6,
          253.9
        ],
        [
          419.0,
          257.5
        ],
        [
          423.4,
          260.9
        ],
        [
          429.5,
          264.8
        ],
        [
          436.6,
          267.1
        ],
        [
          442.6,
          268.6
        ],
        [
          449.5,
          268.6
        ],
        [
          456.0,
          268.9
        ],
        [
          457.4,
          268.8
        ]
      ],
      "group_id": null,
      "shape_type": "polygon",
      "flags": {}
    },
    {
      "label": "door",
      "points": [
        [
          482.8,
          277.5
        ],
        [
          482.6,
          280.7
        ],
        [
          439.4,
          280.5
        ],
        [
          439.2,
          283.0
        ],
        [
          441.4,
          287.7
        ],
        [
          445.0,
          292.5
        ],
        [
          450.1,
          296.4
        ],
        [
          457.5,
          300.7
        ],
        [
          463.3,
          302.8
        ],
        [
          472.1,
          305.0
        ],
        [
          478.3,
          306.3
        ],
        [
          484.1,
          306.5
        ],
        [
          483.8,
          308.2
        ],
        [
          478.3,
          308.6
        ],
        [
          472.1,
          307.8
        ],
        [
          464.3,
          305.7
        ],
        [
          457.2,
          303.4
        ],
        [
          452.6,
          301.0
        ],
        [
          446.9,
          298.0
        ],
        [
          443.1,
          295.0
        ],
        [
          439.7,
          290.8
        ],
        [
          437.4,
          286.9
        ],
        [
          436.2,
          281.1
        ],
        [
          436.7,
          278.2
        ]
      ],
      "group_id": null,
      "shape_type": "polygon",
      "flags": {}
    },
    {
      "label": "door",
      "points": [
        [
          431.0418904403867,
          330.0751879699248
        ],
        [
          435.55316863587535,
          329.9677765843179
        ],
        [
          434.90870032223415,
          357.3576799140709
        ],
        [
          431.47153598281415,
          357.67991407089147
        ],
        [
          424.8120300751879,
          357.57250268528463
        ],
        [
          417.5080558539205,
          357.1428571428571
        ],
        [
          410.3114930182599,
          356.2835660580021
        ],
        [
          404.40386680988183,
          354.8872180451128
        ],
        [
          399.5703544575725,
          352.6315789473684
        ],
        [
          394.5220193340494,
          348.0128893662728
        ],
        [
          390.6552094522019,
          344.03866809881845
        ],
        [
          387.4328678839957,
          340.81632653061223
        ],
        [
          383.9957035445757,
          335.87540279269604
        ],
        [
          383.2438238453276,
          331.0418904403867
        ],
        [
          386.0365198711063,
          331.1493018259935
        ],
        [
          387.2180451127819,
          335.016111707841
        ],
        [
          390.7626208378088,
          340.4940923737916
        ],
        [
          398.06659505907623,
          347.26100966702467
        ],
        [
          401.71858216971,
          350.37593984962405
        ],
        [
          406.9817400644468,
          352.8464017185822
        ],
        [
          414.0708915145005,
          354.45757250268525
        ],
        [
          420.8378088077336,
          355.1020408163265
        ],
        [
          426.7454350161117,
          355.63909774436087
        ],
        [
          430.50483351235226,
          355.63909774436087
        ]
      ],
      "group_id": null,
      "shape_type": "polygon",
      "flags": {}
    },
    {
      "label": "door",
      "points": [
        [
          319.2362093352192,
          429.5615275813295
        ],
        [
          370.01414427157,
          429.1371994342291
        ],
        [
          370.4384724186704,
          432.95615275813293
        ],
        [
          369.73125884016974,
          438.04809052333803
        ],
        [
          366.76096181046677,
          444.27157001414423
        ],
        [
          362.5176803394625,
          447.8076379066478
        ],
        [
          357.56718528995754,
          451.34370579915134
        ],
        [
          352.1923620933522,
          454.031117397454
        ],
        [
          346.39321074964636,
          456.43564356435644
        ],
        [
          339.1796322489392,
          458.13295615275814
        ],
        [
          333.38048090523336,
          459.26449787835924
        ],
        [
          326.3083451202263,
          459.8302687411598
        ],
        [
          319.2362093352192,
          459.97171145685996
        ],
        [
          319.6605374823196,
          457.4257425742574
        ],
        [
          323.9038189533239,
          457.7086280056577
        ],
        [
          331.7,
          457.2
        ],
        [
          338.6,
          455.8
        ],
        [
          344.8,
          454.4
        ],
        [
          353.1,
          450.7
        ],
        [
          359.7,
          446.5
        ],
        [
          364.3,
          442.2
        ],
        [
          366.8,
          437.7
        ],
        [
          367.9,
          432.4
        ],
        [
          318.5,
          432.6
        ]
      ],
      "group_id": null,
      "shape_type": "polygon",
      "flags": {}
    },
    {
      "label": "door",
      "points": [
        [
          149.5,
          468.6
        ],
        [
          145.3,
          468.5
        ],
        [
          146.0,
          441.1
        ],
        [
          151.1,
          441.2
        ],
        [
          155.6,
          442.3
        ],
        [
          164.4,
          444.1
        ],
        [
          172.8,
          446.2
        ],
        [
          179.9,
          450.0
        ],
        [
          183.4,
          453.0
        ],
        [
          187.4,
          457.8
        ],
        [
          190.4,
          461.9
        ],
        [
          191.1,
          466.6
        ],
        [
          190.8,
          468.7
        ],
        [
          188.5,
          468.7
        ],
        [
          188.5,
          465.8
        ],
        [
          186.6,
          461.4
        ],
        [
          183.9,
          457.6
        ],
        [
          180.2,
          454.1
        ],
        [
          176.3,
          450.8
        ],
        [
          171.5,
          449.1
        ],
        [
          165.2,
          447.0
        ],
        [
          160.4,
          446.2
        ],
        [
          152.8,
          445.0
        ],
        [
          148.9,
          444.4
        ]
      ],
      "group_id": null,
      "shape_type": "polygon",
      "flags": {}
    },
    {
      "label": "door",
      "points": [
        [
          200.4,
          468.5
        ],
        [
          196.8,
          468.5
        ],
        [
          196.4,
          441.5
        ],
        [
          200.8,
          441.4
        ],
        [
          209.2,
          442.1
        ],
        [
          216.5,
          443.2
        ],
        [
          224.0,
          445.6
        ],
        [
          229.8,
          448.8
        ],
        [
          234.4,
          453.1
        ],
        [
          238.6,
          458.7
        ],
        [
          241.1,
          462.7
        ],
        [
          241.6,
          463.6
        ],
        [
          243.3,
          459.5
        ],
        [
          247.7,
          454.8
        ],
        [
          252.7,
          450.6
        ],
        [
          258.5,
          447.3
        ],
        [
          264.7,
          444.7
        ],
        [
          272.0,
          442.9
        ],
        [
          279.5,
          441.8
        ],
        [
          285.6,
          441.4
        ],
        [
          286.1,
          442.8
        ],
        [
          285.5,
          468.6
        ],
        [
          281.5,
          468.3
        ],
        [
          281.6,
          443.9
        ],
        [
          276.4,
          444.3
        ],
        [
          270.7,
          445.5
        ],
        [
          264.2,
          447.4
        ],
        [
          258.8,
          449.8
        ],
        [
          253.6,
          453.0
        ],
        [
          249.3,
          456.8
        ],
        [
          245.2,
          461.2
        ],
        [
          243.6,
          464.7
        ],
        [
          243.4,
          467.7
        ],
        [
          243.3,
          471.7
        ],
        [
          240.9,
          471.8
        ],
        [
          240.0,
          466.7
        ],
        [
          236.4,
          460.0
        ],
        [
          232.1,
          454.6
        ],
        [
          228.6,
          451.5
        ],
        [
          224.4,
          449.3
        ],
        [
          220.5,
          447.6
        ],
        [
          216.0,
          446.2
        ],
        [
          211.0,
          445.4
        ],
        [
          204.8,
          444.5
        ],
        [
          200.3,
          444.4
        ],
        [
          199.5,
          445.1
        ]
      ],
      "group_id": null,
      "shape_type": "polygon",
      "flags": {}
    }
  ],
  "imagePath": "47499620.jpg",
  "imageData": null,
  "imageHeight": 513,
  "imageWidth": 513
}