{
  "version": "4.5.9",
  "flags": {},
  "shapes": [
    {
      "label": "door",
      "points": [
        [
          22.170542635658915,
          362.17054263565893
        ],
        [
          22.945736434108525,
          336.4341085271318
        ],
        [
          28.992248062015502,
          336.5891472868217
        ],
        [
          34.72868217054263,
          339.3798449612403
        ],
        [
          40.775193798449614,
          346.2015503875969
        ],
        [
          44.49612403100775,
          353.64341085271315
        ],
        [
          45.89147286821705,
          359.5348837209302
        ],
        [
          46.201550387596896,
          362.63565891472865
        ],
        [
          43.565891472868216,
          362.63565891472865
        ],
        [
          42.7,
          357.3
        ],
        [
          40.7,
          351.2
        ],
        [
          37.9,
          347.1
        ],
        [
          33.7,
          342.4
        ],
        [
          30.4,
          340.8
        ],
        [
          24.5,
          339.4
        ],
        [
          24.8,
          363.0
        ]
      ],
      "group_id": null,
      "shape_type": "polygon",
      "flags": {}
    },
    {
      "label": "door",
      "points": [
        [
          123.5,
          313.1
        ],
        [
          123.6,
          286.7
        ],
        [
          126.4,
          287.2
        ],
        [
          132.8,
          289.5
        ],
        [
          137.1,
          293.0
        ],
        [
          141.1,
          298.8
        ],
        [
          143.8,
          304.7
        ],
        [
          145.1,
          310.1
        ],
        [
          145.5,
          313.5
        ],
        [
          143.4,
          313.5
        ],
        [
          142.8,
          308.9
        ],
        [
          141.1,
          302.5
        ],
        [
          137.9,
          297.3
        ],
        [
          133.8,
          293.4
        ],
        [
          129.2,
          290.8
        ],
        [
          125.7,
          290.1
        ],
        [
          125.6,
          313.4
        ]
      ],
      "group_id": null,
      "shape_type": "polygon",
      "flags": {}
    },
    {
      "label": "door",
      "points": [
        [
          76.48351648351648,
          258.24175824175825
        ],
        [
          76.92307692307692,
          261.0989010989011
        ],
        [
          71.53846153846155,
          262.4175824175824
        ],
        [
          67.36263736263737,
          265.7142857142857
        ],
        [
          63.07692307692308,
          269.7802197802198
        ],
        [
          60.32967032967033,
          274.2857142857143
        ],
        [
          58.681318681318686,
          279.6703296703297
        ],
        [
          58.901098901098905,
          284.0659340659341
        ],
        [
          77.25274725274726,
          284.3956043956044
        ],
        [
          76.7032967032967,
          286.8131868131868
        ],
        [
          55.714285714285715,
          286.1538461538462
        ],
        [
          55.824175824175825,
          281.978021978022
        ],
        [
          57.582417582417584,
          273.4065934065934
        ],
        [
          61.31868131868132,
          266.9230769230769
        ],
        [
          65.4945054945055,
          263.0769230769231
        ],
        [
          69.34065934065934,
          260.0
        ]
      ],
      "group_id": null,
      "shape_type": "polygon",
      "flags": {}
    },
    {
      "label": "door",
      "points": [
        [
          241.2008281573499,
          353.31262939958594
        ],
        [
          262.6293995859213,
          353.0020703933747
        ],
        [
          263.04347826086956,
          345.7556935817805
        ],
        [
          261.1801242236025,
          339.75155279503105
        ],
        [
          258.3850931677019,
          334.472049689441
        ],
        [
          254.76190476190476,
          330.8488612836439
        ],
        [
          250.7246376811594,
          327.639751552795
        ],
        [
          244.72049689440993,
          324.22360248447205
        ],
        [
          242.2360248447205,
          324.32712215320913
        ],
        [
          242.2360248447205,
          327.53623188405794
        ],
        [
          246.99792960662526,
          328.0538302277433
        ],
        [
          251.0351966873706,
          331.055900621118
        ],
        [
          254.1407867494824,
          334.472049689441
        ],
        [
          257.66045548654245,
          339.3374741200828
        ],
        [
          259.42028985507244,
          342.54658385093165
        ],
        [
          260.24844720496895,
          349.8964803312629
        ],
        [
          241.09730848861284,
          350.41407867494826
        ]
      ],
      "group_id": null,
      "shape_type": "polygon",
      "flags": {}
    },
    {
      "label": "door",
      "points": [
        [
          236.6,
          313.3
        ],
        [
          234.4,
          313.2
        ],
        [
          234.5,
          290.3
        ],
        [
          231.6,
          290.6
        ],
        [
          227.7,
          291.9
        ],
        [
          224.4,
          293.9
        ],
        [
          221.9,
          296.3
        ],
        [
          220.2,
          300.1
        ],
        [
          217.8,
          304.6
        ],
        [
          216.3,
          310.4
        ],
        [
          215.8,
          313.8
        ],
        [
          213.3,
          313.5
        ],
        [
          213.7,
          307.3
        ],
        [
          215.9,
          300.9
        ],
        [
          219.4,
          294.8
        ],
        [
          223.8,
          291.1
        ],
        [
          229.0,
          288.6
        ],
        [
          235.2,
          287.3
        ],
        [
          236.7,
          287.6
        ]
      ],
      "group_id": null,
      "shape_type": "polygon",
      "flags": {}
    },
    {
      "label": "door",
      "points": [
        [
          207.7,
          309.7
        ],
        [
          207.6,
          311.6
        ],
        [
          186.2,
          311.6
        ],
        [
          186.8,
          306.6
        ],
        [
          188.2,
          300.7
        ],
        [
          190.6,
          295.6
        ],
        [
          193.8,
          290.9
        ],
        [
          198.1,
          287.1
        ],
        [
          202.5,
          285.3
        ],
        [
          208.1,
          284.5
        ],
        [
          208.0,
          285.9
        ],
        [
          202.8,
          287.7
        ],
        [
          198.7,
          290.3
        ],
        [
          195.1,
          293.6
        ],
        [
          192.6,
          297.3
        ],
        [
          190.4,
          302.3
        ],
        [
          189.2,
          307.1
        ],
        [
          188.6,
          309.7
        ]
      ],
      "group_id": null,
      "shape_type": "polygon",
      "flags": {}
    },
    {
      "label": "door",
      "points": [
        [
          62.94200848656294,
          369.87270155586987
        ],
        [
          62.8005657708628,
          395.049504950495
        ],
        [
          66.9024045261669,
          395.049504950495
        ],
        [
          71.99434229137199,
          393.2107496463932
        ],
        [
          77.65205091937764,
          389.8161244695898
        ],
        [
          81.47100424328147,
          385.007072135785
        ],
        [
          84.58274398868458,
          379.77369165487977
        ],
        [
          85.57284299858557,
          373.97454031117394
        ],
        [
          85.57284299858557,
          368.8826025459689
        ],
        [
          83.5926449787836,
          369.16548797736914
        ],
        [
          83.16831683168317,
          371.994342291372
        ],
        [
          82.03677510608203,
          376.9448373408769
        ],
        [
          80.1980198019802,
          382.036775106082
        ],
        [
          77.5106082036775,
          385.4314002828854
        ],
        [
          75.53041018387553,
          387.97736916548797
        ],
        [
          71.85289957567186,
          390.38189533239034
        ],
        [
          65.06364922206507,
          392.50353606789247
        ],
        [
          65.48797736916549,
          370.1555869872701
        ]
      ],
      "group_id": null,
      "shape_type": "polygon",
      "flags": {}
    },
    {
      "label": "door",
      "points": [
        [
          123.62093352192362,
          362.65912305516264
        ],
        [
          123.62093352192362,
          388.5431400282885
        ],
        [
          127.72277227722772,
          388.68458274398864
        ],
        [
          132.8147100424328,
          387.1287128712871
        ],
        [
          138.04809052333803,
          384.15841584158414
        ],
        [
          141.86704384724186,
          380.05657708628
        ],
        [
          144.69589816124468,
          374.68175388967467
        ],
        [
          146.1103253182461,
          371.00424328147096
        ],
        [
          146.53465346534654,
          366.33663366336634
        ],
        [
          146.25176803394623,
          362.5176803394625
        ],
        [
          145.26166902404526,
          362.5176803394625
        ],
        [
          144.83734087694484,
          367.043847241867
        ],
        [
          142.85714285714286,
          371.8528995756718
        ],
        [
          139.74540311173973,
          376.5205091937765
        ],
        [
          136.63366336633663,
          380.3394625176803
        ],
        [
          132.39038189533238,
          384.016973125884
        ],
        [
          126.3083451202263,
          385.57284299858554
        ],
        [
          126.16690240452616,
          362.37623762376234
        ]
      ],
      "group_id": null,
      "shape_type": "polygon",
      "flags": {}
    }
  ],
  "imagePath": "47499362.jpg",
  "imageData": null,
  "imageHeight": 513,
  "imageWidth": 513
}