{
  "version": "4.5.9",
  "flags": {},
  "shapes": [
    {
      "label": "door",
      "points": [
        [
          314.7126436781609,
          162.75862068965515
        ],
        [
          314.2528735632184,
          158.85057471264366
        ],
        [
          311.4942528735632,
          154.367816091954
        ],
        [
          308.96551724137925,
          149.3103448275862
        ],
        [
          306.2068965517241,
          145.28735632183907
        ],
        [
          301.1494252873563,
          140.3448275862069
        ],
        [
          296.0919540229885,
          137.35632183908044
        ],
        [
          292.9885057471264,
          137.1264367816092
        ],
        [
          291.2643678160919,
          138.85057471264366
        ],
        [
          252.87356321839079,
          163.33333333333331
        ],
        [
          252.75862068965515,
          168.04597701149424
        ],
        [
          296.66666666666663,
          140.4597701149425
        ],
        [
          300.6896551724138,
          143.6781609195402
        ],
        [
          303.3333333333333,
          146.78160919540227
        ],
        [
          306.0919540229885,
          150.4597701149425
        ],
        [
          308.27586206896547,
          154.48275862068962
        ],
        [
          309.99999999999994,
          158.39080459770113
        ],
        [
          311.2643678160919,
          162.29885057471262
        ],
        [
          311.9540229885057,
          162.98850574712642
        ]
      ],
      "group_id": null,
      "shape_type": "polygon",
      "flags": {}
    },
    {
      "label": "door",
      "points": [
        [
          226.63706992230854,
          182.24195338512763
        ],
        [
          231.74250832408435,
          182.13096559378468
        ],
        [
          262.15316315205325,
          201.8867924528302
        ],
        [
          259.37846836847945,
          205.1054384017758
        ],
        [
          256.38179800221974,
          207.32519422863484
        ],
        [
          251.6093229744728,
          208.76803551609322
        ],
        [
          246.39289678135407,
          210.43285238623753
        ],
        [
          241.50943396226415,
          211.09877913429523
        ],
        [
          234.8,
          212.1
        ],
        [
          234.4,
          209.7
        ],
        [
          237.4,
          209.5
        ],
        [
          242.6,
          208.7
        ],
        [
          245.5,
          208.1
        ],
        [
          249.3,
          207.0
        ],
        [
          253.8,
          205.5
        ],
        [
          257.7,
          202.8
        ]
      ],
      "group_id": null,
      "shape_type": "polygon",
      "flags": {}
    },
    {
      "label": "door",
      "points": [
        [
          68.3406113537118,
          263.53711790393015
        ],
        [
          68.12227074235808,
          267.46724890829694
        ],
        [
          97.05240174672488,
          286.24454148471614
        ],
        [
          100.21834061135371,
          285.3711790393013
        ],
        [
          103.7117903930131,
          282.6419213973799
        ],
        [
          106.76855895196506,
          279.03930131004364
        ],
        [
          110.26200873362446,
          275.2183406113537
        ],
        [
          112.882096069869,
          271.28820960698687
        ],
        [
          113.97379912663756,
          266.48471615720524
        ],
        [
          110.69868995633188,
          266.1572052401747
        ],
        [
          110.26200873362446,
          268.5589519650655
        ],
        [
          107.86026200873363,
          272.70742358078604
        ],
        [
          104.25764192139738,
          277.51091703056767
        ],
        [
          101.7467248908297,
          280.34934497816596
        ],
        [
          98.58078602620087,
          282.31441048034935
        ]
      ],
      "group_id": null,
      "shape_type": "polygon",
      "flags": {}
    },
    {
      "label": "door",
      "points": [
        [
          123.90829694323143,
          263.646288209607
        ],
        [
          123.0349344978166,
          265.72052401746726
        ],
        [
          152.83842794759826,
          285.48034934497815
        ],
        [
          156.00436681222706,
          285.589519650655
        ],
        [
          159.06113537117903,
          283.73362445414847
        ],
        [
          164.3013100436681,
          277.4017467248908
        ],
        [
          167.7947598253275,
          272.2707423580786
        ],
        [
          168.7772925764192,
          266.0480349344978
        ],
        [
          166.3755458515284,
          266.0480349344978
        ],
        [
          165.72052401746726,
          269.65065502183404
        ],
        [
          164.3013100436681,
          272.3799126637555
        ],
        [
          160.1528384279476,
          278.05676855895194
        ],
        [
          155.24017467248908,
          282.2052401746725
        ],
        [
          153.82096069868996,
          281.4410480349345
        ]
      ],
      "group_id": null,
      "shape_type": "polygon",
      "flags": {}
    },
    {
      "label": "door",
      "points": [
        [
          223.6,
          264.5
        ],
        [
          226.8,
          266.6
        ],
        [
          198.0,
          285.8
        ],
        [
          193.6,
          285.2
        ],
        [
          190.3,
          282.4
        ],
        [
          186.8,
          278.8
        ],
        [
          183.4,
          273.7
        ],
        [
          181.4,
          269.9
        ],
        [
          181.1,
          266.2
        ],
        [
          183.6,
          266.1
        ],
        [
          183.6,
          268.6
        ],
        [
          185.1,
          271.8
        ],
        [
          188.1,
          275.5
        ],
        [
          191.6,
          279.7
        ],
        [
          195.1,
          282.0
        ],
        [
          196.0,
          282.0
        ]
      ],
      "group_id": null,
      "shape_type": "polygon",
      "flags": {}
    }
  ],
  "imagePath": "47499272.jpg",
  "imageData": null,
  "imageHeight": 513,
  "imageWidth": 513
}