{
  "version": "4.5.9",
  "flags": {},
  "shapes": [
    {
      "label": "door",
      "points": [
        [
          110.6,
          81.2
        ],
        [
          110.5,
          83.2
        ],
        [
          126.7,
          83.2
        ],
        [
          126.7,
          84.8
        ],
        [
          125.6,
          87.9
        ],
        [
          123.9,
          90.2
        ],
        [
          121.8,
          92.1
        ],
        [
          118.9,
          94.2
        ],
        [
          115.8,
          95.6
        ],
        [
          111.3,
          96.8
        ],
        [
          110.4,
          97.1
        ],
        [
          110.4,
          99.2
        ],
        [
          113.7,
          99.0
        ],
        [
          117.2,
          98.2
        ],
        [
          120.0,
          97.0
        ],
        [
          123.0,
          95.1
        ],
        [
          126.1,
          92.0
        ],
        [
          128.2,
          89.0
        ],
        [
          129.4,
          85.6
        ],
        [
          129.4,
          81.8
        ],
        [
          127.5,
          81.4
        ]
      ],
      "group_id": null,
      "shape_type": "polygon",
      "flags": {}
    },
    {
      "label": "door",
      "points": [
        [
          244.0,
          326.7
        ],
        [
          237.0,
          326.4
        ],
        [
          230.4,
          324.5
        ],
        [
          224.8,
          322.0
        ],
        [
          219.9,
          318.9
        ],
        [
          215.4,
          313.4
        ],
        [
          213.5,
          309.1
        ],
        [
          212.0,
          304.3
        ],
        [
          212.1,
          298.0
        ],
        [
          244.7,
          298.1
        ],
        [
          244.5,
          300.1
        ],
        [
          214.2,
          300.6
        ],
        [
          214.6,
          304.9
        ],
        [
          216.6,
          309.7
        ],
        [
          219.3,
          314.3
        ],
        [
          223.5,
          318.2
        ],
        [
          229.3,
          321.5
        ],
        [
          235.1,
          323.4
        ],
        [
          244.1,
          324.9
        ]
      ],
      "group_id": null,
      "shape_type": "polygon",
      "flags": {}
    },
    {
      "label": "door",
      "points": [
        [
          268.6,
          347.2
        ],
        [
          268.6,
          370.3
        ],
        [
          272.2,
          370.5
        ],
        [
          276.8,
          370.6
        ],
        [
          280.9,
          370.0
        ],
        [
          285.8,
          369.0
        ],
        [
          290.8,
          367.2
        ],
        [
          296.5,
          364.7
        ],
        [
          301.6,
          361.8
        ],
        [
          305.5,
          358.0
        ],
        [
          307.5,
          354.5
        ],
        [
          308.8,
          351.7
        ],
        [
          309.1,
          347.0
        ],
        [
          306.0,
          347.1
        ],
        [
          305.4,
          351.1
        ],
        [
          303.7,
          355.1
        ],
        [
          299.7,
          359.5
        ],
        [
          294.4,
          363.0
        ],
        [
          290.6,
          364.7
        ],
        [
          285.8,
          366.1
        ],
        [
          279.3,
          367.3
        ],
        [
          271.2,
          367.6
        ],
        [
          271.6,
          347.3
        ]
      ],
      "group_id": null,
      "shape_type": "polygon",
      "flags": {}
    },
    {
      "label": "door",
      "points": [
        [
          381.0,
          327.5
        ],
        [
          378.3,
          327.4
        ],
        [
          378.4,
          307.3
        ],
        [
          374.4,
          307.4
        ],
        [
          368.8,
          308.1
        ],
        [
          363.7,
          309.3
        ],
        [
          358.3,
          310.7
        ],
        [
          352.9,
          313.3
        ],
        [
          348.0,
          317.4
        ],
        [
          345.6,
          320.9
        ],
        [
          343.6,
          325.3
        ],
        [
          343.1,
          327.5
        ],
        [
          340.7,
          327.6
        ],
        [
          342.2,
          322.3
        ],
        [
          344.8,
          317.6
        ],
        [
          348.6,
          313.5
        ],
        [
          354.2,
          309.1
        ],
        [
          359.4,
          307.4
        ],
        [
          365.8,
          306.0
        ],
        [
          370.9,
          305.2
        ],
        [
          377.1,
          305.0
        ],
        [
          381.8,
          305.5
        ]
      ],
      "group_id": null,
      "shape_type": "polygon",
      "flags": {}
    },
    {
      "label": "door",
      "points": [
        [
          404.1331802525832,
          266.5901262916188
        ],
        [
          401.4925373134328,
          266.5901262916188
        ],
        [
          401.9517795637198,
          247.7611940298507
        ],
        [
          397.12973593570604,
          247.64638346727895
        ],
        [
          391.1595866819747,
          248.3352468427095
        ],
        [
          385.18943742824337,
          249.82778415614234
        ],
        [
          380.3673938002296,
          252.0091848450057
        ],
        [
          376.23421354764633,
          253.50172215843855
        ],
        [
          372.3306544202066,
          257.17566016073476
        ],
        [
          369.5752009184845,
          260.61997703788745
        ],
        [
          367.85304247990814,
          266.47531572904705
        ],
        [
          364.06429391504014,
          267.04936854190584
        ],
        [
          366.01607347876,
          261.42365097588976
        ],
        [
          368.7715269804822,
          256.37198622273246
        ],
        [
          373.1343283582089,
          252.46842709529275
        ],
        [
          379.5637198622273,
          249.48335246842706
        ],
        [
          385.99311136624567,
          247.07233065442017
        ],
        [
          392.5373134328358,
          245.9242250287026
        ],
        [
          399.99999999999994,
          245.12055109070033
        ],
        [
          404.8220436280137,
          245.23536165327207
        ]
      ],
      "group_id": null,
      "shape_type": "polygon",
      "flags": {}
    },
    {
      "label": "door",
      "points": [
        [
          442.2,
          327.0
        ],
        [
          439.9,
          322.2
        ],
        [
          435.5,
          318.1
        ],
        [
          431.1,
          315.2
        ],
        [
          426.1,
          313.8
        ],
        [
          419.5,
          313.5
        ],
        [
          416.6,
          313.9
        ],
        [
          416.7,
          326.6
        ],
        [
          419.5,
          326.7
        ],
        [
          419.3,
          316.3
        ],
        [
          424.3,
          316.4
        ],
        [
          428.6,
          317.0
        ],
        [
          432.2,
          318.9
        ],
        [
          435.1,
          321.6
        ],
        [
          437.5,
          324.7
        ],
        [
          439.8,
          328.4
        ]
      ],
      "group_id": null,
      "shape_type": "polygon",
      "flags": {}
    }
  ],
  "imagePath": "47505362.jpg",
  "imageData": null,
  "imageHeight": 513,
  "imageWidth": 513
}