{
  "version": "4.5.9",
  "flags": {},
  "shapes": [
    {
      "label": "door",
      "points": [
        [
          296.7741935483871,
          178.88563049853371
        ],
        [
          294.2815249266862,
          172.43401759530792
        ],
        [
          289.00293255131965,
          166.86217008797652
        ],
        [
          284.0175953079179,
          163.049853372434
        ],
        [
          276.3929618768328,
          159.8240469208211
        ],
        [
          269.6480938416422,
          157.62463343108504
        ],
        [
          261.58357771260995,
          156.4516129032258
        ],
        [
          258.21114369501464,
          156.891495601173
        ],
        [
          257.6,
          181.1
        ],
        [
          260.9,
          180.9
        ],
        [
          260.4,
          159.5
        ],
        [
          265.5,
          159.2
        ],
        [
          274.1,
          161.5
        ],
        [
          281.8,
          165.4
        ],
        [
          287.0,
          170.2
        ],
        [
          290.6,
          173.9
        ],
        [
          293.5,
          181.6
        ],
        [
          296.1,
          181.8
        ]
      ],
      "group_id": null,
      "shape_type": "polygon",
      "flags": {}
    },
    {
      "label": "door",
      "points": [
        [
          339.5701643489254,
          203.53982300884957
        ],
        [
          331.73198482933,
          204.04551201011378
        ],
        [
          325.031605562579,
          205.81542351453857
        ],
        [
          318.7104930467762,
          207.58533501896332
        ],
        [
          312.13653603034135,
          210.87231352718078
        ],
        [
          307.20606826801514,
          213.9064475347661
        ],
        [
          302.7812895069532,
          218.58407079646017
        ],
        [
          299.74715549936786,
          224.65233881163084
        ],
        [
          298.98862199747157,
          227.43362831858406
        ],
        [
          338.05309734513276,
          228.06573957016434
        ],
        [
          338.17951959544877,
          225.41087231352716
        ],
        [
          302.7812895069532,
          225.53729456384323
        ],
        [
          305.30973451327435,
          220.98609355246523
        ],
        [
          309.9873577749684,
          216.05562579013906
        ],
        [
          315.4235145385588,
          213.02149178255374
        ],
        [
          323.1352718078382,
          209.86093552465235
        ],
        [
          329.20353982300884,
          207.83817951959546
        ],
        [
          336.53603034134005,
          206.70037926675096
        ],
        [
          340.7079646017699,
          206.32111251580278
        ]
      ],
      "group_id": null,
      "shape_type": "polygon",
      "flags": {}
    },
    {
      "label": "door",
      "points": [
        [
          227.24757952973718,
          178.0082987551867
        ],
        [
          227.10926694329183,
          156.01659751037343
        ],
        [
          222.82157676348547,
          156.1549100968188
        ],
        [
          216.32088520055325,
          157.3997233748271
        ],
        [
          208.1604426002766,
          160.3042876901798
        ],
        [
          200.13831258644535,
          163.90041493775934
        ],
        [
          191.701244813278,
          169.98616874135544
        ],
        [
          186.86030428769016,
          177.86998616874135
        ],
        [
          190.73305670816043,
          178.56154910096816
        ],
        [
          192.9460580912863,
          173.4439834024896
        ],
        [
          198.7551867219917,
          169.0179806362379
        ],
        [
          207.19225449515903,
          164.4536652835408
        ],
        [
          216.32088520055325,
          160.85753803596126
        ],
        [
          222.6832641770401,
          159.8893499308437
        ],
        [
          225.03457814661132,
          159.8893499308437
        ],
        [
          224.48132780082986,
          178.0082987551867
        ]
      ],
      "group_id": null,
      "shape_type": "polygon",
      "flags": {}
    },
    {
      "label": "door",
      "points": [
        [
          14.460511679644048,
          84.20467185761957
        ],
        [
          53.9488320355951,
          83.64849833147942
        ],
        [
          53.17018909899889,
          88.76529477196885
        ],
        [
          49.276974416017794,
          95.99555061179088
        ],
        [
          44.938820912124584,
          99.55506117908787
        ],
        [
          39.377085650723025,
          103.559510567297
        ],
        [
          33.5928809788654,
          105.89543937708565
        ],
        [
          26.918798665183537,
          107.78642936596218
        ],
        [
          19.46607341490545,
          109.12124582869855
        ],
        [
          27.141268075639598,
          110.90100111234705
        ],
        [
          34.48275862068965,
          114.01557285873191
        ],
        [
          41.82424916573971,
          117.79755283648498
        ],
        [
          48.49833147942158,
          124.80533926585095
        ],
        [
          52.72525027808676,
          131.70189098998887
        ],
        [
          53.39265850945495,
          135.92880978865406
        ],
        [
          13.570634037819799,
          136.37374860956618
        ],
        [
          13.459399332591769,
          134.14905450500555
        ],
        [
          49.944382647385986,
          133.70411568409344
        ],
        [
          47.27474972191324,
          128.36484983314793
        ],
        [
          41.71301446051168,
          123.13681868743048
        ],
        [
          34.03781979977753,
          117.90878754171301
        ],
        [
          27.586206896551722,
          114.79421579532814
        ],
        [
          19.021134593993324,
          112.34705228031146
        ],
        [
          12.903225806451612,
          110.78976640711902
        ],
        [
          13.125695216907674,
          107.34149054505005
        ],
        [
          18.68743047830923,
          107.00778642936596
        ],
        [
          26.36262513904338,
          105.56173526140155
        ],
        [
          34.92769744160178,
          102.66963292547274
        ],
        [
          41.15684093437152,
          98.66518353726363
        ],
        [
          45.82869855394883,
          94.54949944382648
        ],
        [
          48.9432703003337,
          90.21134593993325
        ],
        [
          50.38932146829811,
          86.0956618464961
        ],
        [
          14.460511679644048,
          86.54060066740823
        ]
      ],
      "group_id": null,
      "shape_type": "polygon",
      "flags": {}
    },
    {
      "label": "door",
      "points": [
        [
          179.63224893917962,
          242.85714285714286
        ],
        [
          179.4908062234795,
          244.97878359264496
        ],
        [
          140.45261669024046,
          245.26166902404526
        ],
        [
          142.43281471004244,
          249.2220650636492
        ],
        [
          147.3833097595474,
          254.031117397454
        ],
        [
          153.1824611032532,
          258.27439886845826
        ],
        [
          159.4059405940594,
          260.5374823196605
        ],
        [
          166.1951909476662,
          262.3762376237624
        ],
        [
          173.26732673267327,
          263.5077793493635
        ],
        [
          181.8953323903819,
          263.7906647807638
        ],
        [
          182.03677510608202,
          266.19519094766616
        ],
        [
          173.55021216407354,
          266.05374823196604
        ],
        [
          167.04384724186704,
          265.2050919377652
        ],
        [
          159.54738330975954,
          263.7906647807638
        ],
        [
          152.1923620933522,
          262.0933521923621
        ],
        [
          146.1103253182461,
          257.99151343705796
        ],
        [
          142.29137199434228,
          254.3140028288543
        ],
        [
          139.3210749646393,
          250.07072135785006
        ],
        [
          136.9165487977369,
          245.1202263083451
        ],
        [
          136.9165487977369,
          242.57425742574256
        ]
      ],
      "group_id": null,
      "shape_type": "polygon",
      "flags": {}
    },
    {
      "label": "door",
      "points": [
        [
          224.3362831858407,
          306.858407079646
        ],
        [
          224.44690265486724,
          332.0796460176991
        ],
        [
          219.46902654867253,
          331.96902654867256
        ],
        [
          212.49999999999997,
          331.08407079646014
        ],
        [
          205.30973451327432,
          328.8716814159292
        ],
        [
          198.4513274336283,
          325.6637168141593
        ],
        [
          193.47345132743362,
          322.2345132743362
        ],
        [
          189.1592920353982,
          317.25663716814154
        ],
        [
          187.27876106194688,
          313.38495575221236
        ],
        [
          186.3938053097345,
          309.6238938053097
        ],
        [
          185.9513274336283,
          306.1946902654867
        ],
        [
          188.4955752212389,
          306.08407079646014
        ],
        [
          189.8230088495575,
          310.7300884955752
        ],
        [
          192.3672566371681,
          315.7079646017699
        ],
        [
          196.68141592920352,
          320.24336283185835
        ],
        [
          201.6592920353982,
          323.34070796460173
        ],
        [
          208.40707964601768,
          326.32743362831854
        ],
        [
          215.2654867256637,
          328.6504424778761
        ],
        [
          221.01769911504422,
          329.53539823008845
        ],
        [
          221.34955752212386,
          306.08407079646014
        ]
      ],
      "group_id": null,
      "shape_type": "polygon",
      "flags": {}
    },
    {
      "label": "door",
      "points": [
        [
          230.5672268907563,
          399.0546218487395
        ],
        [
          272.1638655462185,
          398.9495798319328
        ],
        [
          271.8487394957983,
          393.69747899159665
        ],
        [
          268.38235294117646,
          389.8109243697479
        ],
        [
          263.2352941176471,
          385.60924369747903
        ],
        [
          257.0378151260504,
          381.61764705882354
        ],
        [
          250.0,
          379.0966386554622
        ],
        [
          237.9201680672269,
          378.1512605042017
        ],
        [
          231.4075630252101,
          378.2563025210084
        ],
        [
          231.30252100840337,
          380.25210084033614
        ],
        [
          241.7016806722689,
          380.9873949579832
        ],
        [
          249.89495798319328,
          382.0378151260504
        ],
        [
          257.87815126050424,
          385.0840336134454
        ],
        [
          263.4453781512605,
          388.97058823529414
        ],
        [
          266.70168067226894,
          393.59243697478996
        ],
        [
          268.172268907563,
          396.11344537815125
        ],
        [
          230.77731092436977,
          396.6386554621849
        ]
      ],
      "group_id": null,
      "shape_type": "polygon",
      "flags": {}
    },
    {
      "label": "door",
      "points": [
        [
          230.7,
          428.2
        ],
        [
          230.7,
          430.4
        ],
        [
          194.6,
          430.6
        ],
        [
          195.1,
          426.6
        ],
        [
          198.0,
          420.6
        ],
        [
          202.7,
          416.1
        ],
        [
          207.8,
          413.1
        ],
        [
          214.9,
          411.0
        ],
        [
          221.5,
          409.5
        ],
        [
          227.5,
          409.2
        ],
        [
          231.9,
          409.0
        ],
        [
          231.8,
          411.1
        ],
        [
          226.7,
          411.4
        ],
        [
          218.8,
          412.8
        ],
        [
          212.8,
          415.0
        ],
        [
          208.2,
          417.1
        ],
        [
          203.7,
          419.2
        ],
        [
          200.6,
          422.7
        ],
        [
          199.3,
          425.3
        ],
        [
          198.7,
          428.1
        ],
        [
          199.8,
          428.7
        ]
      ],
      "group_id": null,
      "shape_type": "polygon",
      "flags": {}
    },
    {
      "label": "door",
      "points": [
        [
          13.963480128893663,
          415.25241675617616
        ],
        [
          59.828141783029,
          415.14500537056927
        ],
        [
          57.71230502599653,
          407.45233968804155
        ],
        [
          53.20623916811091,
          401.03986135181975
        ],
        [
          48.00693240901213,
          396.36048526863084
        ],
        [
          41.76776429809358,
          390.98786828422874
        ],
        [
          31.88908145580589,
          387.6949740034662
        ],
        [
          21.66377816291161,
          384.74870017331017
        ],
        [
          32.755632582322356,
          382.84228769497395
        ],
        [
          45.92720970537261,
          377.6429809358752
        ],
        [
          55.45927209705372,
          369.3240901213171
        ],
        [
          58.57885615251299,
          363.2582322357019
        ],
        [
          60.65857885615251,
          354.9393414211438
        ],
        [
          23.39688041594454,
          354.9393414211438
        ],
        [
          23.916811091854417,
          358.57885615251297
        ],
        [
          54.939341421143844,
          358.2322357019064
        ],
        [
          54.24610051993067,
          362.04506065857885
        ],
        [
          51.81975736568457,
          367.4176776429809
        ],
        [
          44.88734835355286,
          373.31022530329284
        ],
        [
          38.82149046793761,
          376.60311958405543
        ],
        [
          32.23570190641247,
          379.20277296360484
        ],
        [
          23.050259965337954,
          381.6291161178509
        ],
        [
          13.691507798960137,
          383.53552859618713
        ],
        [
          20.277296360485266,
          387.3483535528596
        ],
        [
          28.76949740034662,
          389.6013864818024
        ],
        [
          38.301559792027724,
          392.7209705372617
        ],
        [
          44.02079722703639,
          396.8804159445407
        ],
        [
          49.91334488734835,
          402.2530329289428
        ],
        [
          53.899480069324085,
          408.14558058925473
        ],
        [
          55.112651646447134,
          412.65164644714037
        ],
        [
          13.963480128893663,
          413.10418904403866
        ]
      ],
      "group_id": null,
      "shape_type": "polygon",
      "flags": {}
    },
    {
      "label": "door",
      "points": [
        [
          233.1782945736434,
          277.2093023255814
        ],
        [
          273.95348837209303,
          276.27906976744185
        ],
        [
          274.1085271317829,
          280.93023255813955
        ],
        [
          271.16279069767444,
          284.8062015503876
        ],
        [
          267.1317829457364,
          288.83720930232556
        ],
        [
          263.4108527131783,
          292.09302325581393
        ],
        [
          258.6046511627907,
          293.7984496124031
        ],
        [
          253.953488372093,
          295.968992248062
        ],
        [
          247.44186046511626,
          297.984496124031
        ],
        [
          238.44961240310076,
          298.6046511627907
        ],
        [
          233.64341085271317,
          297.984496124031
        ],
        [
          233.64341085271317,
          296.1240310077519
        ],
        [
          242.015503875969,
          296.1240310077519
        ],
        [
          248.52713178294573,
          295.3488372093023
        ],
        [
          255.1937984496124,
          293.48837209302326
        ],
        [
          260.7751937984496,
          290.3875968992248
        ],
        [
          264.8062015503876,
          287.1317829457364
        ],
        [
          267.5968992248062,
          283.87596899224803
        ],
        [
          271.47286821705427,
          279.06976744186045
        ],
        [
          233.48837209302326,
          279.68992248062017
        ]
      ],
      "group_id": null,
      "shape_type": "polygon",
      "flags": {}
    }
  ],
  "imagePath": "47508827.jpg",
  "imageData": null,
  "imageHeight": 513,
  "imageWidth": 513
}