{
  "version": "4.5.9",
  "flags": {},
  "shapes": [
    {
      "label": "door",
      "points": [
        [
          186.76470588235293,
          320.40441176470586
        ],
        [
          186.76470588235293,
          296.1397058823529
        ],
        [
          190.44117647058823,
          295.95588235294116
        ],
        [
          197.05882352941174,
          297.24264705882354
        ],
        [
          204.41176470588235,
          300.18382352941177
        ],
        [
          211.02941176470586,
          304.4117647058823
        ],
        [
          215.0735294117647,
          308.6397058823529
        ],
        [
          218.32298136645963,
          314.90683229813664
        ],
        [
          218.84057971014494,
          320.28985507246375
        ],
        [
          216.77018633540374,
          320.39337474120083
        ],
        [
          216.45962732919256,
          316.6666666666667
        ],
        [
          214.18219461697723,
          312.00828157349895
        ],
        [
          211.80124223602485,
          308.69565217391306
        ],
        [
          207.86749482401655,
          304.86542443064184
        ],
        [
          201.96687370600415,
          302.0703933747412
        ],
        [
          198.03312629399585,
          300.3105590062112
        ],
        [
          190.06211180124222,
          299.17184265010354
        ],
        [
          189.54451345755695,
          299.37888198757764
        ],
        [
          189.54451345755695,
          320.703933747412
        ]
      ],
      "group_id": null,
      "shape_type": "polygon",
      "flags": {}
    },
    {
      "label": "door",
      "points": [
        [
          309.6,
          320.5
        ],
        [
          307.6,
          320.3
        ],
        [
          307.2,
          299.4
        ],
        [
          302.5,
          299.3
        ],
        [
          296.1,
          301.2
        ],
        [
          290.9,
          303.6
        ],
        [
          287.9,
          305.5
        ],
        [
          284.5,
          308.6
        ],
        [
          282.6,
          311.6
        ],
        [
          281.5,
          314.4
        ],
        [
          280.1,
          317.0
        ],
        [
          280.0,
          321.1
        ],
        [
          277.2,
          320.9
        ],
        [
          277.8,
          315.8
        ],
        [
          280.4,
          311.0
        ],
        [
          283.9,
          306.2
        ],
        [
          288.2,
          302.4
        ],
        [
          294.4,
          299.4
        ],
        [
          299.8,
          297.2
        ],
        [
          306.0,
          296.4
        ],
        [
          309.5,
          296.4
        ]
      ],
      "group_id": null,
      "shape_type": "polygon",
      "flags": {}
    },
    {
      "label": "door",
      "points": [
        [
          367.866323907455,
          329.4344473007712
        ],
        [
          337.27506426735215,
          329.4344473007712
        ],
        [
          337.4035989717224,
          334.83290488431874
        ],
        [
          339.33161953727506,
          340.4884318766067
        ],
        [
          343.05912596401026,
          345.3727506426735
        ],
        [
          348.8431876606684,
          349.7429305912596
        ],
        [
          355.5269922879177,
          352.95629820051414
        ],
        [
          363.75321336760925,
          355.012853470437
        ],
        [
          367.73778920308484,
          355.6555269922879
        ],
        [
          367.866323907455,
          353.47043701799487
        ],
        [
          363.75321336760925,
          352.69922879177375
        ],
        [
          358.48329048843186,
          351.5424164524421
        ],
        [
          353.7275064267352,
          349.87146529562983
        ],
        [
          349.4858611825193,
          347.8149100257069
        ],
        [
          345.62982005141384,
          344.4730077120823
        ],
        [
          342.41645244215937,
          340.4884318766067
        ],
        [
          340.3598971722365,
          336.7609254498715
        ],
        [
          339.7172236503856,
          332.3907455012853
        ],
        [
          368.2519280205655,
          332.133676092545
        ]
      ],
      "group_id": null,
      "shape_type": "polygon",
      "flags": {}
    },
    {
      "label": "door",
      "points": [
        [
          374.5005875440658,
          375.6756756756757
        ],
        [
          379.08343125734433,
          376.3807285546416
        ],
        [
          387.07403055229145,
          378.4958871915394
        ],
        [
          393.5370152761457,
          381.78613396004704
        ],
        [
          397.7673325499413,
          386.25146886016455
        ],
        [
          401.2925969447709,
          392.0094007050529
        ],
        [
          401.8801410105758,
          396.3572267920094
        ],
        [
          401.64512338425385,
          399.5299647473561
        ],
        [
          401.2925969447709,
          400.470035252644
        ],
        [
          373.5605170387779,
          400.352526439483
        ],
        [
          373.6780258519389,
          397.7673325499413
        ],
        [
          399.647473560517,
          397.2972972972973
        ],
        [
          398.94242068155114,
          393.7720329024677
        ],
        [
          395.88719153936546,
          388.1316098707403
        ],
        [
          391.42185663924795,
          383.90129259694476
        ],
        [
          385.4289071680376,
          380.7285546415981
        ],
        [
          379.3184488836663,
          378.4958871915394
        ],
        [
          373.9130434782609,
          377.79083431257345
        ]
      ],
      "group_id": null,
      "shape_type": "polygon",
      "flags": {}
    },
    {
      "label": "door",
      "points": [
        [
          175.599128540305,
          374.5098039215686
        ],
        [
          144.66230936819173,
          374.5098039215686
        ],
        [
          144.04894327030033,
          379.42157953281423
        ],
        [
          146.0511679644049,
          384.0934371523915
        ],
        [
          148.6095661846496,
          387.98665183537264
        ],
        [
          152.28031145717463,
          392.5472747497219
        ],
        [
          156.0622914349277,
          395.10567296996663
        ],
        [
          160.95661846496105,
          398.1090100111235
        ],
        [
          166.74082313681868,
          399.5550611790879
        ],
        [
          172.30255839822024,
          400.4449388209121
        ],
        [
          175.41713014460512,
          400.7786429365962
        ],
        [
          175.52836484983314,
          398.7764182424917
        ],
        [
          171.74638487208009,
          398.3314794215795
        ],
        [
          166.74082313681868,
          397.33036707452726
        ],
        [
          162.29143492769745,
          395.99555061179086
        ],
        [
          159.39933259176863,
          394.43826473859843
        ],
        [
          156.0622914349277,
          392.1023359288098
        ],
        [
          152.5027808676307,
          389.09899888765295
        ],
        [
          150.16685205784205,
          386.0956618464961
        ],
        [
          148.05339265850944,
          382.4249165739711
        ],
        [
          147.27474972191322,
          378.642936596218
        ],
        [
          147.27474972191322,
          377.4193548387097
        ],
        [
          175.97330367074528,
          377.3081201334816
        ]
      ],
      "group_id": null,
      "shape_type": "polygon",
      "flags": {}
    },
    {
      "label": "door",
      "points": [
        [
          191.81141439205953,
          410.545905707196
        ],
        [
          191.56327543424317,
          434.3672456575682
        ],
        [
          195.90570719602977,
          434.7394540942928
        ],
        [
          200.74441687344913,
          434.24317617866
        ],
        [
          206.20347394540943,
          432.3821339950372
        ],
        [
          210.54590570719603,
          429.9007444168734
        ],
        [
          215.50868486352357,
          426.67493796526054
        ],
        [
          219.23076923076923,
          422.5806451612903
        ],
        [
          221.712158808933,
          417.2456575682382
        ],
        [
          222.7047146401985,
          410.545905707196
        ],
        [
          220.09925558312653,
          410.17369727047145
        ],
        [
          219.23076923076923,
          415.50868486352357
        ],
        [
          217.12158808933,
          420.96774193548384
        ],
        [
          213.39950372208435,
          424.8138957816377
        ],
        [
          209.92555831265508,
          427.2952853598015
        ],
        [
          206.20347394540943,
          429.0322580645161
        ],
        [
          202.48138957816377,
          431.01736972704714
        ],
        [
          198.26302729528535,
          431.88585607940445
        ],
        [
          194.2928039702233,
          432.1339950372208
        ],
        [
          194.41687344913151,
          410.545905707196
        ]
      ],
      "group_id": null,
      "shape_type": "polygon",
      "flags": {}
    },
    {
      "label": "door",
      "points": [
        [
          228.66004962779155,
          450.7444168734491
        ],
        [
          200.37220843672455,
          450.62034739454094
        ],
        [
          200.62034739454094,
          446.15384615384613
        ],
        [
          202.35732009925556,
          441.56327543424317
        ],
        [
          205.3349875930521,
          436.7245657568238
        ],
        [
          209.18114143920593,
          432.87841191066997
        ],
        [
          215.0124069478908,
          429.52853598014883
        ],
        [
          220.09925558312653,
          427.54342431761785
        ],
        [
          225.18610421836226,
          426.30272952853596
        ],
        [
          228.90818858560792,
          426.17866004962775
        ],
        [
          229.03225806451613,
          428.28784119106695
        ],
        [
          223.44913151364764,
          428.9081885856079
        ],
        [
          217.2456575682382,
          430.7692307692307
        ],
        [
          212.03473945409428,
          433.7468982630273
        ],
        [
          207.81637717121586,
          437.8411910669975
        ],
        [
          205.45905707196027,
          441.0669975186104
        ],
        [
          203.47394540942926,
          445.2853598014888
        ],
        [
          203.1017369727047,
          447.89081885856075
        ],
        [
          229.40446650124068,
          448.01488833746896
        ]
      ],
      "group_id": null,
      "shape_type": "polygon",
      "flags": {}
    },
    {
      "label": "door",
      "points": [
        [
          345.46553808948005,
          409.91535671100365
        ],
        [
          343.04715840386945,
          409.91535671100365
        ],
        [
          343.04715840386945,
          433.01088270858526
        ],
        [
          338.93591293833134,
          432.2853688029021
        ],
        [
          335.4292623941959,
          431.43893591293835
        ],
        [
          330.9552599758162,
          430.1088270858525
        ],
        [
          326.11850060459494,
          427.4486094316808
        ],
        [
          321.76541717049577,
          423.2164449818622
        ],
        [
          318.863361547763,
          419.34703748488516
        ],
        [
          316.3240628778718,
          415.3567110036276
        ],
        [
          315.7194679564692,
          411.0036275695284
        ],
        [
          313.30108827085854,
          410.8827085852479
        ],
        [
          313.05925030229747,
          414.87303506650545
        ],
        [
          314.7521160822249,
          417.77509068923825
        ],
        [
          317.41233373639665,
          422.8536880290206
        ],
        [
          320.79806529625154,
          426.6021765417171
        ],
        [
          324.54655380894803,
          429.62515114873037
        ],
        [
          331.3180169286578,
          432.8899637243047
        ],
        [
          336.1547762998791,
          434.46191051995163
        ],
        [
          340.50785973397825,
          435.18742442563484
        ],
        [
          345.82829504232166,
          435.0665054413543
        ]
      ],
      "group_id": null,
      "shape_type": "polygon",
      "flags": {}
    }
  ],
  "imagePath": "47545148.jpg",
  "imageData": null,
  "imageHeight": 513,
  "imageWidth": 513
}