{
  "version": "4.5.9",
  "flags": {},
  "shapes": [
    {
      "label": "door",
      "points": [
        [
          156.64556962025316,
          183.43881856540082
        ],
        [
          183.86075949367088,
          183.33333333333331
        ],
        [
          183.54430379746836,
          187.65822784810126
        ],
        [
          181.43459915611814,
          192.0886075949367
        ],
        [
          177.00421940928268,
          196.83544303797467
        ],
        [
          170.35864978902953,
          200.1054852320675
        ],
        [
          162.55274261603375,
          202.42616033755274
        ],
        [
          156.75105485232066,
          202.63713080168776
        ],
        [
          156.85654008438817,
          200.31645569620252
        ],
        [
          162.23628691983123,
          200.21097046413502
        ],
        [
          168.77637130801688,
          197.67932489451476
        ],
        [
          173.9451476793249,
          194.9367088607595
        ],
        [
          177.2151898734177,
          191.66666666666666
        ],
        [
          179.8523206751055,
          187.9746835443038
        ],
        [
          180.37974683544303,
          185.44303797468353
        ],
        [
          156.64556962025316,
          185.75949367088606
        ]
      ],
      "group_id": null,
      "shape_type": "polygon",
      "flags": {}
    },
    {
      "label": "door",
      "points": [
        [
          202.13903743315507,
          247.05882352941174
        ],
        [
          202.2,
          264.4
        ],
        [
          205.8,
          264.5
        ],
        [
          211.7,
          263.7
        ],
        [
          217.2,
          262.1
        ],
        [
          222.9,
          259.1
        ],
        [
          227.4,
          255.7
        ],
        [
          230.7,
          252.4
        ],
        [
          231.5,
          247.3
        ],
        [
          231.6,
          246.1
        ],
        [
          228.4,
          246.4
        ],
        [
          226.5,
          250.6
        ],
        [
          223.6,
          254.0
        ],
        [
          220.8,
          256.3
        ],
        [
          217.1,
          257.9
        ],
        [
          213.5,
          259.7
        ],
        [
          209.0,
          260.4
        ],
        [
          204.9,
          260.5
        ],
        [
          204.9,
          246.6
        ]
      ],
      "group_id": null,
      "shape_type": "polygon",
      "flags": {}
    },
    {
      "label": "door",
      "points": [
        [
          240.0,
          224.96240601503757
        ],
        [
          240.45112781954887,
          226.9172932330827
        ],
        [
          262.85714285714283,
          227.21804511278194
        ],
        [
          262.85714285714283,
          223.00751879699246
        ],
        [
          260.1503759398496,
          216.69172932330827
        ],
        [
          254.13533834586465,
          212.33082706766916
        ],
        [
          248.12030075187968,
          210.82706766917292
        ],
        [
          254.58646616541353,
          208.72180451127818
        ],
        [
          259.24812030075185,
          204.66165413533832
        ],
        [
          262.10526315789474,
          200.90225563909775
        ],
        [
          263.0075187969925,
          196.09022556390977
        ],
        [
          262.5563909774436,
          194.58646616541353
        ],
        [
          239.69924812030075,
          194.58646616541353
        ],
        [
          240.0,
          196.8421052631579
        ],
        [
          259.84962406015035,
          196.8421052631579
        ],
        [
          259.84962406015035,
          198.796992481203
        ],
        [
          256.9924812030075,
          203.00751879699246
        ],
        [
          253.8345864661654,
          205.7142857142857
        ],
        [
          248.42105263157893,
          207.6691729323308
        ],
        [
          242.7067669172932,
          208.72180451127818
        ],
        [
          239.3984962406015,
          209.17293233082705
        ],
        [
          239.69924812030075,
          211.57894736842104
        ],
        [
          243.3082706766917,
          212.18045112781954
        ],
        [
          248.57142857142856,
          213.68421052631578
        ],
        [
          254.88721804511277,
          216.2406015037594
        ],
        [
          258.796992481203,
          219.3984962406015
        ],
        [
          260.1503759398496,
          223.75939849624058
        ],
        [
          260.30075187969925,
          224.5112781954887
        ]
      ],
      "group_id": null,
      "shape_type": "polygon",
      "flags": {}
    },
    {
      "label": "door",
      "points": [
        [
          190.49844236760126,
          294.85981308411215
        ],
        [
          163.3956386292835,
          295.01557632398755
        ],
        [
          163.3956386292835,
          289.7196261682243
        ],
        [
          166.04361370716512,
          282.8660436137072
        ],
        [
          171.18380062305297,
          278.34890965732086
        ],
        [
          177.57009345794393,
          275.38940809968847
        ],
        [
          183.9563862928349,
          274.29906542056074
        ],
        [
          191.4330218068536,
          273.5202492211838
        ],
        [
          191.4330218068536,
          276.3239875389408
        ],
        [
          183.33333333333334,
          277.25856697819313
        ],
        [
          175.54517133956386,
          279.4392523364486
        ],
        [
          169.62616822429908,
          283.8006230529595
        ],
        [
          166.97819314641745,
          287.0716510903427
        ],
        [
          166.5109034267913,
          290.9657320872274
        ],
        [
          166.82242990654206,
          292.21183800623055
        ],
        [
          190.80996884735202,
          292.05607476635515
        ]
      ],
      "group_id": null,
      "shape_type": "polygon",
      "flags": {}
    },
    {
      "label": "door",
      "points": [
        [
          201.5576323987539,
          323.3644859813084
        ],
        [
          201.7133956386293,
          341.2772585669782
        ],
        [
          207.78816199376948,
          341.2772585669782
        ],
        [
          215.88785046728972,
          339.5638629283489
        ],
        [
          222.42990654205607,
          335.82554517133957
        ],
        [
          228.66043613707166,
          330.6853582554517
        ],
        [
          231.93146417445485,
          326.01246105919006
        ],
        [
          232.71028037383178,
          322.5856697819315
        ],
        [
          228.66043613707166,
          322.89719626168227
        ],
        [
          227.41433021806853,
          326.4797507788162
        ],
        [
          224.76635514018693,
          330.3738317757009
        ],
        [
          221.49532710280374,
          333.177570093458
        ],
        [
          217.44548286604362,
          335.20249221183803
        ],
        [
          211.37071651090343,
          337.53894080996884
        ],
        [
          204.5171339563863,
          338.1619937694704
        ],
        [
          204.6728971962617,
          322.89719626168227
        ]
      ],
      "group_id": null,
      "shape_type": "polygon",
      "flags": {}
    },
    {
      "label": "door",
      "points": [
        [
          191.588785046729,
          364.797507788162
        ],
        [
          191.74454828660436,
          366.9781931464174
        ],
        [
          185.82554517133957,
          366.1993769470405
        ],
        [
          180.06230529595015,
          365.10903426791276
        ],
        [
          174.45482866043614,
          361.99376947040497
        ],
        [
          170.2492211838006,
          359.5015576323988
        ],
        [
          166.82242990654206,
          357.3208722741433
        ],
        [
          165.26479750778816,
          353.582554517134
        ],
        [
          164.17445482866043,
          348.5981308411215
        ],
        [
          163.86292834890966,
          347.5077881619938
        ],
        [
          192.05607476635515,
          347.5077881619938
        ],
        [
          191.90031152647975,
          350.3115264797508
        ],
        [
          167.44548286604362,
          350.1557632398754
        ],
        [
          168.22429906542055,
          353.1152647975078
        ],
        [
          170.2492211838006,
          355.9190031152648
        ],
        [
          173.20872274143304,
          357.78816199376945
        ],
        [
          178.3489096573209,
          360.4361370716511
        ],
        [
          183.8006230529595,
          362.77258566978196
        ],
        [
          188.4735202492212,
          363.7071651090343
        ]
      ],
      "group_id": null,
      "shape_type": "polygon",
      "flags": {}
    },
    {
      "label": "door",
      "points": [
        [
          248.2866043613707,
          316.3551401869159
        ],
        [
          274.92211838006233,
          316.1993769470405
        ],
        [
          274.61059190031153,
          312.14953271028037
        ],
        [
          271.33956386292834,
          307.1651090342679
        ],
        [
          266.9781931464174,
          303.2710280373832
        ],
        [
          262.14953271028037,
          300.3115264797508
        ],
        [
          255.76323987538942,
          298.28660436137073
        ],
        [
          247.35202492211837,
          298.13084112149534
        ],
        [
          247.66355140186917,
          300.62305295950154
        ],
        [
          255.9190031152648,
          300.93457943925233
        ],
        [
          261.37071651090343,
          302.33644859813086
        ],
        [
          265.26479750778816,
          304.98442367601245
        ],
        [
          268.38006230529595,
          307.6323987538941
        ],
        [
          270.8722741433022,
          310.90342679127724
        ],
        [
          271.96261682242994,
          314.3302180685358
        ],
        [
          248.4423676012461,
          314.3302180685358
        ]
      ],
      "group_id": null,
      "shape_type": "polygon",
      "flags": {}
    },
    {
      "label": "door",
      "points": [
        [
          165.41889483065953,
          170.40998217468805
        ],
        [
          165.59714795008912,
          151.6934046345811
        ],
        [
          174.68805704099822,
          152.58467023172904
        ],
        [
          187.3440285204991,
          156.50623885918003
        ],
        [
          193.58288770053474,
          163.63636363636363
        ],
        [
          195.00891265597147,
          170.05347593582886
        ],
        [
          193.04812834224597,
          169.8752228163993
        ],
        [
          189.83957219251334,
          164.1711229946524
        ],
        [
          184.67023172905525,
          159.71479500891266
        ],
        [
          179.14438502673795,
          157.93226381461676
        ],
        [
          173.2620320855615,
          156.14973262032083
        ],
        [
          167.7361853832442,
          155.97147950089126
        ],
        [
          167.9144385026738,
          170.40998217468805
        ]
      ],
      "group_id": null,
      "shape_type": "polygon",
      "flags": {}
    }
  ],
  "imagePath": "47542745.jpg",
  "imageData": null,
  "imageHeight": 513,
  "imageWidth": 513
}