{
  "version": "4.5.9",
  "flags": {},
  "shapes": [
    {
      "label": "door",
      "points": [
        [
          264.36619718309856,
          257.6056338028169
        ],
        [
          264.2,
          239.2
        ],
        [
          260.5,
          239.2
        ],
        [
          254.1,
          239.8
        ],
        [
          249.4,
          241.0
        ],
        [
          245.5,
          243.1
        ],
        [
          241.7,
          246.3
        ],
        [
          239.9,
          249.5
        ],
        [
          237.2,
          253.2
        ],
        [
          236.2,
          257.1
        ],
        [
          238.5,
          257.2
        ],
        [
          240.2,
          253.3
        ],
        [
          243.1,
          248.7
        ],
        [
          246.9,
          245.5
        ],
        [
          251.7,
          243.0
        ],
        [
          255.4,
          242.1
        ],
        [
          261.6,
          241.8
        ],
        [
          261.5,
          257.8
        ]
      ],
      "group_id": null,
      "shape_type": "polygon",
      "flags": {}
    },
    {
      "label": "door",
      "points": [
        [
          281.3,
          257.5
        ],
        [
          277.8,
          257.6
        ],
        [
          278.3,
          239.3
        ],
        [
          281.4,
          239.1
        ],
        [
          286.4,
          239.2
        ],
        [
          290.5,
          240.0
        ],
        [
          294.0,
          241.9
        ],
        [
          299.3,
          245.7
        ],
        [
          303.6,
          250.4
        ],
        [
          306.2,
          254.6
        ],
        [
          306.4,
          257.3
        ],
        [
          303.8,
          257.6
        ],
        [
          303.1,
          254.6
        ],
        [
          300.3,
          250.7
        ],
        [
          297.0,
          247.4
        ],
        [
          292.3,
          244.4
        ],
        [
          287.9,
          242.0
        ],
        [
          281.3,
          241.4
        ]
      ],
      "group_id": null,
      "shape_type": "polygon",
      "flags": {}
    },
    {
      "label": "door",
      "points": [
        [
          479.010989010989,
          236.3736263736264
        ],
        [
          479.010989010989,
          216.3736263736264
        ],
        [
          475.05494505494505,
          216.04395604395606
        ],
        [
          468.9010989010989,
          216.4835164835165
        ],
        [
          462.5274725274725,
          220.10989010989013
        ],
        [
          456.5934065934066,
          223.95604395604397
        ],
        [
          453.84615384615387,
          227.6923076923077
        ],
        [
          451.75824175824175,
          233.73626373626374
        ],
        [
          451.53846153846155,
          236.3736263736264
        ],
        [
          453.62637362637366,
          236.7032967032967
        ],
        [
          454.0659340659341,
          232.30769230769232
        ],
        [
          456.92307692307696,
          227.6923076923077
        ],
        [
          460.65934065934067,
          224.2857142857143
        ],
        [
          464.94505494505495,
          221.53846153846155
        ],
        [
          469.6703296703297,
          219.23076923076923
        ],
        [
          473.1868131868132,
          218.46153846153848
        ],
        [
          476.5934065934066,
          218.6813186813187
        ],
        [
          476.4835164835165,
          236.4835164835165
        ]
      ],
      "group_id": null,
      "shape_type": "polygon",
      "flags": {}
    },
    {
      "label": "door",
      "points": [
        [
          295.8241758241758,
          357.03296703296706
        ],
        [
          295.05494505494505,
          376.1538461538462
        ],
        [
          298.46153846153845,
          376.3736263736264
        ],
        [
          302.4175824175824,
          375.9340659340659
        ],
        [
          307.4725274725275,
          374.39560439560444
        ],
        [
          314.1758241758242,
          371.64835164835165
        ],
        [
          318.46153846153845,
          368.24175824175825
        ],
        [
          321.75824175824175,
          363.84615384615387
        ],
        [
          323.5164835164835,
          357.6923076923077
        ],
        [
          321.20879120879124,
          357.14285714285717
        ],
        [
          319.2307692307692,
          362.4175824175824
        ],
        [
          317.14285714285717,
          365.3846153846154
        ],
        [
          312.4175824175824,
          368.9010989010989
        ],
        [
          307.25274725274727,
          371.20879120879124
        ],
        [
          301.86813186813185,
          372.6373626373626
        ],
        [
          298.24175824175825,
          372.6373626373626
        ],
        [
          298.9010989010989,
          356.8131868131868
        ]
      ],
      "group_id": null,
      "shape_type": "polygon",
      "flags": {}
    },
    {
      "label": "door",
      "points": [
        [
          274.6719160104987,
          411.5485564304462
        ],
        [
          275.1968503937008,
          394.3569553805774
        ],
        [
          271.5223097112861,
          393.8320209973753
        ],
        [
          264.96062992125985,
          394.750656167979
        ],
        [
          258.26771653543307,
          396.98162729658793
        ],
        [
          254.59317585301838,
          399.4750656167979
        ],
        [
          252.75590551181102,
          401.18110236220474
        ],
        [
          251.0498687664042,
          404.46194225721786
        ],
        [
          248.68766404199474,
          407.6115485564304
        ],
        [
          248.29396325459317,
          409.4488188976378
        ],
        [
          250.13123359580052,
          410.1049868766404
        ],
        [
          253.1496062992126,
          405.90551181102364
        ],
        [
          256.6929133858268,
          400.78740157480314
        ],
        [
          260.8923884514436,
          398.9501312335958
        ],
        [
          265.61679790026244,
          397.3753280839895
        ],
        [
          268.8976377952756,
          396.7191601049869
        ],
        [
          272.8346456692913,
          396.7191601049869
        ],
        [
          272.5721784776903,
          412.0734908136483
        ]
      ],
      "group_id": null,
      "shape_type": "polygon",
      "flags": {}
    },
    {
      "label": "door",
      "points": [
        [
          232.54593175853017,
          408.79265091863516
        ],
        [
          235.8,
          410.9
        ],
        [
          249.3,
          401.4
        ],
        [
          248.3,
          398.8
        ],
        [
          246.0,
          396.7
        ],
        [
          241.9,
          395.3
        ],
        [
          236.9,
          394.6
        ],
        [
          234.8,
          394.6
        ],
        [
          234.8,
          396.5
        ],
        [
          238.2,
          397.3
        ],
        [
          241.9,
          398.0
        ],
        [
          243.8,
          399.5
        ],
        [
          244.6,
          400.5
        ],
        [
          233.7,
          408.2
        ]
      ],
      "group_id": null,
      "shape_type": "polygon",
      "flags": {}
    },
    {
      "label": "door",
      "points": [
        [
          228.32432432432432,
          385.2972972972973
        ],
        [
          201.72972972972974,
          385.0810810810811
        ],
        [
          201.51351351351352,
          382.81081081081084
        ],
        [
          201.94594594594594,
          379.02702702702703
        ],
        [
          204.86486486486487,
          373.94594594594594
        ],
        [
          209.83783783783784,
          370.3783783783784
        ],
        [
          214.05405405405406,
          368.1081081081081
        ],
        [
          217.83783783783784,
          366.9189189189189
        ],
        [
          223.78378378378378,
          365.8378378378378
        ],
        [
          217.72972972972974,
          364.97297297297297
        ],
        [
          214.27027027027026,
          364.1081081081081
        ],
        [
          210.48648648648648,
          362.27027027027026
        ],
        [
          208.1081081081081,
          359.6756756756757
        ],
        [
          205.6,
          357.4
        ],
        [
          204.2,
          356.3
        ],
        [
          202.0,
          351.7
        ],
        [
          201.7,
          347.6
        ],
        [
          202.1,
          345.5
        ],
        [
          229.4,
          345.7
        ],
        [
          229.0,
          347.8
        ],
        [
          205.0,
          348.0
        ],
        [
          205.1,
          349.8
        ],
        [
          206.0,
          352.1
        ],
        [
          208.0,
          354.8
        ],
        [
          210.6,
          358.0
        ],
        [
          213.6,
          359.3
        ],
        [
          217.1,
          361.0
        ],
        [
          220.0,
          362.6
        ],
        [
          222.7,
          363.9
        ],
        [
          225.9,
          364.3
        ],
        [
          230.6,
          364.7
        ],
        [
          230.8,
          365.5
        ],
        [
          230.6,
          366.0
        ],
        [
          225.5,
          366.9
        ],
        [
          221.5,
          368.5
        ],
        [
          216.4,
          370.0
        ],
        [
          212.1,
          372.0
        ],
        [
          208.3,
          375.0
        ],
        [
          205.8,
          377.8
        ],
        [
          205.5,
          382.4
        ],
        [
          227.7,
          382.8
        ]
      ],
      "group_id": null,
      "shape_type": "polygon",
      "flags": {}
    },
    {
      "label": "door",
      "points": [
        [
          78.5,
          192.4
        ],
        [
          52.3,
          192.0
        ],
        [
          52.1,
          195.5
        ],
        [
          52.8,
          199.5
        ],
        [
          55.7,
          202.7
        ],
        [
          59.6,
          205.9
        ],
        [
          63.9,
          209.4
        ],
        [
          67.4,
          211.4
        ],
        [
          70.5,
          212.4
        ],
        [
          73.4,
          212.9
        ],
        [
          78.5,
          213.7
        ],
        [
          78.5,
          211.2
        ],
        [
          72.0,
          209.6
        ],
        [
          67.8,
          208.1
        ],
        [
          63.4,
          205.8
        ],
        [
          58.6,
          201.7
        ],
        [
          56.0,
          198.8
        ],
        [
          55.1,
          194.6
        ],
        [
          78.3,
          194.2
        ],
        [
          78.0,
          193.8
        ]
      ],
      "group_id": null,
      "shape_type": "polygon",
      "flags": {}
    },
    {
      "label": "door",
      "points": [
        [
          339.1826923076923,
          308.5336538461538
        ],
        [
          365.8653846153846,
          308.2932692307692
        ],
        [
          365.7451923076923,
          313.34134615384613
        ],
        [
          362.6,
          319.7
        ],
        [
          356.4,
          324.6
        ],
        [
          351.1,
          327.1
        ],
        [
          348.0,
          328.6
        ],
        [
          345.6,
          328.9
        ],
        [
          339.4,
          329.3
        ],
        [
          339.6,
          327.2
        ],
        [
          343.9,
          326.9
        ],
        [
          349.5,
          325.1
        ],
        [
          354.4,
          322.7
        ],
        [
          358.5,
          320.4
        ],
        [
          360.4,
          318.4
        ],
        [
          361.4,
          316.3
        ],
        [
          362.6,
          311.0
        ],
        [
          339.3,
          311.5
        ]
      ],
      "group_id": null,
      "shape_type": "polygon",
      "flags": {}
    },
    {
      "label": "door",
      "points": [
        [
          328.8,
          297.9
        ],
        [
          327.2,
          299.2
        ],
        [
          315.7,
          290.8
        ],
        [
          317.7,
          289.1
        ],
        [
          322.0,
          287.1
        ],
        [
          325.3,
          286.1
        ],
        [
          328.5,
          286.7
        ],
        [
          329.4,
          288.7
        ],
        [
          326.3,
          288.1
        ],
        [
          323.1,
          288.6
        ],
        [
          319.5,
          290.6
        ]
      ],
      "group_id": null,
      "shape_type": "polygon",
      "flags": {}
    },
    {
      "label": "door",
      "points": [
        [
          489.9109792284866,
          141.98813056379822
        ],
        [
          489.9109792284866,
          144.51038575667656
        ],
        [
          477.29970326409494,
          154.3026706231454
        ],
        [
          481.89910979228483,
          156.52818991097922
        ],
        [
          485.16320474777444,
          157.12166172106825
        ],
        [
          488.7240356083086,
          157.41839762611275
        ],
        [
          488.7240356083086,
          159.49554896142433
        ],
        [
          485.459940652819,
          160.08902077151336
        ],
        [
          482.0474777448071,
          160.08902077151336
        ],
        [
          477.89317507418394,
          157.86350148367953
        ],
        [
          473.1454005934718,
          155.3412462908012
        ],
        [
          472.70029673590506,
          152.9673590504451
        ]
      ],
      "group_id": null,
      "shape_type": "polygon",
      "flags": {}
    }
  ],
  "imagePath": "47542733.jpg",
  "imageData": null,
  "imageHeight": 513,
  "imageWidth": 513
}