{
  "version": "4.5.9",
  "flags": {},
  "shapes": [
    {
      "label": "door",
      "points": [
        [
          173.63530778164926,
          301.3937282229965
        ],
        [
          167.59581881533103,
          301.2775842044135
        ],
        [
          162.25319396051106,
          302.55516840882694
        ],
        [
          157.83972125435542,
          304.5296167247387
        ],
        [
          153.5423925667828,
          307.43321718931475
        ],
        [
          150.05807200929152,
          310.5691056910569
        ],
        [
          147.15447154471545,
          314.05342624854825
        ],
        [
          145.76074332171893,
          317.88617886178866
        ],
        [
          145.18002322880372,
          322.6480836236934
        ],
        [
          145.99303135888502,
          324.39024390243907
        ],
        [
          165.15679442508713,
          324.62253193960515
        ],
        [
          165.15679442508713,
          322.6480836236934
        ],
        [
          147.50290360046458,
          322.6480836236934
        ],
        [
          147.61904761904762,
          319.3960511033682
        ],
        [
          149.01277584204414,
          315.91173054587694
        ],
        [
          151.56794425087108,
          312.4274099883856
        ],
        [
          154.3554006968641,
          309.7560975609756
        ],
        [
          159.23344947735194,
          306.7363530778165
        ],
        [
          165.3890824622532,
          304.6457607433217
        ],
        [
          170.84785133565623,
          303.36817653890824
        ],
        [
          174.33217189314752,
          303.36817653890824
        ]
      ],
      "group_id": null,
      "shape_type": "polygon",
      "flags": {}
    },
    {
      "label": "door",
      "points": [
        [
          182.82548476454295,
          336.8421052631579
        ],
        [
          182.54847645429365,
          356.78670360110806
        ],
        [
          187.95013850415512,
          357.61772853185596
        ],
        [
          193.90581717451525,
          356.50969529085876
        ],
        [
          200.41551246537398,
          353.46260387811634
        ],
        [
          205.95567867036013,
          350.2770083102493
        ],
        [
          209.41828254847647,
          346.53739612188366
        ],
        [
          211.77285318559558,
          342.5207756232687
        ],
        [
          212.32686980609418,
          336.70360110803324
        ],
        [
          209.97229916897507,
          336.8421052631579
        ],
        [
          209.0027700831025,
          340.99722991689754
        ],
        [
          207.06371191135736,
          344.0443213296399
        ],
        [
          203.46260387811634,
          348.06094182825484
        ],
        [
          199.16897506925207,
          350.83102493074796
        ],
        [
          195.42936288088643,
          352.77008310249306
        ],
        [
          191.13573407202216,
          353.8781163434903
        ],
        [
          184.62603878116343,
          354.7091412742382
        ],
        [
          184.7645429362881,
          336.70360110803324
        ]
      ],
      "group_id": null,
      "shape_type": "polygon",
      "flags": {}
    },
    {
      "label": "door",
      "points": [
        [
          119.7,
          241.5
        ],
        [
          119.4,
          220.0
        ],
        [
          123.3,
          219.7
        ],
        [
          128.8,
          220.3
        ],
        [
          134.6,
          221.7
        ],
        [
          140.1,
          224.3
        ],
        [
          144.6,
          228.0
        ],
        [
          148.4,
          232.8
        ],
        [
          150.8,
          237.6
        ],
        [
          151.5,
          241.1
        ],
        [
          148.3,
          241.2
        ],
        [
          148.0,
          238.7
        ],
        [
          146.1,
          233.2
        ],
        [
          142.4,
          229.7
        ],
        [
          138.7,
          226.9
        ],
        [
          133.9,
          224.8
        ],
        [
          131.2,
          223.9
        ],
        [
          122.1,
          222.3
        ],
        [
          121.6,
          222.5
        ],
        [
          122.0,
          241.6
        ]
      ],
      "group_id": null,
      "shape_type": "polygon",
      "flags": {}
    },
    {
      "label": "door",
      "points": [
        [
          173.1,
          234.7
        ],
        [
          167.4,
          234.7
        ],
        [
          162.0,
          233.8
        ],
        [
          157.9,
          232.4
        ],
        [
          153.3,
          229.6
        ],
        [
          149.3,
          226.1
        ],
        [
          146.1,
          222.2
        ],
        [
          144.3,
          218.9
        ],
        [
          142.9,
          214.4
        ],
        [
          142.5,
          211.5
        ],
        [
          173.2,
          211.5
        ],
        [
          173.2,
          213.5
        ],
        [
          145.0,
          213.7
        ],
        [
          146.2,
          217.6
        ],
        [
          148.5,
          221.8
        ],
        [
          152.5,
          225.8
        ],
        [
          159.0,
          229.9
        ],
        [
          166.1,
          231.8
        ],
        [
          173.2,
          232.6
        ]
      ],
      "group_id": null,
      "shape_type": "polygon",
      "flags": {}
    },
    {
      "label": "door",
      "points": [
        [
          212.7,
          202.5
        ],
        [
          209.7,
          202.6
        ],
        [
          209.6,
          183.8
        ],
        [
          205.8,
          183.5
        ],
        [
          201.2,
          184.3
        ],
        [
          196.4,
          186.1
        ],
        [
          191.3,
          189.0
        ],
        [
          188.3,
          191.7
        ],
        [
          185.1,
          196.0
        ],
        [
          184.1,
          198.7
        ],
        [
          183.6,
          203.3
        ],
        [
          180.8,
          202.8
        ],
        [
          181.4,
          198.9
        ],
        [
          183.4,
          193.6
        ],
        [
          186.8,
          189.6
        ],
        [
          190.6,
          186.8
        ],
        [
          194.9,
          184.3
        ],
        [
          200.5,
          182.2
        ],
        [
          206.6,
          180.9
        ],
        [
          212.3,
          180.7
        ]
      ],
      "group_id": null,
      "shape_type": "polygon",
      "flags": {}
    },
    {
      "label": "door",
      "points": [
        [
          267.4,
          337.6
        ],
        [
          267.2,
          314.4
        ],
        [
          262.7,
          314.5
        ],
        [
          255.8,
          315.8
        ],
        [
          249.3,
          318.3
        ],
        [
          241.2,
          323.6
        ],
        [
          236.9,
          330.4
        ],
        [
          235.9,
          336.3
        ],
        [
          237.9,
          336.5
        ],
        [
          238.2,
          332.9
        ],
        [
          240.3,
          329.7
        ],
        [
          242.7,
          326.8
        ],
        [
          246.4,
          323.4
        ],
        [
          250.6,
          320.8
        ],
        [
          255.9,
          318.5
        ],
        [
          260.7,
          317.7
        ],
        [
          265.2,
          317.7
        ],
        [
          265.2,
          337.7
        ]
      ],
      "group_id": null,
      "shape_type": "polygon",
      "flags": {}
    },
    {
      "label": "door",
      "points": [
        [
          280.2,
          267.9
        ],
        [
          280.2,
          269.5
        ],
        [
          310.5,
          269.1
        ],
        [
          310.1,
          264.4
        ],
        [
          307.7,
          258.4
        ],
        [
          304.6,
          255.1
        ],
        [
          299.1,
          250.6
        ],
        [
          295.2,
          248.4
        ],
        [
          291.4,
          247.2
        ],
        [
          285.8,
          246.3
        ],
        [
          280.5,
          245.8
        ],
        [
          280.4,
          247.7
        ],
        [
          285.8,
          248.3
        ],
        [
          290.9,
          249.3
        ],
        [
          296.5,
          251.5
        ],
        [
          300.7,
          255.0
        ],
        [
          304.6,
          259.4
        ],
        [
          307.1,
          263.2
        ],
        [
          307.8,
          266.1
        ],
        [
          307.6,
          267.5
        ]
      ],
      "group_id": null,
      "shape_type": "polygon",
      "flags": {}
    },
    {
      "label": "door",
      "points": [
        [
          280.54945054945057,
          209.7802197802198
        ],
        [
          307.91208791208794,
          209.56043956043956
        ],
        [
          308.35164835164835,
          213.2967032967033
        ],
        [
          307.80219780219784,
          217.36263736263737
        ],
        [
          305.4945054945055,
          221.0989010989011
        ],
        [
          300.989010989011,
          225.27472527472528
        ],
        [
          295.7142857142857,
          228.35164835164835
        ],
        [
          290.7692307692308,
          230.21978021978023
        ],
        [
          286.7032967032967,
          231.2087912087912
        ],
        [
          280.2197802197802,
          231.64835164835165
        ],
        [
          280.2197802197802,
          230.0
        ],
        [
          285.6043956043956,
          229.45054945054946
        ],
        [
          290.2197802197802,
          228.57142857142858
        ],
        [
          295.9340659340659,
          226.26373626373626
        ],
        [
          300.7692307692308,
          222.41758241758242
        ],
        [
          304.2857142857143,
          217.9120879120879
        ],
        [
          305.6043956043956,
          211.42857142857144
        ],
        [
          280.43956043956047,
          211.97802197802199
        ],
        [
          280.54945054945057,
          211.0989010989011
        ]
      ],
      "group_id": null,
      "shape_type": "polygon",
      "flags": {}
    },
    {
      "label": "door",
      "points": [
        [
          148.79773691654879,
          330.55162659123056
        ],
        [
          148.79773691654879,
          332.95615275813293
        ],
        [
          122.63083451202263,
          327.2984441301273
        ],
        [
          122.06506364922205,
          328.28854314002825
        ],
        [
          121.64073550212163,
          330.8345120226308
        ],
        [
          119.66053748231965,
          331.1173974540311
        ],
        [
          119.66053748231965,
          325.6011315417256
        ],
        [
          121.78217821782178,
          324.7524752475247
        ]
      ],
      "group_id": null,
      "shape_type": "polygon",
      "flags": {}
    }
  ],
  "imagePath": "47541857.jpg",
  "imageData": null,
  "imageHeight": 513,
  "imageWidth": 513
}