{
  "version": "4.5.9",
  "flags": {},
  "shapes": [
    {
      "label": "door",
      "points": [
        [
          272.87784679089026,
          229.19254658385094
        ],
        [
          273.08488612836436,
          209.93788819875775
        ],
        [
          270.4,
          209.2
        ],
        [
          266.6,
          209.7
        ],
        [
          260.1,
          210.6
        ],
        [
          255.1,
          212.5
        ],
        [
          249.8,
          214.8
        ],
        [
          246.0,
          217.1
        ],
        [
          242.7,
          220.8
        ],
        [
          240.5,
          224.3
        ],
        [
          239.7,
          228.9
        ],
        [
          242.6,
          229.1
        ],
        [
          242.9,
          225.4
        ],
        [
          246.2,
          220.7
        ],
        [
          249.2,
          218.2
        ],
        [
          255.4,
          214.9
        ],
        [
          260.8,
          213.0
        ],
        [
          267.3,
          212.3
        ],
        [
          269.5,
          212.0
        ],
        [
          269.5,
          229.1
        ]
      ],
      "group_id": null,
      "shape_type": "polygon",
      "flags": {}
    },
    {
      "label": "door",
      "points": [
        [
          284.3886462882096,
          236.35371179039302
        ],
        [
          315.174672489083,
          236.35371179039302
        ],
        [
          314.410480349345,
          240.17467248908298
        ],
        [
          312.3362445414847,
          246.2882096069869
        ],
        [
          308.4061135371179,
          250.10917030567686
        ],
        [
          303.3842794759825,
          253.4934497816594
        ],
        [
          296.6157205240175,
          256.11353711790395
        ],
        [
          292.0305676855895,
          257.4235807860262
        ],
        [
          284.1703056768559,
          257.7510917030568
        ],
        [
          284.3886462882096,
          255.56768558951964
        ],
        [
          289.8471615720524,
          255.13100436681222
        ],
        [
          296.72489082969435,
          253.4934497816594
        ],
        [
          302.07423580786025,
          250.87336244541484
        ],
        [
          305.89519650655023,
          248.471615720524
        ],
        [
          309.1703056768559,
          244.97816593886463
        ],
        [
          311.24454148471614,
          241.3755458515284
        ],
        [
          311.5720524017467,
          238.64628820960698
        ],
        [
          284.3886462882096,
          238.75545851528383
        ]
      ],
      "group_id": null,
      "shape_type": "polygon",
      "flags": {}
    },
    {
      "label": "door",
      "points": [
        [
          283.6890243902439,
          313.8719512195122
        ],
        [
          283.9939024390244,
          316.4634146341463
        ],
        [
          315.0914634146341,
          316.3109756097561
        ],
        [
          315.0914634146341,
          311.890243902439
        ],
        [
          312.9573170731707,
          306.25
        ],
        [
          308.8414634146341,
          302.1341463414634
        ],
        [
          304.2682926829268,
          298.3231707317073
        ],
        [
          297.7134146341463,
          296.0365853658536
        ],
        [
          291.1585365853658,
          294.9695121951219
        ],
        [
          285.5182926829268,
          294.5121951219512
        ],
        [
          285.36585365853654,
          295.73170731707313
        ],
        [
          291.0060975609756,
          296.9512195121951
        ],
        [
          297.4085365853658,
          298.17073170731703
        ],
        [
          301.67682926829264,
          300.4573170731707
        ],
        [
          305.9451219512195,
          303.2012195121951
        ],
        [
          309.4512195121951,
          307.6219512195122
        ],
        [
          311.1280487804878,
          311.5853658536585
        ],
        [
          311.5853658536585,
          313.5670731707317
        ]
      ],
      "group_id": null,
      "shape_type": "polygon",
      "flags": {}
    },
    {
      "label": "door",
      "points": [
        [
          238.31775700934577,
          353.8940809968847
        ],
        [
          238.62928348909657,
          348.5981308411215
        ],
        [
          241.84839044652128,
          344.13291796469366
        ],
        [
          245.79439252336448,
          340.18691588785043
        ],
        [
          251.19418483904462,
          337.07165109034264
        ],
        [
          261.05919003115264,
          333.85254413291796
        ],
        [
          268.0166147455867,
          332.0872274143302
        ],
        [
          272.5856697819314,
          332.29491173416403
        ],
        [
          272.8971962616822,
          354.10176531671857
        ],
        [
          269.5742471443406,
          354.3094496365524
        ],
        [
          269.88577362409137,
          335.4101765316718
        ],
        [
          264.2782969885773,
          335.61786085150567
        ],
        [
          255.8670820353063,
          338.006230529595
        ],
        [
          250.15576323987537,
          340.4984423676012
        ],
        [
          244.96365524402907,
          344.7559709241952
        ],
        [
          241.53686396677048,
          349.221183800623
        ],
        [
          240.3946002076843,
          354.20560747663546
        ]
      ],
      "group_id": null,
      "shape_type": "polygon",
      "flags": {}
    },
    {
      "label": "door",
      "points": [
        [
          185.6,
          354.6
        ],
        [
          185.5,
          371.7
        ],
        [
          189.6,
          372.0
        ],
        [
          197.3,
          371.1
        ],
        [
          203.8,
          368.7
        ],
        [
          208.6,
          365.2
        ],
        [
          212.2,
          361.1
        ],
        [
          213.9,
          354.3
        ],
        [
          210.9,
          354.3
        ],
        [
          210.1,
          358.3
        ],
        [
          207.7,
          362.2
        ],
        [
          204.6,
          364.5
        ],
        [
          200.2,
          367.0
        ],
        [
          196.0,
          368.5
        ],
        [
          192.1,
          369.7
        ],
        [
          187.7,
          369.7
        ],
        [
          187.9,
          354.5
        ]
      ],
      "group_id": null,
      "shape_type": "polygon",
      "flags": {}
    },
    {
      "label": "door",
      "points": [
        [
          169.2729766803841,
          340.4663923182442
        ],
        [
          163.3,
          340.0
        ],
        [
          156.7,
          338.1
        ],
        [
          152.3,
          335.3
        ],
        [
          147.8,
          332.1
        ],
        [
          143.3,
          326.6
        ],
        [
          141.1,
          321.5
        ],
        [
          141.1,
          318.4
        ],
        [
          171.0,
          318.4
        ],
        [
          170.8,
          320.2
        ],
        [
          143.4,
          320.4
        ],
        [
          144.8,
          323.8
        ],
        [
          147.1,
          327.7
        ],
        [
          151.4,
          331.7
        ],
        [
          155.7,
          334.5
        ],
        [
          161.6,
          337.2
        ],
        [
          168.8,
          338.9
        ]
      ],
      "group_id": null,
      "shape_type": "polygon",
      "flags": {}
    },
    {
      "label": "door",
      "points": [
        [
          116.9,
          249.4
        ],
        [
          118.6,
          249.5
        ],
        [
          118.5,
          269.7
        ],
        [
          115.1,
          269.9
        ],
        [
          109.5,
          269.6
        ],
        [
          104.4,
          268.2
        ],
        [
          99.3,
          265.8
        ],
        [
          94.7,
          262.9
        ],
        [
          91.5,
          260.1
        ],
        [
          88.2,
          256.2
        ],
        [
          87.2,
          253.0
        ],
        [
          87.0,
          249.5
        ],
        [
          89.3,
          249.5
        ],
        [
          89.8,
          253.5
        ],
        [
          91.6,
          256.5
        ],
        [
          94.9,
          260.0
        ],
        [
          99.4,
          263.2
        ],
        [
          105.0,
          266.0
        ],
        [
          111.0,
          267.6
        ],
        [
          116.2,
          267.5
        ]
      ],
      "group_id": null,
      "shape_type": "polygon",
      "flags": {}
    }
  ],
  "imagePath": "47541863.jpg",
  "imageData": null,
  "imageHeight": 513,
  "imageWidth": 513
}