{
  "version": "4.5.9",
  "flags": {},
  "shapes": [
    {
      "label": "door",
      "points": [
        [
          146.42857142857142,
          334.9624060150376
        ],
        [
          150.75187969924812,
          334.77443609022555
        ],
        [
          130.82706766917292,
          354.8872180451128
        ],
        [
          135.52631578947367,
          358.2706766917293
        ],
        [
          140.0375939849624,
          360.3383458646616
        ],
        [
          144.92481203007517,
          361.09022556390977
        ],
        [
          146.05263157894737,
          361.4661654135338
        ],
        [
          145.6766917293233,
          363.72180451127815
        ],
        [
          138.53383458646616,
          363.1578947368421
        ],
        [
          134.58646616541353,
          361.2781954887218
        ],
        [
          131.76691729323306,
          359.2105263157895
        ],
        [
          127.25563909774435,
          354.5112781954887
        ]
      ],
      "group_id": null,
      "shape_type": "polygon",
      "flags": {}
    },
    {
      "label": "door",
      "points": [
        [
          197.1,
          363.5
        ],
        [
          196.8,
          366.1
        ],
        [
          177.6,
          348.2
        ],
        [
          174.6,
          352.1
        ],
        [
          172.6,
          356.7
        ],
        [
          170.9,
          362.1
        ],
        [
          168.3,
          362.3
        ],
        [
          169.4,
          359.0
        ],
        [
          171.3,
          354.5
        ],
        [
          173.4,
          349.9
        ],
        [
          176.8,
          345.4
        ],
        [
          177.9,
          345.0
        ]
      ],
      "group_id": null,
      "shape_type": "polygon",
      "flags": {}
    },
    {
      "label": "door",
      "points": [
        [
          284.7394540942928,
          397.7667493796526
        ],
        [
          286.35235732009926,
          400.24813895781637
        ],
        [
          256.4516129032258,
          395.6575682382134
        ],
        [
          256.3275434243176,
          401.1166253101737
        ],
        [
          256.575682382134,
          405.83126550868485
        ],
        [
          257.94044665012404,
          410.4218362282878
        ],
        [
          258.80893300248135,
          413.52357320099253
        ],
        [
          256.4516129032258,
          413.7717121588089
        ],
        [
          255.3349875930521,
          410.7940446650124
        ],
        [
          254.34243176178657,
          406.57568238213395
        ],
        [
          253.84615384615384,
          401.1166253101737
        ],
        [
          254.34243176178657,
          396.15384615384613
        ],
        [
          255.08684863523573,
          392.0595533498759
        ]
      ],
      "group_id": null,
      "shape_type": "polygon",
      "flags": {}
    },
    {
      "label": "door",
      "points": [
        [
          140.14510278113664,
          308.2224909310762
        ],
        [
          136.2756952841596,
          307.8597339782346
        ],
        [
          116.68681983071343,
          288.63361547763003
        ],
        [
          120.19347037484886,
          284.88512696493353
        ],
        [
          127.81136638452237,
          280.16928657799275
        ],
        [
          134.82466747279324,
          278.8391777509069
        ],
        [
          135.55018137847642,
          280.77388149939543
        ],
        [
          128.41596130592504,
          283.07134220072555
        ],
        [
          124.78839177750908,
          285.48972188633616
        ],
        [
          120.67714631197099,
          288.39177750906896
        ]
      ],
      "group_id": null,
      "shape_type": "polygon",
      "flags": {}
    },
    {
      "label": "door",
      "points": [
        [
          182.4858757062147,
          296.271186440678
        ],
        [
          186.4406779661017,
          296.6101694915254
        ],
        [
          204.74576271186442,
          278.98305084745766
        ],
        [
          203.05084745762713,
          275.2542372881356
        ],
        [
          198.4180790960452,
          272.54237288135596
        ],
        [
          192.31638418079098,
          269.8305084745763
        ],
        [
          185.87570621468927,
          268.24858757062145
        ],
        [
          185.53672316384183,
          270.3954802259887
        ],
        [
          190.96045197740114,
          271.864406779661
        ],
        [
          194.91525423728814,
          273.5593220338983
        ],
        [
          199.09604519774012,
          276.045197740113
        ],
        [
          200.9039548022599,
          278.3050847457627
        ]
      ],
      "group_id": null,
      "shape_type": "polygon",
      "flags": {}
    },
    {
      "label": "door",
      "points": [
        [
          146.1005199306759,
          233.7954939341421
        ],
        [
          146.1005199306759,
          237.26169844020797
        ],
        [
          166.72443674176776,
          218.02426343154244
        ],
        [
          168.97746967071055,
          220.9705372616984
        ],
        [
          171.23050259965336,
          226.1698440207972
        ],
        [
          172.790294627383,
          230.8492201039861
        ],
        [
          172.9636048526863,
          233.10225303292893
        ],
        [
          175.56325823223568,
          232.58232235701905
        ],
        [
          175.0433275563258,
          226.8630849220104
        ],
        [
          172.44367417677643,
          221.317157712305
        ],
        [
          168.45753899480067,
          216.11785095320622
        ],
        [
          164.81802426343154,
          214.73136915077987
        ]
      ],
      "group_id": null,
      "shape_type": "polygon",
      "flags": {}
    },
    {
      "label": "door",
      "points": [
        [
          232.40901213171574,
          176.94974003466203
        ],
        [
          232.40901213171574,
          180.0693240901213
        ],
        [
          214.3847487001733,
          197.74696707105718
        ],
        [
          209.87868284228767,
          195.66724436741765
        ],
        [
          206.06585788561523,
          189.948006932409
        ],
        [
          203.11958405545926,
          182.4956672443674
        ],
        [
          203.46620450606585,
          179.896013864818
        ],
        [
          206.23916811091854,
          179.72270363951472
        ],
        [
          206.9324090121317,
          184.05545927209704
        ],
        [
          209.3587521663778,
          190.1213171577123
        ],
        [
          213.17157712305024,
          194.8006932409012
        ]
      ],
      "group_id": null,
      "shape_type": "polygon",
      "flags": {}
    },
    {
      "label": "door",
      "points": [
        [
          148.7001733102253,
          172.27036395147312
        ],
        [
          148.87348353552858,
          175.56325823223568
        ],
        [
          170.01733102253033,
          158.92547660311956
        ],
        [
          171.92374350086655,
          161.52512998266897
        ],
        [
          173.48353552859618,
          165.1646447140381
        ],
        [
          174.35008665511265,
          170.88388214904677
        ],
        [
          175.0433275563258,
          174.52339688041593
        ],
        [
          177.64298093587522,
          174.35008665511265
        ],
        [
          176.94974003466203,
          168.1109185441941
        ],
        [
          175.56325823223568,
          161.0051993067591
        ],
        [
          171.05719237435008,
          155.4592720970537
        ],
        [
          167.9376083188908,
          155.632582322357
        ]
      ],
      "group_id": null,
      "shape_type": "polygon",
      "flags": {}
    },
    {
      "label": "door",
      "points": [
        [
          139.34142114384747,
          166.89774696707104
        ],
        [
          144.02079722703638,
          166.37781629116117
        ],
        [
          162.21837088388213,
          149.74003466204505
        ],
        [
          162.04506065857885,
          146.44714038128248
        ],
        [
          159.27209705372616,
          143.8474870017331
        ],
        [
          155.11265164644712,
          141.2478336221837
        ],
        [
          150.25996533795492,
          139.68804159445406
        ],
        [
          145.06065857885613,
          138.30155979202772
        ],
        [
          143.6741767764298,
          138.30155979202772
        ],
        [
          142.63431542461004,
          140.55459272097053
        ],
        [
          147.66031195840554,
          141.0745233968804
        ],
        [
          152.85961871750433,
          142.80762564991332
        ],
        [
          156.84575389948006,
          145.9272097053726
        ],
        [
          158.75216637781628,
          148.7001733102253
        ]
      ],
      "group_id": null,
      "shape_type": "polygon",
      "flags": {}
    },
    {
      "label": "door",
      "points": [
        [
          152.33968804159443,
          129.98266897746967
        ],
        [
          152.16637781629115,
          133.9688041594454
        ],
        [
          170.88388214904677,
          116.11785095320623
        ],
        [
          172.9636048526863,
          116.9844020797227
        ],
        [
          176.08318890814556,
          121.31715771230502
        ],
        [
          177.8162911611785,
          126.51646447140381
        ],
        [
          179.02946273830153,
          131.1958405545927
        ],
        [
          182.14904679376082,
          131.02253032928942
        ],
        [
          181.28249566724435,
          126.34315424610051
        ],
        [
          178.33622183708837,
          118.02426343154245
        ],
        [
          174.6967071057192,
          111.61178509532061
        ],
        [
          170.3639514731369,
          111.43847487001732
        ]
      ],
      "group_id": null,
      "shape_type": "polygon",
      "flags": {}
    },
    {
      "label": "door",
      "points": [
        [
          219.0641247833622,
          131.36915077989602
        ],
        [
          218.8908145580589,
          133.79549393414212
        ],
        [
          237.95493934142112,
          116.46447140381281
        ],
        [
          240.72790294627382,
          118.89081455805892
        ],
        [
          242.80762564991332,
          121.8370883882149
        ],
        [
          244.36741767764295,
          126.51646447140381
        ],
        [
          245.23396880415942,
          130.50259965337955
        ],
        [
          248.3535528596187,
          130.67590987868283
        ],
        [
          247.66031195840552,
          126.68977469670709
        ],
        [
          245.580589254766,
          119.4107452339688
        ],
        [
          242.46100519930673,
          115.25129982668976
        ],
        [
          237.95493934142112,
          112.13171577123049
        ]
      ],
      "group_id": null,
      "shape_type": "polygon",
      "flags": {}
    },
    {
      "label": "door",
      "points": [
        [
          253.03292894280762,
          139.68804159445406
        ],
        [
          255.4592720970537,
          139.86135181975735
        ],
        [
          275.3899480069324,
          158.2322357019064
        ],
        [
          274.1767764298093,
          161.69844020797225
        ],
        [
          268.630849220104,
          165.1646447140381
        ],
        [
          262.5649913344887,
          167.24436741767764
        ],
        [
          256.84575389948003,
          168.63084922010398
        ],
        [
          256.67244367417675,
          165.33795493934142
        ],
        [
          259.792027729636,
          165.1646447140381
        ],
        [
          264.9913344887348,
          163.77816291161176
        ],
        [
          269.3240901213171,
          162.04506065857885
        ],
        [
          271.9237435008665,
          159.96533795493932
        ]
      ],
      "group_id": null,
      "shape_type": "polygon",
      "flags": {}
    },
    {
      "label": "door",
      "points": [
        [
          235.89743589743588,
          10.256410256410255
        ],
        [
          238.94230769230768,
          10.256410256410255
        ],
        [
          257.8525641025641,
          28.685897435897434
        ],
        [
          256.4102564102564,
          31.89102564102564
        ],
        [
          252.08333333333331,
          35.416666666666664
        ],
        [
          246.31410256410257,
          37.179487179487175
        ],
        [
          238.14102564102564,
          38.94230769230769
        ],
        [
          238.46153846153845,
          36.217948717948715
        ],
        [
          242.94871794871793,
          34.93589743589744
        ],
        [
          247.43589743589743,
          33.333333333333336
        ],
        [
          251.7628205128205,
          31.89102564102564
        ],
        [
          254.8076923076923,
          30.288461538461537
        ]
      ],
      "group_id": null,
      "shape_type": "polygon",
      "flags": {}
    }
  ],
  "imagePath": "47547656.jpg",
  "imageData": null,
  "imageHeight": 513,
  "imageWidth": 513
}