{
  "version": "4.5.9",
  "flags": {},
  "shapes": [
    {
      "label": "door",
      "points": [
        [
          179.85915492957744,
          177.3239436619718
        ],
        [
          179.85915492957744,
          180.28169014084506
        ],
        [
          210.4225352112676,
          180.14084507042253
        ],
        [
          210.28169014084506,
          182.53521126760563
        ],
        [
          208.16901408450704,
          185.49295774647885
        ],
        [
          203.6619718309859,
          188.59154929577463
        ],
        [
          199.43661971830986,
          190.98591549295773
        ],
        [
          194.78873239436618,
          193.09859154929575
        ],
        [
          190.70422535211267,
          194.50704225352112
        ],
        [
          184.36619718309856,
          195.49295774647885
        ],
        [
          180.14084507042253,
          195.77464788732394
        ],
        [
          180.28169014084506,
          198.02816901408448
        ],
        [
          183.6619718309859,
          197.74647887323943
        ],
        [
          188.59154929577463,
          196.90140845070422
        ],
        [
          194.36619718309856,
          196.056338028169
        ],
        [
          200.56338028169012,
          193.6619718309859
        ],
        [
          206.056338028169,
          190.28169014084506
        ],
        [
          210.8450704225352,
          187.3239436619718
        ],
        [
          213.52112676056336,
          184.50704225352112
        ],
        [
          214.22535211267603,
          178.16901408450704
        ],
        [
          214.22535211267603,
          177.18309859154928
        ]
      ],
      "group_id": null,
      "shape_type": "polygon",
      "flags": {}
    },
    {
      "label": "door",
      "points": [
        [
          142.6,
          204.2
        ],
        [
          142.7,
          223.5
        ],
        [
          146.3,
          223.4
        ],
        [
          149.8,
          223.2
        ],
        [
          153.7,
          222.4
        ],
        [
          158.1,
          221.2
        ],
        [
          162.5,
          219.4
        ],
        [
          165.8,
          217.2
        ],
        [
          169.6,
          214.1
        ],
        [
          172.1,
          211.4
        ],
        [
          174.4,
          208.5
        ],
        [
          175.5,
          204.0
        ],
        [
          172.4,
          204.1
        ],
        [
          171.7,
          207.0
        ],
        [
          170.5,
          209.4
        ],
        [
          168.1,
          212.0
        ],
        [
          164.7,
          214.5
        ],
        [
          162.3,
          216.3
        ],
        [
          159.4,
          218.0
        ],
        [
          156.0,
          219.1
        ],
        [
          152.9,
          220.2
        ],
        [
          149.2,
          220.6
        ],
        [
          145.5,
          221.1
        ],
        [
          145.4,
          204.5
        ]
      ],
      "group_id": null,
      "shape_type": "polygon",
      "flags": {}
    }
  ],
  "imagePath": "47546639.jpg",
  "imageData": null,
  "imageHeight": 513,
  "imageWidth": 513
}