{
  "version": "4.5.9",
  "flags": {},
  "shapes": [
    {
      "label": "door",
      "points": [
        [
          71.40845070422534,
          312.67605633802816
        ],
        [
          71.40845070422534,
          324.36619718309856
        ],
        [
          74.36619718309859,
          324.6478873239436
        ],
        [
          77.88732394366197,
          324.22535211267603
        ],
        [
          82.53521126760563,
          322.9577464788732
        ],
        [
          85.91549295774647,
          321.83098591549293
        ],
        [
          89.29577464788731,
          318.8732394366197
        ],
        [
          91.12676056338027,
          315.07042253521126
        ],
        [
          93.2394366197183,
          319.15492957746477
        ],
        [
          97.32394366197182,
          321.2676056338028
        ],
        [
          100.8450704225352,
          323.2394366197183
        ],
        [
          104.92957746478872,
          324.0845070422535
        ],
        [
          109.85915492957746,
          324.6478873239436
        ],
        [
          110.8450704225352,
          324.6478873239436
        ],
        [
          111.40845070422534,
          312.3943661971831
        ],
        [
          108.73239436619717,
          311.83098591549293
        ],
        [
          108.73239436619717,
          322.39436619718305
        ],
        [
          103.80281690140845,
          321.40845070422534
        ],
        [
          99.85915492957746,
          320.0
        ],
        [
          96.61971830985915,
          317.7464788732394
        ],
        [
          94.22535211267605,
          314.92957746478874
        ],
        [
          92.95774647887323,
          311.6901408450704
        ],
        [
          92.53521126760563,
          309.2957746478873
        ],
        [
          89.71830985915493,
          309.01408450704224
        ],
        [
          89.71830985915493,
          311.83098591549293
        ],
        [
          88.30985915492957,
          315.07042253521126
        ],
        [
          86.05633802816901,
          318.0281690140845
        ],
        [
          82.53521126760563,
          320.14084507042253
        ],
        [
          79.57746478873239,
          320.9859154929577
        ],
        [
          74.08450704225352,
          322.53521126760563
        ],
        [
          74.50704225352112,
          312.2535211267605
        ]
      ],
      "group_id": null,
      "shape_type": "polygon",
      "flags": {}
    },
    {
      "label": "door",
      "points": [
        [
          213.4,
          304.6
        ],
        [
          181.5,
          304.2
        ],
        [
          181.1,
          308.2
        ],
        [
          182.3,
          312.5
        ],
        [
          184.3,
          316.6
        ],
        [
          187.2,
          320.5
        ],
        [
          191.4,
          324.1
        ],
        [
          195.8,
          326.5
        ],
        [
          200.4,
          327.8
        ],
        [
          204.8,
          329.1
        ],
        [
          210.0,
          329.7
        ],
        [
          213.0,
          330.0
        ],
        [
          213.1,
          327.5
        ],
        [
          209.0,
          327.2
        ],
        [
          203.2,
          326.3
        ],
        [
          199.0,
          324.9
        ],
        [
          196.6,
          323.6
        ],
        [
          193.9,
          321.9
        ],
        [
          191.2,
          319.8
        ],
        [
          189.0,
          317.5
        ],
        [
          187.2,
          315.0
        ],
        [
          185.7,
          312.3
        ],
        [
          184.7,
          310.2
        ],
        [
          184.6,
          306.8
        ],
        [
          213.8,
          306.8
        ]
      ],
      "group_id": null,
      "shape_type": "polygon",
      "flags": {}
    },
    {
      "label": "door",
      "points": [
        [
          277.45901639344265,
          355.12295081967216
        ],
        [
          274.38524590163934,
          355.12295081967216
        ],
        [
          274.4877049180328,
          335.65573770491807
        ],
        [
          269.9795081967213,
          335.45081967213116
        ],
        [
          264.4467213114754,
          335.96311475409834
        ],
        [
          260.24590163934425,
          336.7827868852459
        ],
        [
          254.8155737704918,
          338.9344262295082
        ],
        [
          250.10245901639345,
          341.39344262295083
        ],
        [
          247.02868852459017,
          343.8524590163934
        ],
        [
          244.15983606557378,
          346.516393442623
        ],
        [
          242.5204918032787,
          350.7172131147541
        ],
        [
          241.5983606557377,
          354.8155737704918
        ],
        [
          239.03688524590166,
          354.71311475409834
        ],
        [
          239.8565573770492,
          349.79508196721315
        ],
        [
          241.90573770491804,
          344.8770491803279
        ],
        [
          246.4139344262295,
          340.47131147540983
        ],
        [
          250.81967213114754,
          337.90983606557376
        ],
        [
          256.1475409836066,
          335.96311475409834
        ],
        [
          262.2950819672131,
          334.32377049180326
        ],
        [
          268.2377049180328,
          333.1967213114754
        ],
        [
          275.2049180327869,
          332.78688524590166
        ],
        [
          277.45901639344265,
          332.8893442622951
        ]
      ],
      "group_id": null,
      "shape_type": "polygon",
      "flags": {}
    },
    {
      "label": "door",
      "points": [
        [
          258.4349593495935,
          283.5365853658537
        ],
        [
          256.4024390243903,
          283.5365853658537
        ],
        [
          256.4024390243903,
          264.4308943089431
        ],
        [
          252.64227642276424,
          264.2276422764228
        ],
        [
          245.9349593495935,
          264.5325203252033
        ],
        [
          240.95528455284554,
          265.5487804878049
        ],
        [
          235.16260162601625,
          267.5813008130081
        ],
        [
          230.89430894308944,
          270.1219512195122
        ],
        [
          227.64227642276424,
          273.0691056910569
        ],
        [
          224.89837398373984,
          276.4227642276423
        ],
        [
          223.57723577235774,
          279.8780487804878
        ],
        [
          223.1707317073171,
          282.520325203252
        ],
        [
          220.32520325203254,
          282.6219512195122
        ],
        [
          220.7317073170732,
          278.9634146341463
        ],
        [
          222.8658536585366,
          273.7804878048781
        ],
        [
          226.4227642276423,
          270.1219512195122
        ],
        [
          230.89430894308944,
          267.3780487804878
        ],
        [
          236.07723577235774,
          265.0406504065041
        ],
        [
          241.76829268292684,
          262.9065040650407
        ],
        [
          247.66260162601625,
          261.890243902439
        ],
        [
          254.26829268292684,
          261.2804878048781
        ],
        [
          258.130081300813,
          261.2804878048781
        ]
      ],
      "group_id": null,
      "shape_type": "polygon",
      "flags": {}
    },
    {
      "label": "door",
      "points": [
        [
          318.25993555316865,
          317.6154672395274
        ],
        [
          316.4339419978518,
          317.6154672395274
        ],
        [
          316.4339419978518,
          304.1890440386681
        ],
        [
          313.3190118152524,
          304.0816326530612
        ],
        [
          308.80773361976367,
          304.83351235230936
        ],
        [
          303.2223415682062,
          306.9817400644468
        ],
        [
          299.0332975295381,
          309.88184747583244
        ],
        [
          296.9924812030075,
          312.67454350161114
        ],
        [
          295.4887218045113,
          316.7561761546724
        ],
        [
          293.7701396348013,
          316.7561761546724
        ],
        [
          294.5220193340494,
          311.92266380236305
        ],
        [
          297.31471535982814,
          308.1632653061224
        ],
        [
          301.28893662728245,
          305.3705692803437
        ],
        [
          305.69280343716434,
          303.43716433941995
        ],
        [
          310.95596133190116,
          302.47046186895807
        ],
        [
          316.3265306122449,
          301.50375939849624
        ],
        [
          317.8302900107411,
          301.50375939849624
        ],
        [
          318.6895810955961,
          301.82599355531687
        ]
      ],
      "group_id": null,
      "shape_type": "polygon",
      "flags": {}
    },
    {
      "label": "door",
      "points": [
        [
          310.8724832214765,
          209.66442953020135
        ],
        [
          307.5167785234899,
          209.53020134228188
        ],
        [
          307.5167785234899,
          190.60402684563758
        ],
        [
          302.8187919463087,
          190.46979865771812
        ],
        [
          296.6442953020134,
          191.00671140939596
        ],
        [
          290.4697986577181,
          192.751677852349
        ],
        [
          285.90604026845637,
          194.63087248322148
        ],
        [
          281.4765100671141,
          197.58389261744966
        ],
        [
          278.12080536912754,
          201.20805369127515
        ],
        [
          275.3020134228188,
          205.50335570469798
        ],
        [
          274.76510067114094,
          210.06711409395973
        ],
        [
          272.6174496644295,
          209.7986577181208
        ],
        [
          272.8859060402684,
          204.83221476510067
        ],
        [
          275.3020134228188,
          199.73154362416108
        ],
        [
          280.80536912751677,
          195.03355704697987
        ],
        [
          287.1140939597315,
          191.40939597315435
        ],
        [
          292.75167785234896,
          189.7986577181208
        ],
        [
          300.4026845637584,
          188.45637583892616
        ],
        [
          306.4429530201342,
          188.05369127516778
        ],
        [
          310.73825503355704,
          188.45637583892616
        ]
      ],
      "group_id": null,
      "shape_type": "polygon",
      "flags": {}
    },
    {
      "label": "door",
      "points": [
        [
          328.79019908116385,
          216.07963246554363
        ],
        [
          335.37519142419603,
          216.53905053598774
        ],
        [
          345.3,
          219.0
        ],
        [
          352.0,
          222.7
        ],
        [
          356.8,
          227.6
        ],
        [
          359.9,
          234.0
        ],
        [
          360.8,
          239.7
        ],
        [
          361.0,
          243.4
        ],
        [
          328.4,
          243.9
        ],
        [
          328.5,
          241.4
        ],
        [
          357.9,
          241.2
        ],
        [
          357.7,
          237.1
        ],
        [
          356.0,
          231.6
        ],
        [
          353.2,
          227.4
        ],
        [
          348.2,
          223.6
        ],
        [
          344.3,
          221.5
        ],
        [
          339.8,
          219.8
        ],
        [
          336.2,
          219.1
        ],
        [
          330.5,
          218.3
        ],
        [
          328.4,
          218.3
        ]
      ],
      "group_id": null,
      "shape_type": "polygon",
      "flags": {}
    },
    {
      "label": "door",
      "points": [
        [
          379.1,
          177.7
        ],
        [
          376.5,
          177.6
        ],
        [
          376.4,
          169.6
        ],
        [
          373.5,
          170.0
        ],
        [
          369.4,
          171.2
        ],
        [
          365.5,
          173.1
        ],
        [
          362.4,
          175.6
        ],
        [
          360.6,
          178.2
        ],
        [
          360.6,
          182.0
        ],
        [
          356.6,
          181.8
        ],
        [
          356.8,
          178.4
        ],
        [
          355.5,
          175.9
        ],
        [
          353.2,
          173.7
        ],
        [
          350.0,
          172.2
        ],
        [
          346.9,
          170.9
        ],
        [
          341.5,
          170.2
        ],
        [
          341.5,
          178.5
        ],
        [
          338.4,
          178.3
        ],
        [
          338.8,
          167.6
        ],
        [
          344.0,
          167.7
        ],
        [
          350.4,
          169.4
        ],
        [
          355.3,
          172.6
        ],
        [
          357.9,
          174.8
        ],
        [
          358.9,
          175.6
        ],
        [
          361.4,
          173.3
        ],
        [
          365.2,
          170.7
        ],
        [
          369.8,
          168.7
        ],
        [
          375.6,
          167.4
        ],
        [
          378.9,
          167.4
        ]
      ],
      "group_id": null,
      "shape_type": "polygon",
      "flags": {}
    }
  ],
  "imagePath": "47541842.jpg",
  "imageData": null,
  "imageHeight": 513,
  "imageWidth": 513
}