{
  "version": "4.5.9",
  "flags": {},
  "shapes": [
    {
      "label": "door",
      "points": [
        [
          7.0,
          353.4
        ],
        [
          7.2,
          356.7
        ],
        [
          43.3,
          356.1
        ],
        [
          43.5,
          352.1
        ],
        [
          42.3,
          344.6
        ],
        [
          41.0,
          338.7
        ],
        [
          37.9,
          331.1
        ],
        [
          34.4,
          324.6
        ],
        [
          29.1,
          318.6
        ],
        [
          24.6,
          314.5
        ],
        [
          18.9,
          311.2
        ],
        [
          12.6,
          309.1
        ],
        [
          7.2,
          308.9
        ],
        [
          7.4,
          311.8
        ],
        [
          11.4,
          312.1
        ],
        [
          15.6,
          312.8
        ],
        [
          19.8,
          314.8
        ],
        [
          23.2,
          317.0
        ],
        [
          27.1,
          320.3
        ],
        [
          29.9,
          324.0
        ],
        [
          32.2,
          327.0
        ],
        [
          34.9,
          331.1
        ],
        [
          37.3,
          335.3
        ],
        [
          39.1,
          342.1
        ],
        [
          40.1,
          347.9
        ],
        [
          40.5,
          353.2
        ],
        [
          40.5,
          353.5
        ]
      ],
      "group_id": null,
      "shape_type": "polygon",
      "flags": {}
    },
    {
      "label": "door",
      "points": [
        [
          107.2,
          307.8
        ],
        [
          107.1,
          310.2
        ],
        [
          112.3,
          310.6
        ],
        [
          115.4,
          310.4
        ],
        [
          122.5,
          308.9
        ],
        [
          128.7,
          305.8
        ],
        [
          136.1,
          300.7
        ],
        [
          141.1,
          294.3
        ],
        [
          144.5,
          287.7
        ],
        [
          146.9,
          281.9
        ],
        [
          148.5,
          275.8
        ],
        [
          149.9,
          270.2
        ],
        [
          149.4,
          263.6
        ],
        [
          148.8,
          262.7
        ],
        [
          106.8,
          262.8
        ],
        [
          107.0,
          265.0
        ],
        [
          147.5,
          265.2
        ],
        [
          147.6,
          269.3
        ],
        [
          146.4,
          277.1
        ],
        [
          143.9,
          283.7
        ],
        [
          141.6,
          288.9
        ],
        [
          139.5,
          292.6
        ],
        [
          136.1,
          296.6
        ],
        [
          131.8,
          300.8
        ],
        [
          127.3,
          304.1
        ],
        [
          123.1,
          306.2
        ],
        [
          118.2,
          307.6
        ],
        [
          112.1,
          307.9
        ]
      ],
      "group_id": null,
      "shape_type": "polygon",
      "flags": {}
    },
    {
      "label": "door",
      "points": [
        [
          309.8,
          243.0
        ],
        [
          269.3,
          243.1
        ],
        [
          269.2,
          239.9
        ],
        [
          269.5,
          233.3
        ],
        [
          272.1,
          223.7
        ],
        [
          275.9,
          215.3
        ],
        [
          282.0,
          207.6
        ],
        [
          288.6,
          201.8
        ],
        [
          298.4,
          197.2
        ],
        [
          304.3,
          196.2
        ],
        [
          310.2,
          196.3
        ],
        [
          310.0,
          198.2
        ],
        [
          304.3,
          198.8
        ],
        [
          298.6,
          200.1
        ],
        [
          292.1,
          202.7
        ],
        [
          287.6,
          205.5
        ],
        [
          283.5,
          209.6
        ],
        [
          279.8,
          214.5
        ],
        [
          276.8,
          218.4
        ],
        [
          274.7,
          223.8
        ],
        [
          272.9,
          228.9
        ],
        [
          271.6,
          234.7
        ],
        [
          271.5,
          240.7
        ],
        [
          310.0,
          240.5
        ]
      ],
      "group_id": null,
      "shape_type": "polygon",
      "flags": {}
    },
    {
      "label": "door",
      "points": [
        [
          309.8083427282976,
          147.80157835400223
        ],
        [
          309.695603156708,
          150.16910935738443
        ],
        [
          345.9977452085682,
          149.71815107102591
        ],
        [
          346.22322435174743,
          146.4487034949267
        ],
        [
          345.9977452085682,
          141.03720405862455
        ],
        [
          344.9830890642615,
          137.0913190529876
        ],
        [
          343.630214205186,
          131.34160090191656
        ],
        [
          341.2626832018038,
          125.14092446448701
        ],
        [
          337.88049605411493,
          119.0529875986471
        ],
        [
          332.8072153325817,
          113.52874859075534
        ],
        [
          327.2829763246899,
          108.79368658399098
        ],
        [
          319.9549041713641,
          104.96054114994362
        ],
        [
          310.1465614430665,
          103.60766629086808
        ],
        [
          310.37204058624576,
          105.97519729425026
        ],
        [
          316.34723788049604,
          106.87711386696729
        ],
        [
          321.8714768883878,
          108.22998872604283
        ],
        [
          326.7192784667418,
          111.61217587373167
        ],
        [
          331.22886133032694,
          115.21984216459977
        ],
        [
          335.2874859075535,
          120.6313416009019
        ],
        [
          339.0078917700112,
          127.17023675310033
        ],
        [
          341.7136414881623,
          132.6944757609921
        ],
        [
          343.2919954904171,
          139.5715896279594
        ],
        [
          343.7429537767756,
          147.80157835400223
        ]
      ],
      "group_id": null,
      "shape_type": "polygon",
      "flags": {}
    },
    {
      "label": "door",
      "points": [
        [
          399.87357774968393,
          188.74841972187104
        ],
        [
          364.22250316055624,
          163.08470290771174
        ],
        [
          366.6245259165613,
          158.65992414664981
        ],
        [
          370.543615676359,
          153.22376738305942
        ],
        [
          376.73830594184574,
          146.77623261694058
        ],
        [
          385.2085967130215,
          141.71934260429836
        ],
        [
          395.448798988622,
          139.69658659924147
        ],
        [
          402.40202275600507,
          139.8230088495575
        ],
        [
          409.102402022756,
          141.5929203539823
        ],
        [
          414.2857142857143,
          145.13274336283186
        ],
        [
          418.4576485461441,
          148.92541087231353
        ],
        [
          417.0670037926675,
          150.56890012642225
        ],
        [
          411.378002528445,
          146.1441213653603
        ],
        [
          406.1946902654867,
          143.61567635903918
        ],
        [
          402.7812895069532,
          142.9835651074589
        ],
        [
          399.24146649810365,
          142.47787610619469
        ],
        [
          395.0695322376738,
          142.35145385587865
        ],
        [
          389.8862199747155,
          143.10998735777497
        ],
        [
          383.94437420986094,
          145.2591656131479
        ],
        [
          378.5082174462705,
          148.67256637168143
        ],
        [
          374.3362831858407,
          152.46523388116307
        ],
        [
          371.1757269279393,
          156.1314791403287
        ],
        [
          367.38305941845766,
          162.4525916561315
        ],
        [
          400.75853350189635,
          186.97850821744626
        ]
      ],
      "group_id": null,
      "shape_type": "polygon",
      "flags": {}
    },
    {
      "label": "door",
      "points": [
        [
          455.2,
          260.0
        ],
        [
          455.5,
          215.2
        ],
        [
          452.2,
          215.0
        ],
        [
          446.0,
          216.1
        ],
        [
          440.9,
          218.8
        ],
        [
          435.9,
          222.9
        ],
        [
          430.7,
          229.3
        ],
        [
          427.0,
          236.2
        ],
        [
          425.1,
          242.1
        ],
        [
          424.5,
          247.6
        ],
        [
          424.4,
          252.5
        ],
        [
          424.1,
          260.4
        ],
        [
          426.7,
          260.4
        ],
        [
          426.7,
          254.7
        ],
        [
          426.8,
          249.5
        ],
        [
          427.5,
          243.2
        ],
        [
          429.1,
          238.1
        ],
        [
          432.5,
          231.0
        ],
        [
          436.8,
          226.1
        ],
        [
          442.8,
          220.8
        ],
        [
          448.6,
          218.0
        ],
        [
          453.5,
          218.3
        ],
        [
          452.9,
          260.3
        ]
      ],
      "group_id": null,
      "shape_type": "polygon",
      "flags": {}
    }
  ],
  "imagePath": "50.jpg",
  "imageData": null,
  "imageHeight": 513,
  "imageWidth": 513
}