{
  "version": "4.5.9",
  "flags": {},
  "shapes": [
    {
      "label": "door",
      "points": [
        [
          282.5,
          507.3
        ],
        [
          282.2,
          476.2
        ],
        [
          278.5,
          476.4
        ],
        [
          273.8,
          477.2
        ],
        [
          268.5,
          479.8
        ],
        [
          263.8,
          482.9
        ],
        [
          260.2,
          486.9
        ],
        [
          258.0,
          491.1
        ],
        [
          256.4,
          496.1
        ],
        [
          255.1,
          491.5
        ],
        [
          253.1,
          487.6
        ],
        [
          250.7,
          484.3
        ],
        [
          247.6,
          481.6
        ],
        [
          240.4,
          477.5
        ],
        [
          235.7,
          476.2
        ],
        [
          231.1,
          476.5
        ],
        [
          230.4,
          506.6
        ],
        [
          233.2,
          506.8
        ],
        [
          233.3,
          478.6
        ],
        [
          236.9,
          478.9
        ],
        [
          241.2,
          480.9
        ],
        [
          246.9,
          484.3
        ],
        [
          250.0,
          488.3
        ],
        [
          252.6,
          492.4
        ],
        [
          254.0,
          496.9
        ],
        [
          255.4,
          501.7
        ],
        [
          255.5,
          502.6
        ],
        [
          257.3,
          502.2
        ],
        [
          257.9,
          498.2
        ],
        [
          259.6,
          493.3
        ],
        [
          262.2,
          488.0
        ],
        [
          266.1,
          484.4
        ],
        [
          271.1,
          481.0
        ],
        [
          274.3,
          479.7
        ],
        [
          279.6,
          478.7
        ],
        [
          279.6,
          507.4
        ]
      ],
      "group_id": null,
      "shape_type": "polygon",
      "flags": {}
    },
    {
      "label": "door",
      "points": [
        [
          149.15966386554624,
          256.19747899159665
        ],
        [
          148.84453781512605,
          257.98319327731093
        ],
        [
          120.27310924369749,
          257.98319327731093
        ],
        [
          120.48319327731093,
          255.46218487394958
        ],
        [
          121.00840336134455,
          250.73529411764707
        ],
        [
          122.47899159663866,
          246.218487394958
        ],
        [
          125.4201680672269,
          241.1764705882353
        ],
        [
          128.57142857142858,
          237.28991596638656
        ],
        [
          133.82352941176472,
          233.2983193277311
        ],
        [
          138.8655462184874,
          231.19747899159665
        ],
        [
          147.1638655462185,
          229.5168067226891
        ],
        [
          147.1638655462185,
          231.82773109243698
        ],
        [
          141.7016806722689,
          232.98319327731093
        ],
        [
          136.76470588235296,
          234.87394957983193
        ],
        [
          132.8781512605042,
          236.86974789915968
        ],
        [
          129.0966386554622,
          240.3361344537815
        ],
        [
          126.26050420168067,
          244.11764705882354
        ],
        [
          123.84453781512606,
          248.73949579831933
        ],
        [
          123.52941176470588,
          251.68067226890759
        ],
        [
          122.79411764705883,
          255.5672268907563
        ]
      ],
      "group_id": null,
      "shape_type": "polygon",
      "flags": {}
    },
    {
      "label": "door",
      "points": [
        [
          195.51724137931032,
          195.51724137931032
        ],
        [
          177.2413793103448,
          195.51724137931032
        ],
        [
          177.35632183908044,
          192.75862068965515
        ],
        [
          178.62068965517238,
          187.35632183908044
        ],
        [
          181.26436781609192,
          182.75862068965515
        ],
        [
          185.40229885057468,
          178.9655172413793
        ],
        [
          189.99999999999997,
          176.66666666666666
        ],
        [
          185.17241379310343,
          174.94252873563215
        ],
        [
          180.4597701149425,
          170.68965517241378
        ],
        [
          178.04597701149424,
          165.97701149425285
        ],
        [
          177.35632183908044,
          159.54022988505744
        ],
        [
          195.63218390804596,
          159.65517241379308
        ],
        [
          195.51724137931032,
          162.18390804597698
        ],
        [
          180.22988505747125,
          162.29885057471262
        ],
        [
          181.03448275862067,
          165.63218390804596
        ],
        [
          183.10344827586204,
          168.62068965517238
        ],
        [
          185.8620689655172,
          171.4942528735632
        ],
        [
          190.57471264367814,
          174.0229885057471
        ],
        [
          195.8620689655172,
          175.8620689655172
        ],
        [
          195.97701149425285,
          178.2758620689655
        ],
        [
          191.60919540229884,
          179.0804597701149
        ],
        [
          187.2413793103448,
          181.37931034482756
        ],
        [
          184.25287356321837,
          183.6781609195402
        ],
        [
          181.60919540229884,
          187.35632183908044
        ],
        [
          179.99999999999997,
          189.77011494252872
        ],
        [
          179.88505747126433,
          192.5287356321839
        ],
        [
          195.63218390804596,
          192.75862068965515
        ]
      ],
      "group_id": null,
      "shape_type": "polygon",
      "flags": {}
    },
    {
      "label": "door",
      "points": [
        [
          14.44321940463065,
          227.12238147739802
        ],
        [
          14.66372657111356,
          196.58213891951488
        ],
        [
          19.735391400220507,
          196.47188533627343
        ],
        [
          27.563395810363836,
          197.68467475192944
        ],
        [
          32.19404630650496,
          200.4410143329658
        ],
        [
          35.942668136714445,
          204.29988974641674
        ],
        [
          39.140022050716645,
          208.71003307607498
        ],
        [
          41.78610804851157,
          213.00992282249172
        ],
        [
          43.439911797133405,
          218.5226019845645
        ],
        [
          44.10143329658214,
          222.71223814773978
        ],
        [
          43.770672546857774,
          226.35060639470782
        ],
        [
          41.56560088202866,
          226.57111356119074
        ],
        [
          41.67585446527012,
          223.15325248070562
        ],
        [
          40.132304299889746,
          216.86879823594265
        ],
        [
          37.59647188533627,
          210.91510474090407
        ],
        [
          34.28886438809261,
          206.28445424476294
        ],
        [
          29.658213891951487,
          201.87431091510473
        ],
        [
          26.019845644983462,
          200.11025358324144
        ],
        [
          19.955898566703418,
          198.67695700110252
        ],
        [
          17.199558985667032,
          198.787210584344
        ],
        [
          17.861080485115767,
          227.45314222712238
        ]
      ],
      "group_id": null,
      "shape_type": "polygon",
      "flags": {}
    },
    {
      "label": "door",
      "points": [
        [
          47.16981132075471,
          107.11175616835993
        ],
        [
          70.10159651669085,
          127.57619738751814
        ],
        [
          74.02031930333817,
          124.09288824383162
        ],
        [
          77.06821480406386,
          115.0943396226415
        ],
        [
          77.6487663280116,
          105.66037735849056
        ],
        [
          76.63280116110305,
          101.1611030478955
        ],
        [
          73.0043541364296,
          94.33962264150942
        ],
        [
          77.6487663280116,
          97.09724238026124
        ],
        [
          82.43831640058055,
          98.54862119013062
        ],
        [
          89.84034833091437,
          98.25834542815674
        ],
        [
          95.53376906318083,
          96.18736383442265
        ],
        [
          100.76252723311548,
          92.48366013071896
        ],
        [
          104.7930283224401,
          89.10675381263617
        ],
        [
          104.57516339869281,
          85.5119825708061
        ],
        [
          102.17864923747277,
          83.55119825708061
        ],
        [
          82.6797385620915,
          67.64705882352942
        ],
        [
          81.04575163398692,
          68.7363834422658
        ],
        [
          102.06971677559913,
          87.4727668845316
        ],
        [
          100.54466230936819,
          89.10675381263617
        ],
        [
          97.1677559912854,
          91.72113289760348
        ],
        [
          94.0087145969499,
          93.68191721132898
        ],
        [
          89.86928104575163,
          94.98910675381264
        ],
        [
          85.62091503267975,
          95.42483660130719
        ],
        [
          81.15468409586057,
          95.31590413943356
        ],
        [
          76.79738562091504,
          94.22657952069717
        ],
        [
          72.00435729847494,
          91.72113289760348
        ],
        [
          68.19172113289761,
          88.56209150326798
        ],
        [
          65.57734204793029,
          89.97821350762527
        ],
        [
          67.75599128540306,
          92.15686274509804
        ],
        [
          70.58823529411765,
          95.75163398692811
        ],
        [
          73.09368191721133,
          100.10893246187364
        ],
        [
          75.16339869281046,
          105.22875816993465
        ],
        [
          75.49019607843138,
          110.02178649237473
        ],
        [
          75.05446623093682,
          113.83442265795208
        ],
        [
          74.18300653594771,
          117.75599128540306
        ],
        [
          70.47930283224402,
          123.8562091503268
        ],
        [
          69.28104575163398,
          123.8562091503268
        ],
        [
          48.692810457516345,
          105.22875816993465
        ]
      ],
      "group_id": null,
      "shape_type": "polygon",
      "flags": {}
    },
    {
      "label": "door",
      "points": [
        [
          465.2338811630847,
          107.71175726927939
        ],
        [
          442.7307206068268,
          127.05436156763591
        ],
        [
          438.9380530973451,
          123.76738305941845
        ],
        [
          437.16814159292034,
          119.46902654867256
        ],
        [
          435.77749683944376,
          114.79140328697851
        ],
        [
          435.6510745891277,
          109.60809102402023
        ],
        [
          435.6510745891277,
          104.93046776232617
        ],
        [
          436.91529709228826,
          101.1378002528445
        ],
        [
          438.4323640960809,
          96.46017699115045
        ],
        [
          434.134007585335,
          97.47155499367888
        ],
        [
          427.307206068268,
          97.59797724399495
        ],
        [
          421.1125158027813,
          96.5865992414665
        ],
        [
          415.7,
          94.5
        ],
        [
          410.3,
          90.3
        ],
        [
          407.8,
          87.7
        ],
        [
          430.7,
          68.5
        ],
        [
          432.5,
          70.2
        ],
        [
          411.9,
          88.3
        ],
        [
          416.5,
          92.0
        ],
        [
          422.0,
          94.4
        ],
        [
          428.4,
          95.6
        ],
        [
          434.8,
          95.1
        ],
        [
          439.3,
          93.5
        ],
        [
          444.5,
          89.8
        ],
        [
          446.8,
          91.8
        ],
        [
          442.9,
          94.7
        ],
        [
          440.5,
          97.5
        ],
        [
          439.2,
          101.0
        ],
        [
          438.4,
          104.8
        ],
        [
          438.2,
          108.9
        ],
        [
          438.6,
          114.2
        ],
        [
          439.5,
          119.1
        ],
        [
          441.7,
          122.3
        ],
        [
          442.5,
          123.2
        ],
        [
          463.0,
          106.1
        ]
      ],
      "group_id": null,
      "shape_type": "polygon",
      "flags": {}
    },
    {
      "label": "door",
      "points": [
        [
          314.3827859569649,
          158.55039637599094
        ],
        [
          314.722536806342,
          161.15515288788222
        ],
        [
          333.63533408833524,
          161.38165345413364
        ],
        [
          332.38958097395243,
          165.5719139297848
        ],
        [
          329.7848244620612,
          169.30917327293318
        ],
        [
          325.93431483578706,
          172.81993204983013
        ],
        [
          319.59229898074744,
          175.65118912797283
        ],
        [
          318.34654586636464,
          176.44394110985277
        ],
        [
          318.5730464326161,
          179.04869762174405
        ],
        [
          322.53680634201584,
          179.61494903737258
        ],
        [
          327.18006795016987,
          181.99320498301245
        ],
        [
          331.1438278595696,
          186.9762174405436
        ],
        [
          333.06908267270666,
          192.5254813137033
        ],
        [
          316.3080407701019,
          192.638731596829
        ],
        [
          316.4212910532276,
          195.13023782559455
        ],
        [
          335.90033975084935,
          195.35673839184597
        ],
        [
          335.5605889014723,
          190.26047565118913
        ],
        [
          333.74858437146094,
          185.16421291053229
        ],
        [
          330.23782559456396,
          180.18120045300114
        ],
        [
          324.80181200453,
          177.68969422423555
        ],
        [
          323.5560588901472,
          177.34994337485844
        ],
        [
          326.0475651189128,
          175.99093997734994
        ],
        [
          331.9365798414496,
          171.57417893544735
        ],
        [
          335.3340883352208,
          165.91166477916195
        ],
        [
          336.3533408833522,
          159.4563986409966
        ],
        [
          336.1268403171008,
          158.77689694224236
        ]
      ],
      "group_id": null,
      "shape_type": "polygon",
      "flags": {}
    },
    {
      "label": "door",
      "points": [
        [
          365.1254953764861,
          256.14266842800527
        ],
        [
          365.5217965653897,
          258.78467635402905
        ],
        [
          392.07397622192866,
          258.5204755614267
        ],
        [
          392.86657859973576,
          254.02906208718625
        ],
        [
          391.8097754293263,
          248.48084544253632
        ],
        [
          388.77146631439894,
          242.80052840158518
        ],
        [
          383.35535006605016,
          236.32760898282694
        ],
        [
          378.0713342140026,
          232.62879788639364
        ],
        [
          370.2774108322325,
          230.38309114927344
        ],
        [
          362.8797886393659,
          229.85468956406868
        ],
        [
          363.1439894319683,
          231.9682959048877
        ],
        [
          368.0317040951123,
          232.36459709379128
        ],
        [
          374.7688243064729,
          234.08190224570671
        ],
        [
          380.18494055482165,
          237.25231175693526
        ],
        [
          383.88375165125495,
          240.68692206076616
        ],
        [
          387.7146631439894,
          246.3672391017173
        ],
        [
          389.4319682959049,
          251.65125495376486
        ],
        [
          389.9603698811096,
          256.0105680317041
        ]
      ],
      "group_id": null,
      "shape_type": "polygon",
      "flags": {}
    },
    {
      "label": "door",
      "points": [
        [
          498.39265212399533,
          226.75086107921928
        ],
        [
          498.39265212399533,
          195.52238805970148
        ],
        [
          495.4075774971297,
          195.29276693455796
        ],
        [
          491.27439724454644,
          196.211251435132
        ],
        [
          484.8450057405281,
          198.50746268656715
        ],
        [
          480.13777267508607,
          201.14810562571753
        ],
        [
          477.1526980482204,
          204.24799081515496
        ],
        [
          473.3639494833524,
          209.87370838117104
        ],
        [
          470.60849598163026,
          215.15499425947186
        ],
        [
          469.4603903559127,
          220.3214695752009
        ],
        [
          469.34557979334096,
          227.2101033295063
        ],
        [
          472.3306544202066,
          227.2101033295063
        ],
        [
          472.1010332950631,
          223.30654420206656
        ],
        [
          473.01951779563717,
          216.41791044776116
        ],
        [
          475.0861079219288,
          211.0218140068886
        ],
        [
          478.30080367393793,
          207.23306544202063
        ],
        [
          482.20436280137767,
          202.98507462686564
        ],
        [
          485.99311136624567,
          200.91848450057404
        ],
        [
          491.1595866819747,
          198.73708381171065
        ],
        [
          495.5223880597014,
          198.16303099885187
        ],
        [
          495.6371986222732,
          226.98048220436277
        ]
      ],
      "group_id": null,
      "shape_type": "polygon",
      "flags": {}
    },
    {
      "label": "door",
      "points": [
        [
          511.2514351320321,
          263.1458094144661
        ],
        [
          481.6303099885189,
          259.01262916188284
        ],
        [
          480.59701492537306,
          263.7198622273249
        ],
        [
          480.9414466130884,
          271.2973593570608
        ],
        [
          483.58208955223876,
          277.6119402985074
        ],
        [
          487.02640642939144,
          281.8599311136624
        ],
        [
          490.9299655568312,
          284.8450057405281
        ],
        [
          496.211251435132,
          287.4856486796785
        ],
        [
          496.211251435132,
          288.40413318025253
        ],
        [
          491.50401836968996,
          288.74856486796784
        ],
        [
          485.76349024110215,
          290.7003444316877
        ],
        [
          480.3673938002296,
          295.5223880597015
        ],
        [
          476.46383467278986,
          301.37772675086103
        ],
        [
          472.9047072330654,
          310.6773823191733
        ],
        [
          499.0815154994259,
          316.5327210103329
        ],
        [
          502.5258323765786,
          316.0734787600459
        ],
        [
          502.98507462686564,
          314.121699196326
        ],
        [
          477.3823191733639,
          308.72560275545345
        ],
        [
          478.9896670493685,
          303.21469575200916
        ],
        [
          481.97474167623415,
          297.7037887485648
        ],
        [
          486.1079219288174,
          293.68541905855335
        ],
        [
          492.88174512055105,
          291.04477611940297
        ],
        [
          500.459242250287,
          289.7818599311136
        ],
        [
          503.5591274397244,
          289.20780711825483
        ],
        [
          503.5591274397244,
          287.83008036739375
        ],
        [
          500.5740528128587,
          287.0264064293915
        ],
        [
          495.06314580941444,
          283.69690011481055
        ],
        [
          491.7336394948335,
          282.08955223880594
        ],
        [
          488.9781859931113,
          279.7933409873708
        ],
        [
          485.4190585533869,
          275.20091848450056
        ],
        [
          483.58208955223876,
          269.34557979334096
        ],
        [
          483.2376578645235,
          262.11251435132027
        ],
        [
          509.98851894374275,
          265.67164179104475
        ]
      ],
      "group_id": null,
      "shape_type": "polygon",
      "flags": {}
    }
  ],
  "imagePath": "52.jpg",
  "imageData": null,
  "imageHeight": 513,
  "imageWidth": 513
}