{
  "version": "4.5.9",
  "flags": {},
  "shapes": [
    {
      "label": "door",
      "points": [
        [
          277.6214833759591,
          481.9693094629156
        ],
        [
          277.36572890025576,
          487.21227621483376
        ],
        [
          246.03580562659846,
          454.3478260869565
        ],
        [
          242.71099744245524,
          456.7774936061381
        ],
        [
          239.64194373401534,
          460.99744245524295
        ],
        [
          236.7007672634271,
          465.47314578005114
        ],
        [
          234.2,
          470.4
        ],
        [
          232.9,
          474.3
        ],
        [
          232.2,
          479.7
        ],
        [
          229.7,
          479.4
        ],
        [
          230.7,
          472.8
        ],
        [
          233.1,
          466.3
        ],
        [
          237.0,
          459.5
        ],
        [
          241.9,
          453.1
        ],
        [
          246.2,
          449.6
        ],
        [
          249.0,
          451.2
        ]
      ],
      "group_id": null,
      "shape_type": "polygon",
      "flags": {}
    },
    {
      "label": "door",
      "points": [
        [
          291.1,
          308.6
        ],
        [
          291.3,
          311.2
        ],
        [
          295.5,
          310.7
        ],
        [
          302.9,
          308.8
        ],
        [
          309.1,
          305.9
        ],
        [
          315.4,
          301.9
        ],
        [
          321.4,
          297.5
        ],
        [
          323.5,
          295.5
        ],
        [
          290.2,
          267.8
        ],
        [
          284.7,
          268.5
        ],
        [
          317.9,
          295.9
        ],
        [
          316.9,
          297.7
        ],
        [
          310.5,
          302.3
        ],
        [
          306.1,
          304.3
        ],
        [
          301.9,
          306.1
        ],
        [
          297.4,
          308.1
        ],
        [
          294.3,
          308.7
        ]
      ],
      "group_id": null,
      "shape_type": "polygon",
      "flags": {}
    },
    {
      "label": "door",
      "points": [
        [
          318.87640449438203,
          251.23595505617976
        ],
        [
          324.9438202247191,
          251.23595505617976
        ],
        [
          356.40449438202245,
          224.9438202247191
        ],
        [
          351.89437428243394,
          219.7474167623421
        ],
        [
          346.84270952927665,
          216.0734787600459
        ],
        [
          340.6429391504018,
          212.74397244546495
        ],
        [
          333.98392652123994,
          210.10332950631457
        ],
        [
          324.4546498277841,
          208.955223880597
        ],
        [
          324.56946039035586,
          210.90700344431684
        ],
        [
          331.22847301951776,
          211.8254879448909
        ],
        [
          338.0022962112514,
          214.12169919632603
        ],
        [
          342.8243398392652,
          217.1067738231917
        ],
        [
          349.82778415614234,
          222.04362801377724
        ],
        [
          351.7795637198622,
          223.88059701492534
        ]
      ],
      "group_id": null,
      "shape_type": "polygon",
      "flags": {}
    },
    {
      "label": "door",
      "points": [
        [
          312.5,
          200.1
        ],
        [
          312.7,
          205.7
        ],
        [
          282.2,
          174.4
        ],
        [
          279.4,
          176.5
        ],
        [
          275.7,
          181.0
        ],
        [
          272.6,
          186.2
        ],
        [
          271.1,
          190.8
        ],
        [
          270.3,
          194.5
        ],
        [
          269.2,
          200.3
        ],
        [
          266.6,
          200.1
        ],
        [
          267.5,
          193.5
        ],
        [
          269.0,
          188.0
        ],
        [
          271.8,
          180.9
        ],
        [
          276.8,
          174.5
        ],
        [
          282.6,
          169.4
        ]
      ],
      "group_id": null,
      "shape_type": "polygon",
      "flags": {}
    }
  ],
  "imagePath": "55.jpg",
  "imageData": null,
  "imageHeight": 513,
  "imageWidth": 513
}