{
  "version": "4.5.9",
  "flags": {},
  "shapes": [
    {
      "label": "door",
      "points": [
        [
          208.6894586894587,
          473.3618233618233
        ],
        [
          211.53846153846152,
          475.64102564102564
        ],
        [
          239.60113960113958,
          428.2051282051282
        ],
        [
          236.75213675213675,
          424.5014245014245
        ],
        [
          231.76638176638176,
          422.2222222222222
        ],
        [
          224.64387464387463,
          419.9430199430199
        ],
        [
          216.66666666666666,
          418.5185185185185
        ],
        [
          208.1196581196581,
          418.0911680911681
        ],
        [
          198.29059829059827,
          418.94586894586894
        ],
        [
          188.88888888888889,
          420.2279202279202
        ],
        [
          179.05982905982904,
          424.074074074074
        ],
        [
          173.1,
          427.3
        ],
        [
          165.9,
          432.1
        ],
        [
          158.4,
          438.6
        ],
        [
          154.4,
          443.8
        ],
        [
          156.5,
          445.3
        ],
        [
          160.9,
          439.9
        ],
        [
          168.8,
          432.9
        ],
        [
          178.4,
          427.2
        ],
        [
          189.0,
          423.3
        ],
        [
          199.7,
          421.4
        ],
        [
          209.0,
          421.3
        ],
        [
          216.6,
          421.6
        ],
        [
          226.5,
          423.8
        ],
        [
          235.5,
          428.0
        ],
        [
          235.7,
          429.7
        ]
      ],
      "group_id": null,
      "shape_type": "polygon",
      "flags": {}
    },
    {
      "label": "door",
      "points": [
        [
          173.94179894179894,
          235.18518518518516
        ],
        [
          173.94179894179894,
          237.69841269841268
        ],
        [
          123.94179894179894,
          237.56613756613754
        ],
        [
          123.94179894179894,
          235.18518518518516
        ],
        [
          124.47089947089947,
          228.7037037037037
        ],
        [
          125.92592592592592,
          222.35449735449734
        ],
        [
          128.7037037037037,
          215.2116402116402
        ],
        [
          134.0,
          206.6
        ],
        [
          140.5,
          199.0
        ],
        [
          148.6,
          193.2
        ],
        [
          158.6,
          188.9
        ],
        [
          167.1,
          186.7
        ],
        [
          173.8,
          186.6
        ],
        [
          173.6,
          188.8
        ],
        [
          171.6,
          188.5
        ],
        [
          166.7,
          188.9
        ],
        [
          162.5,
          190.4
        ],
        [
          157.5,
          192.0
        ],
        [
          153.0,
          193.9
        ],
        [
          147.2,
          197.2
        ],
        [
          142.4,
          200.8
        ],
        [
          138.3,
          205.6
        ],
        [
          134.7,
          210.2
        ],
        [
          132.4,
          214.5
        ],
        [
          129.9,
          219.0
        ],
        [
          127.5,
          226.0
        ],
        [
          126.4,
          229.6
        ],
        [
          126.5,
          234.6
        ],
        [
          126.5,
          235.0
        ]
      ],
      "group_id": null,
      "shape_type": "polygon",
      "flags": {}
    },
    {
      "label": "door",
      "points": [
        [
          299.2,
          223.4
        ],
        [
          300.7,
          224.9
        ],
        [
          341.1,
          191.8
        ],
        [
          339.3,
          188.6
        ],
        [
          335.2,
          185.0
        ],
        [
          329.0,
          180.4
        ],
        [
          323.9,
          177.5
        ],
        [
          314.1,
          173.0
        ],
        [
          303.5,
          171.3
        ],
        [
          289.6,
          171.1
        ],
        [
          281.0,
          172.5
        ],
        [
          275.1,
          174.6
        ],
        [
          268.6,
          177.2
        ],
        [
          263.3,
          181.6
        ],
        [
          264.6,
          183.5
        ],
        [
          268.4,
          181.2
        ],
        [
          272.5,
          179.1
        ],
        [
          280.3,
          176.5
        ],
        [
          286.0,
          174.7
        ],
        [
          294.4,
          174.0
        ],
        [
          305.3,
          174.2
        ],
        [
          312.7,
          175.5
        ],
        [
          319.4,
          178.3
        ],
        [
          326.5,
          181.6
        ],
        [
          332.5,
          185.7
        ],
        [
          337.4,
          191.1
        ],
        [
          337.0,
          192.0
        ]
      ],
      "group_id": null,
      "shape_type": "polygon",
      "flags": {}
    }
  ],
  "imagePath": "57.jpg",
  "imageData": null,
  "imageHeight": 513,
  "imageWidth": 513
}