{
  "version": "4.5.9",
  "flags": {},
  "shapes": [
    {
      "label": "door",
      "points": [
        [
          43.8,
          315.4
        ],
        [
          46.1,
          281.9
        ],
        [
          49.8,
          281.8
        ],
        [
          53.9,
          283.5
        ],
        [
          58.7,
          286.1
        ],
        [
          63.8,
          289.0
        ],
        [
          67.9,
          293.0
        ],
        [
          71.7,
          299.8
        ],
        [
          74.2,
          304.6
        ],
        [
          76.1,
          309.5
        ],
        [
          76.4,
          318.9
        ],
        [
          73.8,
          319.0
        ],
        [
          73.7,
          311.9
        ],
        [
          72.3,
          307.4
        ],
        [
          69.5,
          301.1
        ],
        [
          66.0,
          295.2
        ],
        [
          62.2,
          291.4
        ],
        [
          58.1,
          288.7
        ],
        [
          54.5,
          286.4
        ],
        [
          48.2,
          284.3
        ],
        [
          45.7,
          315.8
        ]
      ],
      "group_id": null,
      "shape_type": "polygon",
      "flags": {}
    },
    {
      "label": "door",
      "points": [
        [
          51.5,
          231.3
        ],
        [
          49.5,
          265.6
        ],
        [
          54.1,
          265.9
        ],
        [
          59.9,
          265.1
        ],
        [
          67.0,
          261.7
        ],
        [
          72.8,
          257.7
        ],
        [
          77.5,
          252.5
        ],
        [
          80.3,
          248.6
        ],
        [
          82.3,
          244.4
        ],
        [
          83.6,
          239.0
        ],
        [
          83.6,
          232.8
        ],
        [
          81.5,
          232.8
        ],
        [
          81.1,
          236.9
        ],
        [
          80.0,
          243.2
        ],
        [
          77.3,
          248.5
        ],
        [
          72.6,
          253.2
        ],
        [
          69.5,
          256.8
        ],
        [
          65.9,
          259.1
        ],
        [
          61.7,
          261.1
        ],
        [
          58.3,
          262.5
        ],
        [
          55.0,
          263.0
        ],
        [
          52.4,
          263.1
        ],
        [
          53.4,
          231.6
        ]
      ],
      "group_id": null,
      "shape_type": "polygon",
      "flags": {}
    },
    {
      "label": "door",
      "points": [
        [
          204.4,
          244.1
        ],
        [
          205.2,
          213.1
        ],
        [
          201.8,
          213.0
        ],
        [
          196.7,
          213.7
        ],
        [
          190.9,
          215.0
        ],
        [
          188.3,
          216.1
        ],
        [
          183.9,
          218.8
        ],
        [
          179.7,
          222.5
        ],
        [
          176.8,
          226.2
        ],
        [
          173.2,
          232.8
        ],
        [
          170.8,
          240.4
        ],
        [
          172.8,
          240.5
        ],
        [
          174.6,
          236.1
        ],
        [
          176.7,
          230.3
        ],
        [
          179.8,
          226.2
        ],
        [
          185.3,
          220.6
        ],
        [
          189.5,
          218.2
        ],
        [
          196.1,
          216.1
        ],
        [
          202.2,
          215.3
        ],
        [
          202.1,
          244.7
        ]
      ],
      "group_id": null,
      "shape_type": "polygon",
      "flags": {}
    },
    {
      "label": "door",
      "points": [
        [
          245.38558786346397,
          131.3527180783818
        ],
        [
          209.86093552465235,
          130.2149178255373
        ],
        [
          209.86093552465235,
          133.50189633375473
        ],
        [
          210.4930467762326,
          137.9266750948167
        ],
        [
          212.89506953223767,
          147.15549936788875
        ],
        [
          217.31984829329963,
          153.22376738305942
        ],
        [
          221.2,
          156.7
        ],
        [
          227.4,
          161.0
        ],
        [
          233.1,
          163.4
        ],
        [
          237.5,
          164.0
        ],
        [
          241.8,
          163.9
        ],
        [
          241.9,
          161.7
        ],
        [
          237.5,
          161.6
        ],
        [
          233.4,
          160.7
        ],
        [
          229.4,
          158.6
        ],
        [
          225.7,
          156.1
        ],
        [
          221.4,
          152.6
        ],
        [
          217.5,
          149.2
        ],
        [
          215.1,
          144.6
        ],
        [
          214.1,
          140.3
        ],
        [
          213.6,
          132.7
        ],
        [
          245.6,
          133.5
        ]
      ],
      "group_id": null,
      "shape_type": "polygon",
      "flags": {}
    },
    {
      "label": "door",
      "points": [
        [
          242.9,
          166.4
        ],
        [
          242.9,
          163.3
        ],
        [
          243.8,
          159.2
        ],
        [
          245.9,
          154.2
        ],
        [
          249.5,
          149.5
        ],
        [
          253.9,
          145.6
        ],
        [
          260.7,
          141.2
        ],
        [
          266.1,
          138.9
        ],
        [
          272.6,
          138.5
        ],
        [
          276.3,
          138.3
        ],
        [
          277.1,
          142.4
        ],
        [
          277.2,
          169.4
        ],
        [
          274.7,
          169.3
        ],
        [
          274.5,
          141.1
        ],
        [
          270.2,
          141.1
        ],
        [
          264.4,
          142.4
        ],
        [
          260.2,
          144.4
        ],
        [
          256.1,
          146.7
        ],
        [
          251.9,
          150.6
        ],
        [
          249.5,
          153.7
        ],
        [
          246.6,
          158.2
        ],
        [
          245.3,
          160.9
        ],
        [
          245.5,
          166.2
        ]
      ],
      "group_id": null,
      "shape_type": "polygon",
      "flags": {}
    },
    {
      "label": "door",
      "points": [
        [
          286.86131386861314,
          213.03441084462983
        ],
        [
          303.4410844629823,
          220.33368091762253
        ],
        [
          304.48383733055266,
          218.56100104275288
        ],
        [
          305.00521376433784,
          214.70281543274245
        ],
        [
          304.5881126173097,
          208.75912408759123
        ],
        [
          303.33680917622524,
          205.00521376433787
        ],
        [
          300.62565172054224,
          201.8769551616267
        ],
        [
          304.6923879040667,
          201.77267987486965
        ],
        [
          309.0719499478624,
          200.62565172054224
        ],
        [
          312.7215849843587,
          197.8102189781022
        ],
        [
          315.7455683003128,
          194.16058394160584
        ],
        [
          315.1199165797706,
          192.4921793534932
        ],
        [
          310.2189781021898,
          189.67674661105318
        ],
        [
          298.1230448383733,
          184.46298227320125
        ],
        [
          297.49739311783105,
          186.86131386861314
        ],
        [
          311.3660062565172,
          194.0563086548488
        ],
        [
          310.11470281543274,
          196.03753910323255
        ],
        [
          307.4035453597497,
          197.8102189781022
        ],
        [
          303.5453597497393,
          198.54014598540147
        ],
        [
          299.89572471324294,
          198.85297184567258
        ],
        [
          295.82898852971846,
          198.85297184567258
        ],
        [
          294.7862356621481,
          201.45985401459853
        ],
        [
          296.7674661105318,
          202.81543274244004
        ],
        [
          299.4786235662148,
          204.69238790406675
        ],
        [
          301.35557872784153,
          208.02919708029196
        ],
        [
          301.9812304483837,
          213.03441084462983
        ],
        [
          302.18978102189783,
          217.3096976016684
        ],
        [
          288.21689259645467,
          210.94890510948906
        ]
      ],
      "group_id": null,
      "shape_type": "polygon",
      "flags": {}
    },
    {
      "label": "door",
      "points": [
        [
          194.94310998735776,
          328.1921618204804
        ],
        [
          192.0353982300885,
          362.83185840707966
        ],
        [
          187.48419721871048,
          361.94690265486724
        ],
        [
          182.17446270543616,
          360.55625790139067
        ],
        [
          176.3590391908976,
          357.1428571428571
        ],
        [
          171.55499367888748,
          353.8558786346397
        ],
        [
          166.49810366624524,
          347.2819216182048
        ],
        [
          163.2111251580278,
          339.94943109987355
        ],
        [
          162.83185840707964,
          334.63969658659926
        ],
        [
          162.57901390644753,
          328.57142857142856
        ],
        [
          162.9582806573957,
          325.2844500632111
        ],
        [
          165.36030341340074,
          326.1694058154235
        ],
        [
          165.61314791403288,
          330.84702907711755
        ],
        [
          165.61314791403288,
          336.03034134007584
        ],
        [
          167.0037926675095,
          341.2136536030341
        ],
        [
          170.0379266750948,
          346.3969658659924
        ],
        [
          173.70417193426042,
          351.95954487989883
        ],
        [
          176.6118836915297,
          354.61441213653603
        ],
        [
          183.31226295828066,
          357.7749683944374
        ],
        [
          185.33501896333755,
          358.4070796460177
        ],
        [
          185.33501896333755,
          358.4070796460177
        ],
        [
          189.50695322376737,
          359.9241466498104
        ],
        [
          192.79393173198483,
          327.81289506953226
        ]
      ],
      "group_id": null,
      "shape_type": "polygon",
      "flags": {}
    },
    {
      "label": "door",
      "points": [
        [
          277.1,
          407.4
        ],
        [
          296.6,
          402.7
        ],
        [
          296.3,
          400.0
        ],
        [
          293.7,
          396.3
        ],
        [
          289.7,
          392.6
        ],
        [
          283.2,
          390.9
        ],
        [
          288.5,
          385.2
        ],
        [
          290.8,
          381.3
        ],
        [
          290.1,
          373.4
        ],
        [
          289.0,
          373.1
        ],
        [
          272.0,
          376.2
        ],
        [
          272.3,
          378.7
        ],
        [
          287.7,
          376.4
        ],
        [
          287.5,
          378.9
        ],
        [
          287.4,
          381.9
        ],
        [
          284.2,
          385.1
        ],
        [
          281.6,
          388.2
        ],
        [
          278.2,
          389.9
        ],
        [
          276.8,
          390.5
        ],
        [
          277.6,
          392.6
        ],
        [
          280.5,
          392.6
        ],
        [
          281.3,
          392.9
        ],
        [
          284.9,
          393.3
        ],
        [
          287.8,
          394.7
        ],
        [
          290.7,
          397.1
        ],
        [
          292.8,
          400.8
        ],
        [
          292.8,
          401.1
        ],
        [
          276.1,
          405.4
        ]
      ],
      "group_id": null,
      "shape_type": "polygon",
      "flags": {}
    },
    {
      "label": "door",
      "points": [
        [
          220.3559510567297,
          415.0166852057842
        ],
        [
          220.13348164627362,
          421.9132369299221
        ],
        [
          221.46829810901,
          428.9210233592881
        ],
        [
          224.24916573971078,
          433.2591768631813
        ],
        [
          228.03114571746383,
          438.3759733036707
        ],
        [
          232.14682981090098,
          442.4916573971079
        ],
        [
          236.37374860956618,
          445.2725250278087
        ],
        [
          242.26918798665184,
          448.2758620689655
        ],
        [
          246.60734149054505,
          448.94327030033367
        ],
        [
          248.9432703003337,
          447.8309232480534
        ],
        [
          252.72525027808675,
          415.0166852057842
        ],
        [
          250.055617352614,
          414.9054505005562
        ],
        [
          246.71857619577307,
          445.9399332591768
        ],
        [
          244.49388209121244,
          445.8286985539488
        ],
        [
          239.37708565072302,
          443.38153503893216
        ],
        [
          235.0389321468298,
          440.15572858731923
        ],
        [
          230.8120133481646,
          436.1512791991101
        ],
        [
          227.03003337041156,
          431.5906562847608
        ],
        [
          224.58286985539488,
          428.36484983314796
        ],
        [
          222.9143492769744,
          424.2491657397108
        ],
        [
          223.13681868743046,
          414.7942157953281
        ]
      ],
      "group_id": null,
      "shape_type": "polygon",
      "flags": {}
    },
    {
      "label": "door",
      "points": [
        [
          214.8,
          449.4
        ],
        [
          180.5,
          447.8
        ],
        [
          180.4,
          442.3
        ],
        [
          181.4,
          437.7
        ],
        [
          183.1,
          432.9
        ],
        [
          186.0,
          429.1
        ],
        [
          190.1,
          425.4
        ],
        [
          192.8,
          422.8
        ],
        [
          198.3,
          419.9
        ],
        [
          203.8,
          418.4
        ],
        [
          208.5,
          417.3
        ],
        [
          213.5,
          417.1
        ],
        [
          218.4,
          417.1
        ],
        [
          218.2,
          418.9
        ],
        [
          214.0,
          419.2
        ],
        [
          209.0,
          419.4
        ],
        [
          204.6,
          420.2
        ],
        [
          199.4,
          422.2
        ],
        [
          193.7,
          425.2
        ],
        [
          190.2,
          428.7
        ],
        [
          186.9,
          431.8
        ],
        [
          184.5,
          436.9
        ],
        [
          183.4,
          441.0
        ],
        [
          183.6,
          445.3
        ],
        [
          215.4,
          447.5
        ]
      ],
      "group_id": null,
      "shape_type": "polygon",
      "flags": {}
    },
    {
      "label": "door",
      "points": [
        [
          265.40600667408233,
          507.0077864293659
        ],
        [
          262.5139043381535,
          507.0077864293659
        ],
        [
          263.51501668520575,
          488.54282536151277
        ],
        [
          261.0678531701891,
          488.32035595105674
        ],
        [
          257.28587319243604,
          489.87764182424917
        ],
        [
          253.72636262513905,
          492.880978865406
        ],
        [
          249.94438264738596,
          496.99666295884316
        ],
        [
          247.60845383759732,
          499.5550611790879
        ],
        [
          246.8298109010011,
          503.78197997775305
        ],
        [
          246.71857619577307,
          506.4516129032258
        ],
        [
          243.49276974416017,
          506.5628476084538
        ],
        [
          244.27141268075638,
          502.2246941045606
        ],
        [
          246.60734149054505,
          496.32925472747496
        ],
        [
          250.50055617352612,
          491.6573971078977
        ],
        [
          255.17241379310343,
          488.09788654060065
        ],
        [
          262.0689655172414,
          485.87319243604003
        ],
        [
          265.96218020022246,
          485.65072302558394
        ]
      ],
      "group_id": null,
      "shape_type": "polygon",
      "flags": {}
    }
  ],
  "imagePath": "62.jpg",
  "imageData": null,
  "imageHeight": 513,
  "imageWidth": 513
}