{
  "version": "4.5.9",
  "flags": {},
  "shapes": [
    {
      "label": "door",
      "points": [
        [
          240.4,
          216.6
        ],
        [
          277.5,
          216.4
        ],
        [
          277.5,
          219.6
        ],
        [
          277.3,
          224.3
        ],
        [
          276.1,
          228.9
        ],
        [
          274.2,
          232.9
        ],
        [
          271.9,
          237.7
        ],
        [
          268.0,
          242.2
        ],
        [
          264.2,
          245.8
        ],
        [
          260.0,
          249.0
        ],
        [
          255.5,
          250.9
        ],
        [
          250.9,
          253.0
        ],
        [
          246.1,
          254.6
        ],
        [
          240.7,
          255.1
        ],
        [
          240.7,
          252.4
        ],
        [
          243.0,
          252.5
        ],
        [
          246.2,
          252.2
        ],
        [
          250.6,
          250.8
        ],
        [
          255.7,
          248.2
        ],
        [
          259.7,
          245.9
        ],
        [
          263.9,
          242.6
        ],
        [
          267.5,
          238.8
        ],
        [
          270.9,
          233.9
        ],
        [
          272.5,
          230.7
        ],
        [
          274.4,
          225.3
        ],
        [
          275.3,
          218.5
        ],
        [
          240.5,
          218.5
        ]
      ],
      "group_id": null,
      "shape_type": "polygon",
      "flags": {}
    },
    {
      "label": "door",
      "points": [
        [
          172.35294117647058,
          317.6470588235294
        ],
        [
          134.9019607843137,
          317.25490196078425
        ],
        [
          135.27054108216433,
          308.41683366733463
        ],
        [
          137.17434869739478,
          303.2064128256513
        ],
        [
          139.57915831663325,
          297.89579158316633
        ],
        [
          142.88577154308618,
          293.48697394789576
        ],
        [
          147.0941883767535,
          289.07815631262525
        ],
        [
          153.4068136272545,
          284.3687374749499
        ],
        [
          160.32064128256513,
          280.7615230460922
        ],
        [
          165.8316633266533,
          278.7575150300601
        ],
        [
          171.6432865731463,
          278.6573146292585
        ],
        [
          171.8436873747495,
          281.4629258517034
        ],
        [
          166.3326653306613,
          281.6633266533066
        ],
        [
          161.92384769539078,
          283.16633266533063
        ],
        [
          156.2124248496994,
          285.77154308617236
        ],
        [
          152.10420841683367,
          288.6773547094188
        ],
        [
          147.3947895791583,
          292.5851703406814
        ],
        [
          144.2885771543086,
          295.89178356713427
        ],
        [
          141.68336673346693,
          299.59919839679355
        ],
        [
          140.08016032064128,
          303.4068136272545
        ],
        [
          138.07615230460922,
          307.51503006012024
        ],
        [
          137.7755511022044,
          314.42885771543087
        ],
        [
          172.54509018036072,
          314.72945891783564
        ]
      ],
      "group_id": null,
      "shape_type": "polygon",
      "flags": {}
    },
    {
      "label": "door",
      "points": [
        [
          225.57377049180326,
          329.72677595628414
        ],
        [
          228.52459016393442,
          329.9453551912568
        ],
        [
          227.10382513661202,
          336.5027322404371
        ],
        [
          224.37158469945354,
          343.06010928961746
        ],
        [
          220.21857923497268,
          349.2896174863388
        ],
        [
          216.50273224043715,
          353.11475409836066
        ],
        [
          210.7103825136612,
          357.59562841530055
        ],
        [
          204.69945355191257,
          361.3114754098361
        ],
        [
          199.4535519125683,
          363.1693989071038
        ],
        [
          194.4262295081967,
          364.04371584699453
        ],
        [
          185.46448087431693,
          364.1530054644809
        ],
        [
          185.3551912568306,
          328.9617486338798
        ],
        [
          188.52459016393442,
          329.07103825136613
        ],
        [
          188.4153005464481,
          361.53005464480873
        ],
        [
          196.28415300546447,
          361.53005464480873
        ],
        [
          200.43715846994536,
          360.21857923497265
        ],
        [
          206.2295081967213,
          357.92349726775956
        ],
        [
          212.89617486338798,
          353.44262295081967
        ],
        [
          218.14207650273224,
          347.9781420765027
        ],
        [
          221.53005464480873,
          342.73224043715845
        ],
        [
          223.7158469945355,
          338.7978142076503
        ],
        [
          225.02732240437157,
          335.08196721311475
        ]
      ],
      "group_id": null,
      "shape_type": "polygon",
      "flags": {}
    },
    {
      "label": "door",
      "points": [
        [
          421.3,
          102.8
        ],
        [
          419.2,
          105.2
        ],
        [
          394.1,
          124.8
        ],
        [
          396.6,
          128.2
        ],
        [
          400.1,
          131.8
        ],
        [
          404.4,
          134.9
        ],
        [
          409.4,
          137.2
        ],
        [
          414.5,
          139.3
        ],
        [
          420.7,
          140.9
        ],
        [
          427.9,
          142.2
        ],
        [
          435.8,
          142.2
        ],
        [
          441.7,
          141.5
        ],
        [
          446.4,
          139.9
        ],
        [
          452.1,
          137.6
        ],
        [
          454.5,
          136.2
        ],
        [
          453.1,
          134.6
        ],
        [
          450.1,
          136.0
        ],
        [
          445.7,
          138.1
        ],
        [
          441.7,
          139.2
        ],
        [
          431.3,
          139.7
        ],
        [
          425.6,
          139.5
        ],
        [
          418.4,
          137.6
        ],
        [
          412.3,
          135.8
        ],
        [
          406.8,
          133.6
        ],
        [
          402.5,
          130.0
        ],
        [
          397.3,
          125.3
        ],
        [
          424.0,
          104.6
        ]
      ],
      "group_id": null,
      "shape_type": "polygon",
      "flags": {}
    },
    {
      "label": "door",
      "points": [
        [
          374.4,
          357.5
        ],
        [
          371.2,
          357.5
        ],
        [
          371.7,
          341.9
        ],
        [
          375.3,
          342.1
        ],
        [
          381.8,
          344.0
        ],
        [
          386.5,
          347.2
        ],
        [
          390.2,
          350.8
        ],
        [
          391.9,
          353.8
        ],
        [
          392.5,
          357.4
        ],
        [
          393.7,
          353.5
        ],
        [
          396.4,
          350.0
        ],
        [
          400.1,
          347.0
        ],
        [
          405.8,
          343.5
        ],
        [
          411.3,
          342.2
        ],
        [
          413.4,
          342.6
        ],
        [
          414.7,
          342.7
        ],
        [
          414.6,
          356.7
        ],
        [
          411.3,
          356.8
        ],
        [
          411.2,
          344.5
        ],
        [
          406.5,
          345.5
        ],
        [
          403.2,
          348.1
        ],
        [
          399.9,
          349.5
        ],
        [
          396.1,
          353.8
        ],
        [
          395.1,
          358.1
        ],
        [
          395.0,
          362.1
        ],
        [
          391.3,
          362.0
        ],
        [
          391.2,
          359.4
        ],
        [
          390.1,
          355.2
        ],
        [
          385.6,
          349.6
        ],
        [
          382.9,
          347.4
        ],
        [
          379.9,
          345.6
        ],
        [
          374.5,
          344.5
        ]
      ],
      "group_id": null,
      "shape_type": "polygon",
      "flags": {}
    }
  ],
  "imagePath": "65.jpg",
  "imageData": null,
  "imageHeight": 513,
  "imageWidth": 513
}