{
  "version": "4.5.9",
  "flags": {},
  "shapes": [
    {
      "label": "door",
      "points": [
        [
          129.16666666666666,
          295.95588235294116
        ],
        [
          121.93627450980392,
          276.8382352941176
        ],
        [
          124.75490196078431,
          275.2450980392157
        ],
        [
          129.90196078431373,
          275.36764705882354
        ],
        [
          138.48039215686273,
          276.8382352941176
        ],
        [
          143.62745098039215,
          280.3921568627451
        ],
        [
          147.54901960784312,
          284.80392156862746
        ],
        [
          150.73529411764704,
          288.3578431372549
        ],
        [
          146.93627450980392,
          289.3382352941176
        ],
        [
          145.09803921568627,
          285.6617647058824
        ],
        [
          140.68627450980392,
          281.8627450980392
        ],
        [
          137.00980392156862,
          280.02450980392155
        ],
        [
          133.33333333333334,
          278.4313725490196
        ],
        [
          125.5,
          278.0
        ],
        [
          131.5,
          295.2
        ]
      ],
      "group_id": null,
      "shape_type": "polygon",
      "flags": {}
    },
    {
      "label": "door",
      "points": [
        [
          171.6,
          281.3
        ],
        [
          164.4,
          281.8
        ],
        [
          158.3,
          280.7
        ],
        [
          153.3,
          277.7
        ],
        [
          148.8,
          273.8
        ],
        [
          145.5,
          268.9
        ],
        [
          143.3,
          264.0
        ],
        [
          143.1,
          256.5
        ],
        [
          170.7,
          256.8
        ],
        [
          170.9,
          259.5
        ],
        [
          145.8,
          259.6
        ],
        [
          146.2,
          263.8
        ],
        [
          149.3,
          269.3
        ],
        [
          152.5,
          273.5
        ],
        [
          157.5,
          276.8
        ],
        [
          160.8,
          278.7
        ],
        [
          165.8,
          279.5
        ],
        [
          171.3,
          279.7
        ]
      ],
      "group_id": null,
      "shape_type": "polygon",
      "flags": {}
    },
    {
      "label": "door",
      "points": [
        [
          172.5,
          255.2
        ],
        [
          172.7,
          278.2
        ],
        [
          175.7,
          278.5
        ],
        [
          179.3,
          278.6
        ],
        [
          183.4,
          277.6
        ],
        [
          188.2,
          276.1
        ],
        [
          191.3,
          273.9
        ],
        [
          193.7,
          271.0
        ],
        [
          197.0,
          266.8
        ],
        [
          198.9,
          263.6
        ],
        [
          200.8,
          258.2
        ],
        [
          198.3,
          257.4
        ],
        [
          196.6,
          262.7
        ],
        [
          193.9,
          267.1
        ],
        [
          190.3,
          271.3
        ],
        [
          188.0,
          273.2
        ],
        [
          185.1,
          274.9
        ],
        [
          179.8,
          276.0
        ],
        [
          175.3,
          276.4
        ],
        [
          175.3,
          255.2
        ]
      ],
      "group_id": null,
      "shape_type": "polygon",
      "flags": {}
    },
    {
      "label": "door",
      "points": [
        [
          220.6,
          363.0
        ],
        [
          215.2,
          361.9
        ],
        [
          207.7,
          359.3
        ],
        [
          195.3,
          353.3
        ],
        [
          194.0,
          356.1
        ],
        [
          193.2,
          360.5
        ],
        [
          193.2,
          366.2
        ],
        [
          195.1,
          372.2
        ],
        [
          198.3,
          377.8
        ],
        [
          202.7,
          383.0
        ],
        [
          211.1,
          387.7
        ],
        [
          212.0,
          385.9
        ],
        [
          207.9,
          383.6
        ],
        [
          204.1,
          380.2
        ],
        [
          201.1,
          376.9
        ],
        [
          198.4,
          373.2
        ],
        [
          196.9,
          367.8
        ],
        [
          196.5,
          361.1
        ],
        [
          197.3,
          357.4
        ],
        [
          205.6,
          362.2
        ],
        [
          213.1,
          364.5
        ],
        [
          220.4,
          365.7
        ]
      ],
      "group_id": null,
      "shape_type": "polygon",
      "flags": {}
    },
    {
      "label": "door",
      "points": [
        [
          222.8,
          396.8
        ],
        [
          219.4,
          421.2
        ],
        [
          224.6,
          421.6
        ],
        [
          231.0,
          420.9
        ],
        [
          238.6,
          417.2
        ],
        [
          244.0,
          413.0
        ],
        [
          247.2,
          408.9
        ],
        [
          248.7,
          404.5
        ],
        [
          249.1,
          400.8
        ],
        [
          246.3,
          400.8
        ],
        [
          245.5,
          403.7
        ],
        [
          243.3,
          408.6
        ],
        [
          241.5,
          411.2
        ],
        [
          238.7,
          413.8
        ],
        [
          234.5,
          416.5
        ],
        [
          230.5,
          417.8
        ],
        [
          227.4,
          418.4
        ],
        [
          222.3,
          418.7
        ],
        [
          225.3,
          397.1
        ]
      ],
      "group_id": null,
      "shape_type": "polygon",
      "flags": {}
    },
    {
      "label": "door",
      "points": [
        [
          254.4759825327511,
          366.70305676855895
        ],
        [
          278.6026200873362,
          366.3755458515284
        ],
        [
          278.82096069868993,
          369.43231441048033
        ],
        [
          278.82096069868993,
          373.471615720524
        ],
        [
          276.6375545851528,
          377.83842794759823
        ],
        [
          274.67248908296943,
          381.33187772925766
        ],
        [
          272.48908296943233,
          384.71615720524017
        ],
        [
          269.43231441048033,
          387.66375545851525
        ],
        [
          265.93886462882097,
          390.0655021834061
        ],
        [
          261.24454148471614,
          391.48471615720524
        ],
        [
          254.4759825327511,
          393.3406113537118
        ],
        [
          253.82096069868996,
          391.0480349344978
        ],
        [
          257.53275109170306,
          390.174672489083
        ],
        [
          260.8078602620087,
          389.1921397379913
        ],
        [
          264.30131004366814,
          387.7729257641921
        ],
        [
          267.1397379912664,
          385.3711790393013
        ],
        [
          270.9606986899563,
          381.87772925764193
        ],
        [
          273.90829694323145,
          377.4017467248908
        ],
        [
          275.87336244541484,
          373.471615720524
        ],
        [
          276.2008733624454,
          368.66812227074234
        ],
        [
          254.25764192139738,
          369.10480349344977
        ]
      ],
      "group_id": null,
      "shape_type": "polygon",
      "flags": {}
    },
    {
      "label": "door",
      "points": [
        [
          315.4,
          301.3
        ],
        [
          330.6,
          275.6
        ],
        [
          333.5,
          276.9
        ],
        [
          337.8,
          281.5
        ],
        [
          342.0,
          287.9
        ],
        [
          344.0,
          296.1
        ],
        [
          344.4,
          304.4
        ],
        [
          342.0,
          309.9
        ],
        [
          338.1,
          312.9
        ],
        [
          338.3,
          310.2
        ],
        [
          340.3,
          306.8
        ],
        [
          341.3,
          303.3
        ],
        [
          341.7,
          296.2
        ],
        [
          340.0,
          289.1
        ],
        [
          338.2,
          285.8
        ],
        [
          331.8,
          279.0
        ],
        [
          318.1,
          302.0
        ]
      ],
      "group_id": null,
      "shape_type": "polygon",
      "flags": {}
    },
    {
      "label": "door",
      "points": [
        [
          204.320987654321,
          177.36625514403292
        ],
        [
          212.24279835390945,
          205.45267489711932
        ],
        [
          216.56378600823044,
          205.1440329218107
        ],
        [
          221.91358024691357,
          202.4691358024691
        ],
        [
          227.67489711934155,
          198.25102880658434
        ],
        [
          231.06995884773661,
          193.72427983539094
        ],
        [
          233.8477366255144,
          189.40329218106996
        ],
        [
          235.90534979423867,
          183.1275720164609
        ],
        [
          236.62551440329216,
          177.57201646090533
        ],
        [
          236.31687242798353,
          170.26748971193413
        ],
        [
          233.9506172839506,
          170.37037037037035
        ],
        [
          234.36213991769546,
          176.5432098765432
        ],
        [
          233.8477366255144,
          182.30452674897117
        ],
        [
          231.5843621399177,
          188.58024691358023
        ],
        [
          229.21810699588477,
          192.38683127572014
        ],
        [
          226.5432098765432,
          195.7818930041152
        ],
        [
          221.91358024691357,
          199.2798353909465
        ],
        [
          214.7119341563786,
          202.36625514403292
        ],
        [
          207.30452674897117,
          176.23456790123456
        ]
      ],
      "group_id": null,
      "shape_type": "polygon",
      "flags": {}
    },
    {
      "label": "door",
      "points": [
        [
          279.38718662952647,
          192.6183844011142
        ],
        [
          294.98607242339835,
          170.1949860724234
        ],
        [
          298.7465181058496,
          172.56267409470752
        ],
        [
          302.5069637883008,
          177.01949860724235
        ],
        [
          307.10306406685237,
          184.81894150417827
        ],
        [
          308.77437325905294,
          191.3649025069638
        ],
        [
          308.07799442896936,
          198.32869080779946
        ],
        [
          305.84958217270196,
          203.62116991643455
        ],
        [
          304.0389972144847,
          202.92479108635098
        ],
        [
          305.57103064066854,
          196.7966573816156
        ],
        [
          305.57103064066854,
          189.69359331476323
        ],
        [
          303.2033426183844,
          182.72980501392757
        ],
        [
          300.41782729805016,
          177.99442896935935
        ],
        [
          296.7966573816156,
          174.6518105849582
        ],
        [
          282.8690807799443,
          194.28969359331478
        ]
      ],
      "group_id": null,
      "shape_type": "polygon",
      "flags": {}
    }
  ],
  "imagePath": "7.jpg",
  "imageData": null,
  "imageHeight": 513,
  "imageWidth": 513
}