{
  "version": "4.5.9",
  "flags": {},
  "shapes": [
    {
      "label": "door",
      "points": [
        [
          79.43037974683544,
          198.73417721518987
        ],
        [
          77.1097046413502,
          198.62869198312237
        ],
        [
          77.32067510548522,
          161.81434599156117
        ],
        [
          84.49367088607595,
          163.0801687763713
        ],
        [
          90.71729957805907,
          165.82278481012656
        ],
        [
          97.36286919831223,
          170.25316455696202
        ],
        [
          102.32067510548522,
          174.47257383966243
        ],
        [
          106.01265822784809,
          179.2194092827004
        ],
        [
          109.17721518987341,
          184.81012658227849
        ],
        [
          112.23628691983122,
          191.45569620253164
        ],
        [
          114.45147679324894,
          197.9957805907173
        ],
        [
          111.70886075949366,
          198.52320675105486
        ],
        [
          109.70464135021096,
          192.51054852320675
        ],
        [
          106.43459915611814,
          185.0210970464135
        ],
        [
          103.37552742616033,
          180.0632911392405
        ],
        [
          97.36286919831223,
          173.83966244725738
        ],
        [
          93.35443037974683,
          171.20253164556962
        ],
        [
          88.08016877637131,
          168.35443037974682
        ],
        [
          79.85232067510549,
          164.45147679324893
        ],
        [
          79.85232067510549,
          197.67932489451476
        ]
      ],
      "group_id": null,
      "shape_type": "polygon",
      "flags": {}
    },
    {
      "label": "door",
      "points": [
        [
          27.718040621266425,
          198.32735961768216
        ],
        [
          27.359617682198323,
          163.32138590203104
        ],
        [
          30.704898446833926,
          162.96296296296293
        ],
        [
          38.351254480286734,
          164.51612903225805
        ],
        [
          45.99761051373954,
          167.38351254480284
        ],
        [
          54.480286738351246,
          172.75985663082434
        ],
        [
          60.09557945041815,
          181.12305854241336
        ],
        [
          64.03823178016725,
          190.68100358422936
        ],
        [
          66.18876941457586,
          198.08841099163678
        ],
        [
          63.91875746714456,
          198.20788530465947
        ],
        [
          60.5,
          189.3
        ],
        [
          57.6,
          182.7
        ],
        [
          54.1,
          177.1
        ],
        [
          50.4,
          173.6
        ],
        [
          46.0,
          170.4
        ],
        [
          41.3,
          168.6
        ],
        [
          30.4,
          166.4
        ],
        [
          29.7,
          198.8
        ]
      ],
      "group_id": null,
      "shape_type": "polygon",
      "flags": {}
    },
    {
      "label": "door",
      "points": [
        [
          265.38461538461536,
          250.96153846153845
        ],
        [
          228.52564102564102,
          251.12179487179486
        ],
        [
          228.3653846153846,
          246.6346153846154
        ],
        [
          231.0897435897436,
          238.62179487179486
        ],
        [
          236.53846153846152,
          230.1282051282051
        ],
        [
          244.23076923076923,
          222.75641025641025
        ],
        [
          252.8846153846154,
          217.4679487179487
        ],
        [
          264.4230769230769,
          214.2628205128205
        ],
        [
          268.75,
          214.4230769230769
        ],
        [
          268.9102564102564,
          216.98717948717947
        ],
        [
          264.1025641025641,
          217.4679487179487
        ],
        [
          256.4102564102564,
          219.39102564102564
        ],
        [
          249.51923076923077,
          222.91666666666666
        ],
        [
          244.23076923076923,
          226.44230769230768
        ],
        [
          238.62179487179486,
          232.05128205128204
        ],
        [
          234.2948717948718,
          238.14102564102564
        ],
        [
          232.37179487179486,
          243.75
        ],
        [
          232.21153846153845,
          248.5576923076923
        ],
        [
          265.7051282051282,
          248.5576923076923
        ]
      ],
      "group_id": null,
      "shape_type": "polygon",
      "flags": {}
    },
    {
      "label": "door",
      "points": [
        [
          316.1178509532062,
          225.47660311958404
        ],
        [
          353.7261698440208,
          225.64991334488732
        ],
        [
          354.07279029462734,
          234.31542461005196
        ],
        [
          352.3396880415944,
          242.28769497400344
        ],
        [
          348.3535528596187,
          247.83362218370883
        ],
        [
          342.28769497400344,
          254.93934142114384
        ],
        [
          334.315424610052,
          260.3119584055459
        ],
        [
          328.42287694974,
          263.60485268630845
        ],
        [
          319.2374350086655,
          263.43154246100517
        ],
        [
          319.4107452339688,
          261.6984402079722
        ],
        [
          326.51646447140376,
          261.1785095320624
        ],
        [
          330.8492201039861,
          258.57885615251297
        ],
        [
          338.474870017331,
          254.93934142114384
        ],
        [
          344.0207972270364,
          248.1802426343154
        ],
        [
          349.3934142114384,
          241.2478336221837
        ],
        [
          351.12651646447136,
          235.18197573656843
        ],
        [
          351.12651646447136,
          227.90294627383014
        ],
        [
          315.9445407279029,
          228.24956672443673
        ]
      ],
      "group_id": null,
      "shape_type": "polygon",
      "flags": {}
    },
    {
      "label": "door",
      "points": [
        [
          160.62992125984252,
          492.28346456692907
        ],
        [
          173.54330708661416,
          454.9606299212598
        ],
        [
          168.81889763779526,
          453.8582677165354
        ],
        [
          161.1023622047244,
          454.015748031496
        ],
        [
          152.91338582677164,
          455.27559055118104
        ],
        [
          143.46456692913384,
          457.3228346456693
        ],
        [
          137.4803149606299,
          460.1574803149606
        ],
        [
          131.0236220472441,
          464.8818897637795
        ],
        [
          124.09448818897637,
          472.59842519685037
        ],
        [
          126.9291338582677,
          474.17322834645665
        ],
        [
          130.86614173228347,
          468.34645669291336
        ],
        [
          136.69291338582676,
          463.62204724409446
        ],
        [
          144.40944881889763,
          459.99999999999994
        ],
        [
          152.1259842519685,
          458.267716535433
        ],
        [
          159.37007874015745,
          456.6929133858267
        ],
        [
          168.66141732283464,
          456.6929133858267
        ],
        [
          169.92125984251967,
          457.1653543307086
        ],
        [
          158.11023622047242,
          490.7086614173228
        ]
      ],
      "group_id": null,
      "shape_type": "polygon",
      "flags": {}
    },
    {
      "label": "door",
      "points": [
        [
          317.4632352941176,
          215.25735294117646
        ],
        [
          354.77941176470586,
          215.62499999999997
        ],
        [
          354.3,
          209.1
        ],
        [
          352.5,
          201.4
        ],
        [
          349.1,
          193.7
        ],
        [
          344.4,
          186.8
        ],
        [
          338.7,
          183.4
        ],
        [
          331.3,
          180.0
        ],
        [
          325.0,
          178.5
        ],
        [
          316.9,
          178.4
        ],
        [
          317.1,
          181.0
        ],
        [
          325.7,
          181.8
        ],
        [
          331.4,
          183.5
        ],
        [
          336.9,
          185.7
        ],
        [
          342.4,
          189.7
        ],
        [
          346.5,
          196.0
        ],
        [
          349.8,
          202.1
        ],
        [
          351.3,
          208.0
        ],
        [
          351.8,
          213.2
        ],
        [
          317.2,
          213.2
        ]
      ],
      "group_id": null,
      "shape_type": "polygon",
      "flags": {}
    },
    {
      "label": "door",
      "points": [
        [
          424.8,
          190.8
        ],
        [
          422.3,
          190.7
        ],
        [
          422.3,
          170.4
        ],
        [
          418.0,
          170.2
        ],
        [
          412.8,
          171.1
        ],
        [
          409.2,
          173.1
        ],
        [
          406.7,
          176.2
        ],
        [
          404.0,
          180.7
        ],
        [
          402.9,
          184.1
        ],
        [
          401.5,
          187.2
        ],
        [
          401.7,
          190.6
        ],
        [
          398.4,
          190.8
        ],
        [
          397.4,
          186.5
        ],
        [
          394.6,
          180.6
        ],
        [
          392.5,
          176.3
        ],
        [
          388.6,
          173.2
        ],
        [
          384.2,
          170.9
        ],
        [
          376.0,
          170.3
        ],
        [
          375.8,
          192.3
        ],
        [
          373.6,
          192.1
        ],
        [
          373.5,
          167.2
        ],
        [
          376.0,
          167.2
        ],
        [
          381.6,
          168.2
        ],
        [
          389.7,
          171.0
        ],
        [
          393.8,
          174.0
        ],
        [
          396.0,
          178.0
        ],
        [
          398.9,
          183.9
        ],
        [
          400.6,
          180.6
        ],
        [
          402.6,
          176.5
        ],
        [
          407.0,
          171.2
        ],
        [
          412.8,
          168.3
        ],
        [
          419.9,
          167.3
        ],
        [
          424.9,
          167.5
        ]
      ],
      "group_id": null,
      "shape_type": "polygon",
      "flags": {}
    },
    {
      "label": "door",
      "points": [
        [
          491.02362204724403,
          218.5826771653543
        ],
        [
          492.59842519685037,
          218.5826771653543
        ],
        [
          492.4409448818897,
          248.03149606299212
        ],
        [
          490.2362204724409,
          248.03149606299212
        ],
        [
          484.1,
          246.8
        ],
        [
          478.9,
          244.1
        ],
        [
          474.1,
          241.1
        ],
        [
          471.4,
          236.7
        ],
        [
          469.4,
          230.3
        ],
        [
          468.3,
          227.3
        ],
        [
          467.7,
          230.7
        ],
        [
          465.1,
          237.1
        ],
        [
          458.8,
          242.6
        ],
        [
          452.9,
          245.6
        ],
        [
          448.2,
          247.3
        ],
        [
          444.8,
          247.3
        ],
        [
          444.5,
          218.7
        ],
        [
          447.2,
          218.8
        ],
        [
          447.6,
          244.6
        ],
        [
          454.6,
          242.1
        ],
        [
          459.5,
          238.7
        ],
        [
          464.5,
          234.1
        ],
        [
          466.3,
          227.0
        ],
        [
          467.7,
          223.6
        ],
        [
          468.7,
          223.4
        ],
        [
          470.5,
          227.0
        ],
        [
          472.1,
          231.6
        ],
        [
          474.2,
          235.9
        ],
        [
          477.0,
          239.6
        ],
        [
          478.9,
          241.2
        ],
        [
          482.9,
          243.2
        ],
        [
          486.3,
          244.4
        ],
        [
          490.7,
          245.2
        ]
      ],
      "group_id": null,
      "shape_type": "polygon",
      "flags": {}
    }
  ],
  "imagePath": "75.jpg",
  "imageData": null,
  "imageHeight": 513,
  "imageWidth": 513
}